case,sweep,n,point_value,detected_seeds,seed_count,detection_rate,status,expected_excess_k,ncg_partial_pressure_kpa,threshold_k
ncg_blanketed,cw,0.0,22.0,40,40,1.0,detected,2.9360250847977802,66.2841796875,0.5988215882849856
ncg_blanketed,cw,0.0,23.0,40,40,1.0,detected,2.8712353574320346,66.2841796875,0.5988215882849856
ncg_blanketed,cw,0.0,24.0,40,40,1.0,detected,2.8082863602149573,66.2841796875,0.5988215882849856
ncg_blanketed,cw,0.0,25.0,40,40,1.0,detected,2.7471181392068615,66.2841796875,0.5988215882849856
ncg_blanketed,cw,0.0,26.0,40,40,1.0,detected,2.6876728209263128,66.2841796875,0.5988215882849856
ncg_blanketed,cw,0.0,27.0,40,40,1.0,detected,2.6298945422877864,66.2841796875,0.5988215882849856
ncg_blanketed,cw,0.0,28.0,40,40,1.0,detected,2.5737293823422362,66.2841796875,0.5988215882849856
ncg_blanketed,cw,0.0,29.0,40,40,1.0,detected,2.519125295837462,66.2841796875,0.5988215882849856
ncg_blanketed,cw,0.0,30.0,40,40,1.0,detected,2.4660320486094136,66.2841796875,0.5988215882849856
ncg_blanketed,cw,0.0,31.0,40,40,1.0,detected,2.414401154807294,66.2841796875,0.5988215882849856
ncg_blanketed,cw,0.0,32.0,40,40,1.0,detected,2.36418581594571,66.2841796875,0.5988215882849856
ncg_blanketed,cw,0.5,22.0,40,40,1.0,detected,2.693638673630595,60.633346280024476,0.5988215882849856
ncg_blanketed,cw,0.5,23.0,40,40,1.0,detected,2.672812915354342,61.55618424577254,0.5988215882849856
ncg_blanketed,cw,0.5,24.0,40,40,1.0,detected,2.6523328590954485,62.48662560182657,0.5988215882849856
ncg_blanketed,cw,0.5,25.0,40,40,1.0,detected,2.632191361960359,63.4246584339965,0.5988215882849856
ncg_blanketed,cw,0.5,26.0,40,40,1.0,detected,2.6123814553225166,64.37027036124012,0.5988215882849856
ncg_blanketed,cw,0.5,27.0,40,40,1.0,detected,2.5928963401297835,65.32344854316617,0.5988215882849856
ncg_blanketed,cw,0.5,28.0,40,40,1.0,detected,2.5737293823422434,66.2841796875,0.5988215882849856
ncg_blanketed,cw,0.5,29.0,40,40,1.0,detected,2.554874108496442,67.25245005750931,0.5988215882849856
ncg_blanketed,cw,0.5,30.0,40,40,1.0,detected,2.5363242013943506,68.22824547939032,0.5988215882849856
ncg_blanketed,cw,0.5,31.0,40,40,1.0,detected,2.518073495911757,69.21155134961086,0.5988215882849856
ncg_blanketed,cw,0.5,32.0,40,40,1.0,detected,2.500115974925329,70.2023526422102,0.5988215882849856
ncg_blanketed,cw,1.0,22.0,40,40,1.0,detected,2.4700312528236203,55.449188793923156,0.5988215882849856
ncg_blanketed,cw,1.0,23.0,40,40,1.0,detected,2.487164889052103,57.152628161174725,0.5988215882849856
ncg_blanketed,cw,1.0,24.0,40,40,1.0,detected,2.504358272118022,58.89619558090541,0.5988215882849856
ncg_blanketed,cw,1.0,25.0,40,40,1.0,detected,2.5216114075001315,60.68051053943836,0.5988215882849856
ncg_blanketed,cw,1.0,26.0,40,40,1.0,detected,2.5389243006779587,62.50619550016223,0.5988215882849856
ncg_blanketed,cw,1.0,27.0,40,40,1.0,detected,2.5562969571316643,64.37387582365803,0.5988215882849856
ncg_blanketed,cw,1.0,28.0,40,40,1.0,detected,2.5737293823422007,66.28417968749989,0.5988215882849856
ncg_blanketed,cw,1.0,29.0,40,40,1.0,detected,2.5912215817910464,68.2377380057641,0.5988215882849856
ncg_blanketed,cw,1.0,30.0,40,40,1.0,detected,2.608773560960614,70.23518434827481,0.5988215882849856
ncg_blanketed,cw,1.0,31.0,40,40,1.0,detected,2.626385325333686,72.27715485961882,0.5988215882849856
ncg_blanketed,cw,1.0,32.0,40,40,1.0,detected,2.6440568803941744,74.36428817795887,0.5988215882849856
ncg_blanketed,cw,1.5,22.0,40,40,1.0,detected,2.2639632612317655,50.69612190348656,0.5988215882849856
ncg_blanketed,cw,1.5,23.0,40,40,1.0,detected,2.3136083583209768,53.05336440208105,0.5988215882849856
ncg_blanketed,cw,1.5,24.0,40,40,1.0,detected,2.3640372451277294,55.502988266257866,0.5988215882849856
ncg_blanketed,cw,1.5,25.0,40,40,1.0,detected,2.415256858908144,58.04788851877633,0.5988215882849856
ncg_blanketed,cw,1.5,26.0,40,40,1.0,detected,2.4672741335776927,60.69102534166942,0.5988215882849856
ncg_blanketed,cw,1.5,27.0,40,40,1.0,detected,2.5200959993429137,63.435424821489974,0.5988215882849856
ncg_blanketed,cw,1.5,28.0,40,40,1.0,detected,2.573729382342208,66.28417968749983,0.5988215882849856
ncg_blanketed,cw,1.5,29.0,40,40,1.0,detected,2.6281812042932273,69.24045004252636,0.5988215882849856
ncg_blanketed,cw,1.5,30.0,40,40,1.0,detected,2.683458382149915,72.30746408621675,0.5988215882849856
ncg_blanketed,cw,1.5,31.0,40,40,1.0,detected,2.739567827766564,75.48851883042222,0.5988215882849856
ncg_blanketed,cw,1.5,32.0,40,40,1.0,detected,2.7965164475707667,78.78698080645218,0.5988215882849856
ncg_blanketed,cw,2.0,22.0,40,40,1.0,detected,2.074239647818292,46.340719902564274,0.5988215882849856
ncg_blanketed,cw,2.0,23.0,40,40,1.0,detected,2.1514764133461846,49.23916317214356,0.5988215882849856
ncg_blanketed,cw,2.0,24.0,40,40,1.0,detected,2.2310477683519743,52.29739786096196,0.5988215882849856
ncg_blanketed,cw,2.0,25.0,40,40,1.0,detected,2.3130057545749025,55.52299541982911,0.5988215882849856
ncg_blanketed,cw,2.0,26.0,40,40,1.0,detected,2.3974030465437473,58.92382370711587,0.5988215882849856
ncg_blanketed,cw,2.0,27.0,40,40,1.0,detected,2.4842929470447643,62.50805591778623,0.5988215882849856
ncg_blanketed,cw,2.0,28.0,40,40,1.0,detected,2.573729382342229,66.28417968749976,0.5988215882849856
ncg_blanketed,cw,2.0,29.0,40,40,1.0,detected,2.6657668971546187,70.26100637267328,0.5988215882849856
ncg_blanketed,cw,2.0,30.0,40,40,1.0,detected,2.760460649393494,74.44768050734122,0.5988215882849856
ncg_blanketed,cw,2.0,31.0,40,40,1.0,detected,2.857866404668691,78.85368943760692,0.5988215882849856
ncg_blanketed,cw,2.0,32.0,40,40,1.0,detected,2.9580405305681907,83.48887313443745,0.5988215882849856
ncg_blanketed,cw,2.5,22.0,40,40,1.0,detected,1.8997151754042285,42.35168872970516,0.5988215882849856
ncg_blanketed,cw,2.5,23.0,40,40,1.0,detected,2.0001210396695015,45.691722895755916,0.5988215882849856
ncg_blanketed,cw,2.5,24.0,40,40,1.0,detected,2.1050724608266798,49.270128338006586,0.5988215882849856
ncg_blanketed,cw,2.5,25.0,40,40,1.0,detected,2.2147360084413563,53.10209204326947,0.5988215882849856
ncg_blanketed,cw,2.5,26.0,40,40,1.0,detected,2.329282525149207,57.20364975590351,0.5988215882849856
ncg_blanketed,cw,2.5,27.0,40,40,1.0,detected,2.448887157298593,61.59172665973288,0.5988215882849856
ncg_blanketed,cw,2.5,28.0,40,40,1.0,detected,2.5737293823422007,66.28417968749942,0.5988215882849856
ncg_blanketed,cw,2.5,29.0,40,40,1.0,detected,2.7039930328605166,71.29984151091442,0.5988215882849856
ncg_blanketed,cw,2.5,30.0,40,40,1.0,detected,2.8398663171106477,76.65856626581036,0.5988215882849856
ncg_blanketed,cw,2.5,31.0,40,40,1.0,detected,2.9815418360006873,82.3812770683591,0.5988215882849856
ncg_blanketed,cw,2.5,32.0,40,40,1.0,detected,3.1292165963970646,88.4900153798091,0.5988215882849856
ncg_blanketed,cw,3.0,22.0,40,40,1.0,detected,1.7392981819717157,38.6998164676073,0.5988215882849856
ncg_blanketed,cw,3.0,23.0,40,40,1.0,detected,1.8589154195327566,42.39367109694009,0.5988215882849856
ncg_blanketed,cw,3.0,24.0,40,40,1.0,detected,1.9857996831855864,46.4122040377836,0.5988215882849856
ncg_blanketed,cw,3.0,25.0,40,40,1.0,detected,2.1203257975487304,50.78150332505573,0.5988215882849856
ncg_blanketed,cw,3.0,26.0,40,40,1.0,detected,2.262883522862513,55.52955966054499,0.5988215882849856
ncg_blanketed,cw,3.0,27.0,40,40,1.0,detected,2.4138778665726974,60.68639183926833,0.5988215882849856
ncg_blanketed,cw,3.0,28.0,40,40,1.0,detected,2.573729382342229,66.28417968749929,0.5988215882849856
ncg_blanketed,cw,3.0,29.0,40,40,1.0,detected,2.742874455011112,72.3574049316804,0.5988215882849856
ncg_blanketed,cw,3.0,30.0,40,40,1.0,detected,2.9217655700250376,78.94300044029737,0.5988215882849856
ncg_blanketed,cw,3.0,31.0,40,40,1.0,detected,3.11087156584378,86.08050830485199,0.5988215882849856
ncg_blanketed,cw,3.0,32.0,40,40,1.0,detected,3.3106778678675823,93.81224725148351,0.5988215882849856
ncg_blanketed,cw,3.5,22.0,40,40,1.0,detected,1.59195299692772,35.35790695654571,0.5988215882849856
ncg_blanketed,cw,3.5,23.0,40,40,1.0,detected,1.727255701606282,39.32855666578797,0.5988215882849856
ncg_blanketed,cw,3.5,24.0,40,40,1.0,detected,1.872924487272897,43.71497698655693,0.5988215882849856
ncg_blanketed,cw,3.5,25.0,40,40,1.0,detected,2.0296539170367325,48.55762391509037,0.5988215882849856
ncg_blanketed,cw,3.5,26.0,40,40,1.0,detected,2.1981765334456718,53.900608200898155,0.5988215882849856
ncg_blanketed,cw,3.5,27.0,40,40,1.0,detected,2.3792641934402354,59.79200357285131,0.5988215882849856
ncg_blanketed,cw,3.5,28.0,40,40,1.0,detected,2.573729382342222,66.2841796875,0.5988215882849856
ncg_blanketed,cw,3.5,29.0,40,40,1.0,detected,2.7824264992011507,73.43416175605441,0.5988215882849856
ncg_blanketed,cw,3.5,30.0,40,40,1.0,detected,3.006253105414693,81.30401896552357,0.5988215882849856
ncg_blanketed,cw,3.5,31.0,40,40,1.0,detected,3.2461511281919186,89.96128398180261,0.5988215882849856
ncg_blanketed,cw,3.5,32.0,40,40,1.0,detected,3.503108010163267,99.47940600912627,0.5988215882849856
ncg_blanketed,cw,4.0,22.0,40,40,1.0,detected,1.4567012077302302,32.30070065949116,0.5988215882849856
ncg_blanketed,cw,4.0,23.0,40,40,1.0,detected,1.60456229367486,36.480834919795036,0.5988215882849856
ncg_blanketed,cw,4.0,24.0,40,40,1.0,detected,1.766149412419395,41.17013126855126,0.5988215882849856
ncg_blanketed,cw,4.0,25.0,40,40,1.0,detected,1.942600103060073,46.42692299012499,0.5988215882849856
ncg_blanketed,cw,4.0,26.0,40,40,1.0,detected,2.135131660759331,52.31585027636319,0.5988215882849856
ncg_blanketed,cw,4.0,27.0,40,40,1.0,detected,2.34504514134143,58.90851138215176,0.5988215882849856
ncg_blanketed,cw,4.0,28.0,40,40,1.0,detected,2.573729382342229,66.2841796875,0.5988215882849856
ncg_blanketed,cw,4.0,29.0,40,40,1.0,detected,2.822665015068793,74.53059347827099,0.5988215882849856
ncg_blanketed,cw,4.0,30.0,40,40,1.0,detected,3.0934284395528238,83.7448260013988,0.5988215882849856
ncg_blanketed,cw,4.0,31.0,40,40,1.0,detected,3.387695731755116,94.03424417898833,0.5988215882849856
ncg_blanketed,cw,4.0,32.0,40,40,1.0,detected,3.7072464501129687,105.51756528866298,0.5988215882849856
ncg_blanketed,cw,4.5,22.0,40,40,1.0,detected,1.3326219634286502,29.504786389374647,0.5988215882849856
ncg_blanketed,cw,4.5,23.0,40,40,1.0,detected,1.4902807333357586,33.835846760506364,0.5988215882849856
ncg_blanketed,cw,4.5,24.0,40,40,1.0,detected,1.665185139174291,38.76968477849165,0.5988215882849856
ncg_blanketed,cw,4.5,25.0,40,40,1.0,detected,1.859045324370726,44.3859483421158,0.5988215882849856
ncg_blanketed,cw,4.5,26.0,40,40,1.0,detected,2.073718685850313,50.774342335378705,0.5988215882849856
ncg_blanketed,cw,4.5,27.0,40,40,1.0,detected,2.3112196014061155,58.03586227552044,0.5988215882849856
ncg_blanketed,cw,4.5,28.0,40,40,1.0,detected,2.573729382342229,66.2841796875,0.5988215882849856
ncg_blanketed,cw,4.5,29.0,40,40,1.0,detected,2.8636063895971446,75.64719873458115,0.5988215882849856
ncg_blanketed,cw,4.5,30.0,40,40,1.0,detected,3.1833962408734138,86.2688063417803,0.5988215882849856
ncg_blanketed,cw,4.5,31.0,40,40,1.0,detected,3.5358420256359224,98.31084115376532,0.5988215882849856
ncg_blanketed,cw,4.5,32.0,40,40,1.0,detected,3.9238944346417313,111.95531023053442,0.5988215882849856
ncg_blanketed,cw,5.0,22.0,40,40,1.0,detected,1.218851488170266,26.948506985495957,0.5988215882849856
ncg_blanketed,cw,5.0,23.0,40,40,1.0,detected,1.3838821906088477,31.379793106905197,0.5988215882849856
ncg_blanketed,cw,5.0,24.0,40,40,1.0,detected,1.569751011850908,36.50598867035806,0.5988215882849856
ncg_blanketed,cw,5.0,25.0,40,40,1.0,detected,1.7788720435450784,42.43132978550655,0.5988215882849856
ncg_blanketed,cw,5.0,26.0,40,40,1.0,detected,2.0139071312260164,49.27514372205521,0.5988215882849856
ncg_blanketed,cw,5.0,27.0,40,40,1.0,detected,2.2777863553281463,57.17400083008111,0.5988215882849856
ncg_blanketed,cw,5.0,28.0,40,40,1.0,detected,2.573729382342229,66.2841796875,0.5988215882849856
ncg_blanketed,cw,5.0,29.0,40,40,1.0,detected,2.9052675717512244,76.78449411742376,0.5988215882849856
ncg_blanketed,cw,5.0,30.0,40,40,1.0,detected,3.276266692707324,88.87953897788206,0.5988215882849856
ncg_blanketed,cw,5.0,31.0,40,40,1.0,detected,3.6909500713201666,102.8034213908219,0.5988215882849856
ncg_blanketed,cw,5.0,32.0,40,40,1.0,detected,4.153921956330898,118.824055628368,0.5988215882849856
ncg_blanketed,cw,5.5,22.0,40,40,1.0,detected,1.1145819614053458,24.611861527100512,0.5988215882849856
ncg_blanketed,cw,5.5,23.0,40,40,1.0,detected,1.2848636539771014,29.09970566242446,0.5988215882849856
ncg_blanketed,cw,5.5,24.0,40,40,1.0,detected,1.4795754414962694,34.37172480302793,0.5988215882849856
ncg_blanketed,cw,5.5,25.0,40,40,1.0,detected,1.7019644490268462,40.559781928338985,0.5988215882849856
ncg_blanketed,cw,5.5,26.0,40,40,1.0,detected,1.9556663222393347,47.81731794025093,0.5988215882849856
ncg_blanketed,cw,5.5,27.0,40,40,1.0,detected,2.2447440782868924,56.32286927430409,0.5988215882849856
ncg_blanketed,cw,5.5,28.0,40,40,1.0,detected,2.5737293823422434,66.2841796875,0.5988215882849856
ncg_blanketed,cw,5.5,29.0,40,40,1.0,detected,2.9476660985452483,77.94301503815446,0.5988215882849856
ncg_blanketed,cw,5.5,30.0,40,40,1.0,detected,3.372155888800833,91.5808119464969,0.5988215882849856
ncg_blanketed,cw,5.5,31.0,40,40,1.0,detected,3.8534055506973957,107.52531815313847,0.5988215882849856
ncg_blanketed,cw,5.5,32.0,40,40,1.0,detected,4.398275700589949,126.15841529105195,0.5988215882849856
ncg_blanketed,cw,6.0,22.0,40,40,1.0,detected,1.0190599038463262,22.47640621131332,0.5988215882849856
ncg_blanketed,cw,6.0,23.0,40,40,1.0,detected,1.1927478481277731,26.983414947597797,0.5988215882849856
ncg_blanketed,cw,6.0,24.0,40,40,1.0,detected,1.3943962008746063,32.35990146545884,0.5988215882849856
ncg_blanketed,cw,6.0,25.0,40,40,1.0,detected,1.628208659305777,38.768106352774716,0.5988215882849856
ncg_blanketed,cw,6.0,26.0,40,40,1.0,detected,1.8989654455321592,46.399933835804994,0.5988215882849856
ncg_blanketed,cw,6.0,27.0,40,40,1.0,detected,2.212091341909975,55.48240757092034,0.5988215882849856
ncg_blanketed,cw,6.0,28.0,40,40,1.0,detected,2.5737293823422434,66.2841796875,0.5988215882849856
ncg_blanketed,cw,6.0,29.0,40,40,1.0,detected,2.99082012264212,79.12331664184457,0.5988215882849856
ncg_blanketed,cw,6.0,30.0,40,40,1.0,detected,3.471186265238501,94.37663861048027,0.5988215882849856
ncg_blanketed,cw,6.0,31.0,40,40,1.0,detected,4.023622244942473,112.49095616706957,0.5988215882849856
ncg_blanketed,cw,6.0,32.0,40,40,1.0,detected,4.657988201990065,133.99663266502932,0.5988215882849856
ncg_blanketed,cw,6.5,22.0,40,40,1.0,detected,0.9315841903053013,20.52515560773842,0.5988215882849856
ncg_blanketed,cw,6.5,23.0,40,40,1.0,detected,1.1070829278590182,25.01951640907638,0.5988215882849856
ncg_blanketed,cw,6.5,24.0,40,40,1.0,detected,1.3139606228180334,30.463847644105588,0.5988215882849856
ncg_blanketed,cw,6.5,25.0,40,40,1.0,detected,1.5574929006661336,37.05319325064766,0.5988215882849856
ncg_blanketed,cw,6.5,26.0,40,40,1.0,detected,1.843773604506307,45.02206669804237,0.5988215882849856
ncg_blanketed,cw,6.5,27.0,40,40,1.0,detected,2.1798266172697183,54.65255350003855,0.5988215882849856
ncg_blanketed,cw,6.5,28.0,40,40,1.0,detected,2.573729382342215,66.2841796875,0.5988215882849856
ncg_blanketed,cw,6.5,29.0,40,40,1.0,detected,3.0347484415916313,80.32597477792147,0.5988215882849856
ncg_blanketed,cw,6.5,30.0,40,40,1.0,detected,3.5734870728714156,97.27127553899038,0.5988215882849856
ncg_blanketed,cw,6.5,31.0,40,40,1.0,detected,4.202044825238069,117.71597037564875,0.5988215882849856
ncg_blanketed,cw,6.5,32.0,40,40,1.0,detected,4.934188438726949,142.38108510897243,0.5988215882849856
ncg_blanketed,cw,7.0,22.0,39,40,0.975,missed,0.8515037931452518,18.742485636547123,0.5988215882849856
ncg_blanketed,cw,7.0,23.0,40,40,1.0,detected,1.027441988503199,23.197335300825724,0.5988215882849856
ncg_blanketed,cw,7.0,24.0,40,40,1.0,detected,1.2380257128969738,28.677206074161703,0.5988215882849856
ncg_blanketed,cw,7.0,25.0,40,40,1.0,detected,1.48970766001748,35.4120225591589,0.5988215882849856
ncg_blanketed,cw,7.0,26.0,40,40,1.0,detected,1.7900598718062106,43.68279928196871,0.5988215882849856
ncg_blanketed,cw,7.0,27.0,40,40,1.0,detected,2.147948277911034,53.83324274233511,0.5988215882849856
ncg_blanketed,cw,7.0,28.0,40,40,1.0,detected,2.573729382342215,66.2841796875,0.5988215882849856
ncg_blanketed,cw,7.0,29.0,40,40,1.0,detected,3.079470528829738,81.55158703080696,0.5988215882849856
ncg_blanketed,cw,7.0,30.0,40,40,1.0,detected,3.6791948948994957,100.26924217811637,0.5988215882849856
ncg_blanketed,cw,7.0,31.0,40,40,1.0,detected,4.389152003740286,123.21734106019022,0.5988215882849856
ncg_blanketed,cw,7.0,32.0,40,40,1.0,detected,5.228114146396464,151.35887720003157,0.5988215882849856
ncg_blanketed,cw,7.5,22.0,39,40,0.975,missed,0.7782153437695065,17.11403930095826,0.5988215882849856
ncg_blanketed,cw,7.5,23.0,40,40,1.0,detected,0.9534224289927451,21.50689092665795,0.5988215882849856
ncg_blanketed,cw,7.5,24.0,40,40,1.0,detected,1.16635818682186,26.993925294644068,0.5988215882849856
ncg_blanketed,cw,7.5,25.0,40,40,1.0,detected,1.4247458143736225,33.84166464084478,0.5988215882849856
ncg_blanketed,cw,7.5,26.0,40,40,1.0,detected,1.7377933388197242,42.38122275290958,0.5988215882849856
ncg_blanketed,cw,7.5,27.0,40,40,1.0,detected,2.1164546029007525,53.02440896218441,0.5988215882849856
ncg_blanketed,cw,7.5,28.0,40,40,1.0,detected,2.573729382342215,66.2841796875,0.5988215882849856
ncg_blanketed,cw,7.5,29.0,40,40,1.0,detected,3.125006566563407,82.80077381501893,0.5988215882849856
ncg_blanketed,cw,7.5,30.0,40,40,1.0,detected,3.7884542148967597,103.37534252950549,0.5988215882849856
ncg_blanketed,cw,7.5,31.0,40,40,1.0,detected,4.585460102202795,129.01354807741396,0.5988215882849856
ncg_blanketed,cw,7.5,32.0,40,40,1.0,detected,5.541126198613256,160.98254228409584,0.5988215882849856
ncg_blanketed,cw,8.0,22.0,35,40,0.875,missed,0.7111605846663167,15.626635936571237,0.5988215882849856
ncg_blanketed,cw,8.0,23.0,39,40,0.975,missed,0.8846451995200155,19.93886073597623,0.5988215882849856
ncg_blanketed,cw,8.0,24.0,40,40,1.0,detected,1.0987344423752035,25.408250905902666,0.5988215882849856
ncg_blanketed,cw,8.0,25.0,40,40,1.0,detected,1.3625027385676916,32.339280550601956,0.5988215882849856
ncg_blanketed,cw,8.0,26.0,40,40,1.0,detected,1.6869431622141953,41.1164375555686,0.5988215882849856
ncg_blanketed,cw,8.0,27.0,40,40,1.0,detected,2.0853437798970234,52.22598389061032,0.5988215882849856
ncg_blanketed,cw,8.0,28.0,40,40,1.0,detected,2.573729382342215,66.2841796875,0.5988215882849856
ncg_blanketed,cw,8.0,29.0,40,40,1.0,detected,3.1713774806853436,84.07417953963483,0.5988215882849856
ncg_blanketed,cw,8.0,30.0,40,40,1.0,detected,3.901418041302179,106.59468908583113,0.5988215882849856
ncg_blanketed,cw,8.0,31.0,40,40,1.0,detected,4.791527106648374,135.12474750756445,0.5988215882849856
ncg_blanketed,cw,8.0,32.0,40,40,1.0,detected,5.874725486880344,171.3108764380009,0.5988215882849856
ncg_blanketed,cw,8.5,22.0,28,40,0.7,missed,0.649823771191258,14.26818451558837,0.5988215882849856
ncg_blanketed,cw,8.5,23.0,37,40,0.925,missed,0.8207539617178021,18.484544677149504,0.5988215882849856
ncg_blanketed,cw,8.5,24.0,40,40,1.0,detected,1.0349404749827436,23.914716207185347,0.5988215882849856
ncg_blanketed,cw,8.5,25.0,40,40,1.0,detected,1.3028763927956817,30.90212193089414,0.5988215882849856
ncg_blanketed,cw,8.5,26.0,40,40,1.0,detected,1.6374786075425796,39.88755420972574,0.5988215882849856
ncg_blanketed,cw,8.5,27.0,40,40,1.0,detected,2.054613908230145,51.437897407935274,0.5988215882849856
ncg_blanketed,cw,8.5,28.0,40,40,1.0,detected,2.573729382342215,66.2841796875,0.5988215882849856
ncg_blanketed,cw,8.5,29.0,40,40,1.0,detected,3.218604977867521,85.37247384742288,0.5988215882849856
ncg_blanketed,cw,8.5,30.0,40,40,1.0,detected,4.018248595258662,109.93272930856259,0.5988215882849856
ncg_blanketed,cw,8.5,31.0,40,40,1.0,detected,5.007957289940599,141.57297468601217,0.5988215882849856
ncg_blanketed,cw,8.5,32.0,40,40,1.0,detected,6.230572841678338,182.4099354741774,0.5988215882849856
ncg_blanketed,cw,9.0,22.0,18,40,0.45,missed,0.5937290705514613,13.02760135920436,0.5988215882849856
ncg_blanketed,cw,9.0,23.0,34,40,0.85,missed,0.7614141855013727,17.13583013542176,0.5988215882849856
ncg_blanketed,cw,9.0,24.0,40,40,1.0,detected,0.9747717453211244,22.50813237181353,0.5988215882849856
ncg_blanketed,cw,9.0,25.0,40,40,1.0,detected,1.245767391563966,29.527530574377245,0.5988215882849856
ncg_blanketed,cw,9.0,26.0,40,40,1.0,detected,1.589369089966457,38.6936940349773,0.5988215882849856
ncg_blanketed,cw,9.0,27.0,40,40,1.0,detected,2.024263001993141,50.660077626024126,0.5988215882849856
ncg_blanketed,cw,9.0,28.0,40,40,1.0,detected,2.573729382342215,66.2841796875,0.5988215882849856
ncg_blanketed,cw,9.0,29.0,40,40,1.0,detected,3.2667115850005146,86.69635293444863,0.5988215882849856
ncg_blanketed,cw,9.0,30.0,40,40,1.0,detected,4.139118069685679,113.39527497631852,0.5988215882849856
ncg_blanketed,cw,9.0,31.0,40,40,1.0,detected,5.235406500683936,148.3823784301226,0.5988215882849856
ncg_blanketed,cw,9.0,32.0,40,40,1.0,detected,6.61051267929296,194.3542341177905,0.5988215882849856
ncg_blanketed,cw,9.5,22.0,15,40,0.375,missed,0.5424379953231231,11.894732461755329,0.5988215882849856
ncg_blanketed,cw,9.5,23.0,32,40,0.8,missed,0.7063122032069629,15.88515771433128,0.5988215882849856
ncg_blanketed,cw,9.5,24.0,38,40,0.95,missed,0.9180330066349747,21.183578298538407,0.5988215882849856
ncg_blanketed,cw,9.5,25.0,40,40,1.0,detected,1.1910790555821151,28.212937691129042,0.5988215882849856
ncg_blanketed,cw,9.5,26.0,40,40,1.0,detected,1.5425842121495172,37.53398980705378,0.5988215882849856
ncg_blanketed,cw,9.5,27.0,40,40,1.0,detected,1.9942889931332957,49.892450969995146,0.5988215882849856
ncg_blanketed,cw,9.5,28.0,40,40,1.0,detected,2.573729382342215,66.2841796875,0.5988215882849856
ncg_blanketed,cw,9.5,29.0,40,40,1.0,detected,3.315720691159477,88.04654095648932,0.5988215882849856
ncg_blanketed,cw,9.5,30.0,40,40,1.0,detected,4.264209468643614,116.98853478241747,0.5988215882849856
ncg_blanketed,cw,9.5,31.0,40,40,1.0,detected,5.474588237435832,155.57949232105886,0.5988215882849856
ncg_blanketed,cw,9.5,32.0,40,40,1.0,detected,7.016601246221377,207.2281977751481,0.5988215882849856
ncg_blanketed,cw,10.0,22.0,7,40,0.175,missed,0.4955469001901527,10.86028051091808,0.5988215882849856
ncg_blanketed,cw,10.0,23.0,22,40,0.55,missed,0.6551542384713187,14.725488060791777,0.5988215882849856
ncg_blanketed,cw,10.0,24.0,39,40,0.975,missed,0.8645380987108915,19.936390259892615,0.5988215882849856
ncg_blanketed,cw,10.0,25.0,40,40,1.0,detected,1.1387174481011115,26.955862915493093,0.5988215882849856
ncg_blanketed,cw,10.0,26.0,40,40,1.0,detected,1.4970937993927684,36.40758634840001,0.5988215882849856
ncg_blanketed,cw,10.0,27.0,40,40,1.0,detected,1.9646897345429224,49.13494225931828,0.5988215882849856
ncg_blanketed,cw,10.0,28.0,40,40,1.0,detected,2.573729382342215,66.2841796875,0.5988215882849856
ncg_blanketed,cw,10.0,29.0,40,40,1.0,detected,3.3656565922944495,89.42379152918342,0.5988215882849856
ncg_blanketed,cw,10.0,30.0,40,40,1.0,detected,4.393717537418915,120.7191506194239,0.5988215882849856
ncg_blanketed,cw,10.0,31.0,40,40,1.0,detected,5.726280652826247,163.1935502153674,0.5988215882849856
ncg_blanketed,cw,10.0,32.0,40,40,1.0,detected,7.451140581476601,221.12793245411015,0.5988215882849856
ncg_blanketed,load,0.0,300.0,40,40,1.0,detected,2.8022646692992836,66.2841796875,0.5988215882849856
ncg_blanketed,load,0.0,350.0,40,40,1.0,detected,2.768722381719641,66.2841796875,0.5988215882849856
ncg_blanketed,load,0.0,400.0,40,40,1.0,detected,2.7355185648336295,66.2841796875,0.5988215882849856
ncg_blanketed,load,0.0,450.0,40,40,1.0,detected,2.702628811920235,66.2841796875,0.5988215882849856
ncg_blanketed,load,0.0,500.0,40,40,1.0,detected,2.6700290925912427,66.2841796875,0.5988215882849856
ncg_blanketed,load,0.0,550.0,40,40,1.0,detected,2.637695457555523,66.2841796875,0.5988215882849856
ncg_blanketed,load,0.0,600.0,40,40,1.0,detected,2.6056037597788517,66.2841796875,0.5988215882849856
ncg_blanketed,load,0.0,650.0,40,40,1.0,detected,2.573729382342215,66.2841796875,0.5988215882849856
ncg_blanketed,load,0.0,700.0,40,40,1.0,detected,2.5420469641894314,66.2841796875,0.5988215882849856
ncg_blanketed,load,0.0,750.0,40,40,1.0,detected,2.510530115317721,66.2841796875,0.5988215882849856
ncg_blanketed,load,0.0,800.0,40,40,1.0,detected,2.479151112849337,66.2841796875,0.5988215882849856
ncg_blanketed,load,0.0,850.0,40,40,1.0,detected,2.4478805688619047,66.2841796875,0.5988215882849856
ncg_blanketed,load,0.0,900.0,40,40,1.0,detected,2.416687059809071,66.2841796875,0.5988215882849856
ncg_blanketed,load,0.0,950.0,40,40,1.0,detected,2.385536705781533,66.2841796875,0.5988215882849856
ncg_blanketed,load,0.5,300.0,40,40,1.0,detected,2.650296891570285,62.58039638773126,0.5988215882849856
ncg_blanketed,load,0.5,350.0,40,40,1.0,detected,2.6392867156625677,63.09156235140871,0.5988215882849856
ncg_blanketed,load,0.5,400.0,40,40,1.0,detected,2.6283127519626923,63.607978229967436,0.5988215882849856
ncg_blanketed,load,0.5,450.0,40,40,1.0,detected,2.617367828774384,64.13005456950826,0.5988215882849856
ncg_blanketed,load,0.5,500.0,40,40,1.0,detected,2.6064446689725784,64.65822692652442,0.5988215882849856
ncg_blanketed,load,0.5,550.0,40,40,1.0,detected,2.5955357931811704,65.19296183676519,0.5988215882849856
ncg_blanketed,load,0.5,600.0,40,40,1.0,detected,2.5846334231676593,65.73476325900606,0.5988215882849856
ncg_blanketed,load,0.5,650.0,40,40,1.0,detected,2.573729382342215,66.2841796875,0.5988215882849856
ncg_blanketed,load,0.5,700.0,40,40,1.0,detected,2.562814990308496,66.84181214760565,0.5988215882849856
ncg_blanketed,load,0.5,750.0,40,40,1.0,detected,2.5518809482880442,67.40832332118079,0.5988215882849856
ncg_blanketed,load,0.5,800.0,40,40,1.0,detected,2.5409172119596946,67.9844480936311,0.5988215882849856
ncg_blanketed,load,0.5,850.0,40,40,1.0,detected,2.5299128477831374,68.5710058759181,0.5988215882849856
ncg_blanketed,load,0.5,900.0,40,40,1.0,detected,2.518855868198436,69.16891513664541,0.5988215882849856
ncg_blanketed,load,0.5,950.0,40,40,1.0,detected,2.507733040155017,69.77921068766605,0.5988215882849856
ncg_blanketed,load,1.0,300.0,40,40,1.0,detected,2.506138029503422,59.0786458555245,0.5988215882849856
ncg_blanketed,load,1.0,350.0,40,40,1.0,detected,2.515531839938415,60.04778197530455,0.5988215882849856
ncg_blanketed,load,1.0,400.0,40,40,1.0,detected,2.525000389206948,61.03510364337766,0.5988215882849856
ncg_blanketed,load,1.0,450.0,40,40,1.0,detected,2.5345507780728767,62.04165540493735,0.5988215882849856
ncg_blanketed,load,1.0,500.0,40,40,1.0,detected,2.544190519385957,63.06856199906311,0.5988215882849856
ncg_blanketed,load,1.0,550.0,40,40,1.0,detected,2.5539276408375287,64.11704292874073,0.5988215882849856
ncg_blanketed,load,1.0,600.0,40,40,1.0,detected,2.5637707953392876,65.18842876705794,0.5988215882849856
ncg_blanketed,load,1.0,650.0,40,40,1.0,detected,2.573729382342215,66.2841796875,0.5988215882849856
ncg_blanketed,load,1.0,700.0,40,40,1.0,detected,2.5838136837509538,67.40590678800562,0.5988215882849856
ncg_blanketed,load,1.0,750.0,40,40,1.0,detected,2.594035018603506,68.55539689053461,0.5988215882849856
ncg_blanketed,load,1.0,800.0,40,40,1.0,detected,2.6044059214307893,69.7346416475662,0.5988215882849856
ncg_blanketed,load,1.0,850.0,40,40,1.0,detected,2.614940350228018,70.94587198457039,0.5988215882849856
ncg_blanketed,load,1.0,900.0,40,40,1.0,detected,2.6256539313203433,72.19159916769885,0.5988215882849856
ncg_blanketed,load,1.0,950.0,40,40,1.0,detected,2.636564250198873,73.47466412921966,0.5988215882849856
ncg_blanketed,load,1.5,300.0,40,40,1.0,detected,2.369436430253778,55.76855115153312,0.5988215882849856
ncg_blanketed,load,1.5,350.0,40,40,1.0,detected,2.397245751527972,57.14645784612163,0.5988215882849856
ncg_blanketed,load,1.5,400.0,40,40,1.0,detected,2.425466578713195,58.562015172261674,0.5988215882849856
ncg_blanketed,load,1.5,450.0,40,40,1.0,detected,2.4541249271052763,60.017304418004976,0.5988215882849856
ncg_blanketed,load,1.5,500.0,40,40,1.0,detected,2.4832487388804694,61.51458268826141,0.5988215882849856
ncg_blanketed,load,1.5,550.0,40,40,1.0,detected,2.512868254807458,63.056311011453424,0.5988215882849856
ncg_blanketed,load,1.5,600.0,40,40,1.0,detected,2.54301642661423,64.64518651951815,0.5988215882849856
ncg_blanketed,load,1.5,650.0,40,40,1.0,detected,2.573729382342215,66.2841796875,0.5988215882849856
ncg_blanketed,load,1.5,700.0,40,40,1.0,detected,2.6050469589067333,67.97657782212092,0.5988215882849856
ncg_blanketed,load,1.5,750.0,40,40,1.0,detected,2.637013318725586,69.72603625726704,0.5988215882849856
ncg_blanketed,load,1.5,800.0,40,40,1.0,detected,2.6696776708415513,71.53663906679954,0.5988215882849856
ncg_blanketed,load,1.5,850.0,40,40,1.0,detected,2.703095121699043,73.41297156745941,0.5988215882849856
ncg_blanketed,load,1.5,900.0,40,40,1.0,detected,2.737327686976414,75.36020749304426,0.5988215882849856
ncg_blanketed,load,1.5,950.0,40,40,1.0,detected,2.7724455041201423,77.38421452606327,0.5988215882849856
ncg_blanketed,load,2.0,300.0,40,40,1.0,detected,2.2398506636922804,52.64018841109294,0.5988215882849856
ncg_blanketed,load,2.0,350.0,40,40,1.0,detected,2.284220659248696,54.38142289133784,0.5988215882849856
ncg_blanketed,load,2.0,400.0,40,40,1.0,detected,2.329597576322268,56.185252921393,0.5988215882849856
ncg_blanketed,load,2.0,450.0,40,40,1.0,detected,2.376037486762897,58.055342837916186,0.5988215882849856
ncg_blanketed,load,2.0,500.0,40,40,1.0,detected,2.4236011395099126,59.99568537294856,0.5988215882849856
ncg_blanketed,load,2.0,550.0,40,40,1.0,detected,2.4723547418971705,62.010651172990976,0.5988215882849856
ncg_blanketed,load,2.0,600.0,40,40,1.0,detected,2.522370848171633,64.10504631965055,0.5988215882849856
ncg_blanketed,load,2.0,650.0,40,40,1.0,detected,2.573729382342215,66.2841796875,0.5988215882849856
ncg_blanketed,load,2.0,700.0,40,40,1.0,detected,2.626518827768116,68.5539423977338,0.5988215882849856
ncg_blanketed,load,2.0,750.0,40,40,1.0,detected,2.680837622962173,70.9209021791526,0.5988215882849856
ncg_blanketed,load,2.0,800.0,40,40,1.0,detected,2.736795812403855,73.39241617158815,0.5988215882849856
ncg_blanketed,load,2.0,850.0,40,40,1.0,detected,2.7945170134169715,75.97676665753586,0.5988215882849856
ncg_blanketed,load,2.0,900.0,40,40,1.0,detected,2.8541407763142743,78.68332546426049,0.5988215882849856
ncg_blanketed,load,2.0,950.0,40,40,1.0,detected,2.915825436372039,81.52275445166283,0.5988215882849856
ncg_blanketed,load,2.5,300.0,40,40,1.0,detected,2.117049886009955,49.68407675831146,0.5988215882849856
ncg_blanketed,load,2.5,350.0,40,40,1.0,detected,2.1762532879727914,51.746722873705274,0.5988215882849856
ncg_blanketed,load,2.5,400.0,40,40,1.0,detected,2.237280985296561,53.901439675766674,0.5988215882849856
ncg_blanketed,load,2.5,450.0,40,40,1.0,detected,2.3002357060675678,56.154132483987915,0.5988215882849856
ncg_blanketed,load,2.5,500.0,40,40,1.0,detected,2.36522928224894,58.511265732820114,0.5988215882849856
ncg_blanketed,load,2.5,550.0,40,40,1.0,detected,2.432384066743907,60.97994568481081,0.5988215882849856
ncg_blanketed,load,2.5,600.0,40,40,1.0,detected,2.501834572023114,63.568017466931856,0.5988215882849856
ncg_blanketed,load,2.5,650.0,40,40,1.0,detected,2.573729382342215,66.2841796875,0.5988215882849856
ncg_blanketed,load,2.5,700.0,40,40,1.0,detected,2.648233403193167,69.13812069727551,0.5988215882849856
ncg_blanketed,load,2.5,750.0,40,40,1.0,detected,2.725530526901224,72.14068161196529,0.5988215882849856
ncg_blanketed,load,2.5,800.0,40,40,1.0,detected,2.8058268133065027,75.30405259682682,0.5988215882849856
ncg_blanketed,load,2.5,850.0,40,40,1.0,detected,2.8893543108177653,78.64201074218808,0.5988215882849856
ncg_blanketed,load,2.5,900.0,40,40,1.0,detected,2.97637567797274,82.17021029285085,0.5988215882849856
ncg_blanketed,load,2.5,950.0,40,40,1.0,detected,3.067189812036574,85.90653926334282,0.5988215882849856
ncg_blanketed,load,3.0,300.0,40,40,1.0,detected,2.000714106353925,46.89116719139712,0.5988215882849856
ncg_blanketed,load,3.0,350.0,40,40,1.0,detected,2.0731451347791925,49.236614817896644,0.5988215882849856
ncg_blanketed,load,3.0,400.0,40,40,1.0,detected,2.14840593057993,51.70728231766413,0.5988215882849856
ncg_blanketed,load,3.0,450.0,40,40,1.0,detected,2.226666960931567,54.31205720396931,0.5988215882849856
ncg_blanketed,load,3.0,500.0,40,40,1.0,detected,2.308114507987028,57.06071942351599,0.5988215882849856
ncg_blanketed,load,3.0,550.0,40,40,1.0,detected,2.392953057143039,59.964074144195614,0.5988215882849856
ncg_blanketed,load,3.0,600.0,40,40,1.0,detected,2.4814080909949396,63.03410875809763,0.5988215882849856
ncg_blanketed,load,3.0,650.0,40,40,1.0,detected,2.573729382342215,66.2841796875,0.5988215882849856
ncg_blanketed,load,3.0,700.0,40,40,1.0,detected,2.670194902305873,69.72923604241227,0.5988215882849856
ncg_blanketed,load,3.0,750.0,40,40,1.0,detected,2.7711154893645684,73.38608909697115,0.5988215882849856
ncg_blanketed,load,3.0,800.0,40,40,1.0,detected,2.8768404642266177,77.27373908904865,0.5988215882849856
ncg_blanketed,load,3.0,850.0,40,40,1.0,detected,2.9877644271907187,81.41377422852885,0.5988215882849856
ncg_blanketed,load,3.0,900.0,40,40,1.0,detected,3.1043355435669255,85.83086134518193,0.5988215882849856
ncg_blanketed,load,3.0,950.0,40,40,1.0,detected,3.22706571534475,90.55335377686228,0.5988215882849856
ncg_blanketed,load,3.5,300.0,40,40,1.0,detected,1.8905343656183078,44.25283063014697,0.5988215882849856
ncg_blanketed,load,3.5,350.0,40,40,1.0,detected,1.9747026802066827,46.84556475508418,0.5988215882849856
ncg_blanketed,load,3.5,400.0,40,40,1.0,detected,2.0628632143265513,49.59957286844312,0.5988215882849856
ncg_blanketed,load,3.5,450.0,40,40,1.0,detected,2.1552788371879217,52.527524170351626,0.5988215882849856
ncg_blanketed,load,3.5,500.0,40,40,1.0,detected,2.2522379675587274,55.643442721329485,0.5988215882849856
ncg_blanketed,load,3.5,550.0,40,40,1.0,detected,2.354058409386738,58.96291361565118,0.5988215882849856
ncg_blanketed,load,3.5,600.0,40,40,1.0,detected,2.4610918787206373,62.50332848842425,0.5988215882849856
ncg_blanketed,load,3.5,650.0,40,40,1.0,detected,2.573729382342215,66.2841796875,0.5988215882849856
ncg_blanketed,load,3.5,700.0,40,40,1.0,detected,2.6924076500415737,70.32741500315414,0.5988215882849856
ncg_blanketed,load,3.5,750.0,40,40,1.0,detected,2.817616877078528,74.6578682407881,0.5988215882849856
ncg_blanketed,load,3.5,800.0,40,40,1.0,detected,2.949910105663527,79.30378545039245,0.5988215882849856
ncg_blanketed,load,3.5,850.0,40,40,1.0,detected,3.089914670733684,84.29747272635802,0.5988215882849856
ncg_blanketed,load,3.5,900.0,40,40,1.0,detected,3.2383462650668378,89.67609978842151,0.5988215882849856
ncg_blanketed,load,3.5,950.0,40,40,1.0,detected,3.396026355132001,95.48270496118403,0.5988215882849856
ncg_blanketed,load,4.0,300.0,40,40,1.0,detected,1.7862128362969223,41.76084530014487,0.5988215882849856
ncg_blanketed,load,4.0,350.0,40,40,1.0,detected,1.8807375578327452,44.56824486733725,0.5988215882849856
ncg_blanketed,load,4.0,400.0,40,40,1.0,detected,1.980545453508018,47.5751891825742,0.5988215882849856
ncg_blanketed,load,4.0,450.0,40,40,1.0,detected,2.0860192079561415,50.79896503982569,0.5988215882849856
ncg_blanketed,load,4.0,500.0,40,40,1.0,detected,2.1975806507729985,54.25883313741511,0.5988215882849856
ncg_blanketed,load,4.0,550.0,40,40,1.0,detected,2.3156966936025327,57.976338771041206,0.5988215882849856
ncg_blanketed,load,4.0,600.0,40,40,1.0,detected,2.4408863896431043,61.975684453238195,0.5988215882849856
ncg_blanketed,load,4.0,650.0,40,40,1.0,detected,2.573729382342215,66.2841796875,0.5988215882849856
ncg_blanketed,load,4.0,700.0,40,40,1.0,detected,2.714876082843581,70.9327875117204,0.5988215882849856
ncg_blanketed,load,4.0,750.0,40,40,1.0,detected,2.8650600122759897,75.95679329505593,0.5988215882849856
ncg_blanketed,load,4.0,800.0,40,40,1.0,detected,3.0251128739586832,81.39662919909986,0.5988215882849856
ncg_blanketed,load,4.0,850.0,40,40,1.0,detected,3.1959830945542436,87.29889852783946,0.5988215882849856
ncg_blanketed,load,4.0,900.0,40,40,1.0,detected,3.378758810167625,93.71765910434267,0.5988215882849856
ncg_blanketed,load,4.0,950.0,40,40,1.0,detected,3.5746965997669093,100.71604562364833,0.5988215882849856
ncg_blanketed,load,4.5,300.0,40,40,1.0,detected,1.687462851984396,39.40738361193339,0.5988215882849856
ncg_blanketed,load,4.5,350.0,40,40,1.0,detected,1.7910666854069142,42.399530109190145,0.5988215882849856
ncg_blanketed,load,4.5,400.0,40,40,1.0,detected,1.901347200456886,45.63109532107293,0.5988215882849856
ncg_blanketed,load,4.5,450.0,40,40,1.0,detected,2.018836305437077,49.124836981371296,0.5988215882849856
ncg_blanketed,load,4.5,500.0,40,40,1.0,detected,2.144123414415077,52.90629000149274,0.5988215882849856
ncg_blanketed,load,4.5,550.0,40,40,1.0,detected,2.277864359082983,57.00422202827013,0.5988215882849856
ncg_blanketed,load,4.5,600.0,40,40,1.0,detected,2.420792059025189,61.45118394964905,0.5988215882849856
ncg_blanketed,load,4.5,650.0,40,40,1.0,detected,2.573729382342215,66.2841796875,0.5988215882849856
ncg_blanketed,load,4.5,700.0,40,40,1.0,detected,2.7376047525196796,71.54548698141252,0.5988215882849856
ncg_blanketed,load,4.5,750.0,40,40,1.0,detected,2.9134712234623947,77.2836708440681,0.5988215882849856
ncg_blanketed,load,4.5,800.0,40,40,1.0,detected,3.102529969092245,83.55484502497573,0.5988215882849856
ncg_blanketed,load,4.5,850.0,40,40,1.0,detected,3.3061594406260753,90.42425572349502,0.5988215882849856
ncg_blanketed,load,4.5,900.0,40,40,1.0,detected,3.5259518684879154,97.96828828091654,0.5988215882849856
ncg_blanketed,load,4.5,950.0,40,40,1.0,detected,3.7637593788050125,106.27703519030169,0.5988215882849856
ncg_blanketed,load,5.0,300.0,40,40,1.0,detected,1.5940088747175594,37.18499867748093,0.5988215882849856
ncg_blanketed,load,5.0,350.0,40,40,1.0,detected,1.7055123607376217,40.33449437894792,0.5988215882849856
ncg_blanketed,load,5.0,400.0,40,40,1.0,detected,1.8251650472470935,43.764341630902436,0.5988215882849856
ncg_blanketed,load,5.0,450.0,40,40,1.0,detected,1.9536787872581414,47.50362357870082,0.5988215882849856
ncg_blanketed,load,5.0,500.0,40,40,1.0,detected,2.0918470091964423,51.585215015160976,0.5988215882849856
ncg_blanketed,load,5.0,550.0,40,40,1.0,detected,2.2405577395992182,56.04643368834107,0.5988215882849856
ncg_blanketed,load,5.0,600.0,40,40,1.0,detected,2.4008093029710764,60.92983377851149,0.5988215882849856
ncg_blanketed,load,5.0,650.0,40,40,1.0,detected,2.573729382342215,66.2841796875,0.5988215882849856
ncg_blanketed,load,5.0,700.0,40,40,1.0,detected,2.7605983302678894,72.16565043076929,0.5988215882849856
ncg_blanketed,load,5.0,750.0,40,40,1.0,detected,2.962877899603555,78.6393416093009,0.5988215882849856
ncg_blanketed,load,5.0,800.0,40,40,1.0,detected,3.1822469466133896,85.78115512838795,0.5988215882849856
ncg_blanketed,load,5.0,850.0,40,40,1.0,detected,3.4206461904523877,93.68019946590748,0.5988215882849856
ncg_blanketed,load,5.0,900.0,40,40,1.0,detected,3.680334859648241,102.44186985081625,0.5988215882849856
ncg_blanketed,load,5.0,950.0,40,40,1.0,detected,3.9639631197435534,112.19184512492832,0.5988215882849856
ncg_blanketed,load,5.5,300.0,40,40,1.0,detected,1.5055864078902452,35.08661059089337,0.5988215882849856
ncg_blanketed,load,5.5,350.0,40,40,1.0,detected,1.6239023254567648,38.36840630732391,0.5988215882849856
ncg_blanketed,load,5.5,400.0,40,40,1.0,detected,1.7518977148344383,41.972064556170594,0.5988215882849856
ncg_blanketed,load,5.5,450.0,40,40,1.0,detected,1.890495797502325,45.93383561294652,0.5988215882849856
ncg_blanketed,load,5.5,500.0,40,40,1.0,detected,2.040732105635719,50.29501277503201,0.5988215882849856
ncg_blanketed,load,5.5,550.0,40,40,1.0,detected,2.2037730586876947,55.10284207061283,0.5988215882849856
ncg_blanketed,load,5.5,600.0,40,40,1.0,detected,2.380938518455075,60.41164024659806,0.5988215882849856
ncg_blanketed,load,5.5,650.0,40,40,1.0,detected,2.573729382342215,66.2841796875,0.5988215882849856
ncg_blanketed,load,5.5,700.0,40,40,1.0,detected,2.783861610878219,72.79341861326958,0.5988215882849856
ncg_blanketed,load,5.5,750.0,40,40,1.0,detected,3.013308548015516,80.02468238065971,0.5988215882849856
ncg_blanketed,load,5.5,800.0,40,40,1.0,detected,3.2643540363654893,88.07844054310462,0.5988215882849856
ncg_blanketed,load,5.5,850.0,40,40,1.0,detected,3.5396597372587877,97.07387997798837,0.5988215882849856
ncg_blanketed,load,5.5,900.0,40,40,1.0,detected,3.8423513643550606,107.15355538879639,0.5988215882849856
ncg_blanketed,load,5.5,950.0,40,40,1.0,detected,4.176130427743161,118.4895183684321,0.5988215882849856
ncg_blanketed,load,6.0,300.0,40,40,1.0,detected,1.4219418619855766,33.10549258566034,0.5988215882849856
ncg_blanketed,load,6.0,350.0,40,40,1.0,detected,1.5460697996947559,36.49672472599669,0.5988215882849856
ncg_blanketed,load,6.0,400.0,40,40,1.0,detected,1.6814461278949757,40.25148620603519,0.5988215882849856
ncg_blanketed,load,6.0,450.0,40,40,1.0,detected,1.8292370225806067,44.4140117316118,0.5988215882849856
ncg_blanketed,load,6.0,500.0,40,40,1.0,detected,1.990759318859439,49.03509126601426,0.5988215882849856
ncg_blanketed,load,6.0,550.0,40,40,1.0,detected,2.1675064349035083,54.17331364610497,0.5988215882849856
ncg_blanketed,load,6.0,600.0,40,40,1.0,detected,2.3611800833611554,59.896609168990324,0.5988215882849856
ncg_blanketed,load,6.0,650.0,40,40,1.0,detected,2.573729382342215,66.2841796875,0.5988215882849856
ncg_blanketed,load,6.0,700.0,40,40,1.0,detected,2.8073995171215174,73.4289361529031,0.5988215882849856
ncg_blanketed,load,6.0,750.0,40,40,1.0,detected,3.064792856263651,81.44060808520665,0.5988215882849856
ncg_blanketed,load,6.0,800.0,40,40,1.0,detected,3.3489464910135425,90.44975355671379,0.5988215882849856
ncg_blanketed,load,6.0,850.0,40,40,1.0,detected,3.663431697004846,100.6129920048888,0.5988215882849856
ncg_blanketed,load,6.0,900.0,40,40,1.0,detected,4.012483052031584,112.11992162879376,0.5988215882849856
ncg_blanketed,load,6.0,950.0,40,40,1.0,detected,4.401168266664456,125.20239454665763,0.5988215882849856
ncg_blanketed,load,6.5,300.0,40,40,1.0,detected,1.3428323798469854,31.235257166901963,0.5988215882849856
ncg_blanketed,load,6.5,350.0,40,40,1.0,detected,1.4718534905758638,34.71509387365369,0.5988215882849856
ncg_blanketed,load,6.5,400.0,40,40,1.0,detected,1.6137134762999317,38.59991370323887,0.5988215882849856
ncg_blanketed,load,6.5,450.0,40,40,1.0,detected,1.7698527421189283,42.94271900987348,0.5988215882849856
ncg_blanketed,load,6.5,500.0,40,40,1.0,detected,1.9419092323135985,47.80486232514523,0.5988215882849856
ncg_blanketed,load,6.5,550.0,40,40,1.0,detected,2.131753887032616,53.257713168705784,0.5988215882849856
ncg_blanketed,load,6.5,600.0,40,40,1.0,detected,2.341534356529678,59.38474587167587,0.5988215882849856
ncg_blanketed,load,6.5,650.0,40,40,1.0,detected,2.573729382342215,66.2841796875,0.5988215882849856
ncg_blanketed,load,6.5,700.0,40,40,1.0,detected,2.831217104334975,74.07235168591582,0.5988215882849856
ncg_blanketed,load,6.5,750.0,40,40,1.0,detected,3.1173617584122013,82.8880740052633,0.5988215882849856
ncg_blanketed,load,6.5,800.0,40,40,1.0,detected,3.4361249677892545,92.89833135803306,0.5988215882849856
ncg_blanketed,load,6.5,850.0,40,40,1.0,detected,3.7922103784419363,104.30583053116926,0.5988215882849856
ncg_blanketed,load,6.5,900.0,40,40,1.0,detected,4.191254193933965,117.35915104583606,0.5988215882849856
ncg_blanketed,load,6.5,950.0,40,40,1.0,detected,4.640079964790559,132.3666157652698,0.5988215882849856
ncg_blanketed,load,7.0,300.0,40,40,1.0,detected,1.268025627684036,29.469842304188862,0.5988215882849856
ncg_blanketed,load,7.0,350.0,40,40,1.0,detected,1.4010975773100185,33.019338392171996,0.5988215882849856
ncg_blanketed,load,7.0,400.0,40,40,1.0,detected,1.5486052641606243,37.01473833606546,0.5988215882849856
ncg_blanketed,load,7.0,450.0,40,40,1.0,detected,1.7122938750386325,41.51855341032028,0.5988215882849856
ncg_blanketed,load,7.0,500.0,40,40,1.0,detected,1.8941624203862801,46.60374207646368,0.5988215882849856
ncg_blanketed,load,7.0,550.0,40,40,1.0,detected,2.0965113392548176,52.355903804142834,0.5988215882849856
ncg_blanketed,load,7.0,600.0,40,40,1.0,detected,2.322001677814569,58.87605519435852,0.5988215882849856
ncg_blanketed,load,7.0,650.0,40,40,1.0,detected,2.573729382342215,66.2841796875,0.5988215882849856
ncg_blanketed,load,7.0,700.0,40,40,1.0,detected,2.85531956521519,74.72381800907661,0.5988215882849856
ncg_blanketed,load,7.0,750.0,40,40,1.0,detected,3.1710475059933003,84.36807815894855,0.5988215882849856
ncg_blanketed,load,7.0,800.0,40,40,1.0,detected,3.5259959473299887,95.42761105893658,0.5988215882849856
ncg_blanketed,load,7.0,850.0,40,40,1.0,detected,3.9262624359907505,108.16135373269631,0.5988215882849856
ncg_blanketed,load,7.0,900.0,40,40,1.0,detected,4.379236869893823,122.89124160639278,0.5988215882849856
ncg_blanketed,load,7.0,950.0,40,40,1.0,detected,4.893979453136133,140.02273183075602,0.5988215882849856
ncg_blanketed,load,7.5,300.0,40,40,1.0,detected,1.1972995574843779,27.80349775854812,0.5988215882849856
ncg_blanketed,load,7.5,350.0,40,40,1.0,detected,1.3336516755083387,31.40545816079921,0.5988215882849856
ncg_blanketed,load,7.5,400.0,40,40,1.0,detected,1.4860293473610788,35.49343453537157,0.5988215882849856
ncg_blanketed,load,7.5,450.0,40,40,1.0,detected,1.6565120210282487,40.14014014721379,0.5988215882849856
ncg_blanketed,load,7.5,500.0,40,40,1.0,detected,1.8474994699404306,45.431151337480955,0.5988215882849856
ncg_blanketed,load,7.5,550.0,40,40,1.0,detected,2.0617746262523298,51.46774725660248,0.5988215882849856
ncg_blanketed,load,7.5,600.0,40,40,1.0,detected,2.3025823681481157,58.3705414934586,0.5988215882849856
ncg_blanketed,load,7.5,650.0,40,40,1.0,detected,2.573729382342215,66.2841796875,0.5988215882849856
ncg_blanketed,load,7.5,700.0,40,40,1.0,detected,2.8797122348292774,75.38349223482389,0.5988215882849856
ncg_blanketed,load,7.5,750.0,40,40,1.0,detected,3.2258837441087707,85.88166385758527,0.5988215882849856
ncg_blanketed,load,7.5,800.0,40,40,1.0,detected,3.6186721940319586,98.04124625912586,0.5988215882849856
ncg_blanketed,load,7.5,850.0,40,40,1.0,detected,4.065874733460539,112.1892543115042,0.5988215882849856
ncg_blanketed,load,7.5,900.0,40,40,1.0,detected,4.577057000942489,128.73825147472044,0.5988215882849856
ncg_blanketed,load,7.5,950.0,40,40,1.0,detected,5.164108255064782,148.21642904808922,0.5988215882849856
ncg_blanketed,load,8.0,300.0,40,40,1.0,detected,1.1304421459791882,26.23077160631107,0.5988215882849856
ncg_blanketed,load,8.0,350.0,40,40,1.0,detected,1.2693707831918921,29.869623011575097,0.5988215882849856
ncg_blanketed,load,8.0,400.0,40,40,1.0,detected,1.425895960477444,34.03355869711974,0.5988215882849856
ncg_blanketed,load,8.0,450.0,40,40,1.0,detected,1.6024594976008757,38.80613396127038,0.5988215882849856
ncg_blanketed,load,8.0,500.0,40,40,1.0,detected,1.8019010007641398,44.28651599787814,0.5988215882849856
ncg_blanketed,load,8.0,550.0,40,40,1.0,detected,2.027539498256232,50.593103892873415,0.5988215882849856
ncg_blanketed,load,8.0,600.0,40,40,1.0,detected,2.283276729613881,57.86820864531723,0.5988215882849856
ncg_blanketed,load,8.0,650.0,40,40,1.0,detected,2.573729382342215,66.2841796875,0.5988215882849856
ncg_blanketed,load,8.0,700.0,40,40,1.0,detected,2.90440059585778,76.05153595368948,0.5988215882849856
ncg_blanketed,load,8.0,750.0,40,40,1.0,detected,3.2819055931165835,87.42992245593804,0.5988215882849856
ncg_blanketed,load,8.0,800.0,40,40,1.0,detected,3.7142732629636868,100.7431253468643,0.5988215882849856
ncg_blanketed,load,8.0,850.0,40,40,1.0,detected,4.211356451802253,116.40004057945322,0.5988215882849856
ncg_blanketed,load,8.0,900.0,40,40,1.0,detected,4.7854013705558245,134.92458584134886,0.5988215882849856
ncg_blanketed,load,8.0,950.0,40,40,1.0,detected,5.45185589275286,156.99941383527602,0.5988215882849856
ncg_blanketed,load,8.5,300.0,40,40,1.0,detected,1.0672511148164645,24.746497012453908,0.5988215882849856
ncg_blanketed,load,8.5,350.0,40,40,1.0,detected,1.2081152108050546,28.40816736485303,0.5988215882849856
ncg_blanketed,load,8.5,400.0,40,40,1.0,detected,1.3681177339514683,32.63274786961358,0.5988215882849856
ncg_blanketed,load,8.5,450.0,40,40,1.0,detected,1.550089372945429,37.515219310881434,0.5988215882849856
ncg_blanketed,load,8.5,500.0,40,40,1.0,detected,1.7573476849481935,43.169267371110045,0.5988215882849856
ncg_blanketed,load,8.5,550.0,40,40,1.0,detected,1.9938016260244495,49.731832863915706,0.5988215882849856
ncg_blanketed,load,8.5,600.0,40,40,1.0,detected,2.264085045529143,57.36906004958753,0.5988215882849856
ncg_blanketed,load,8.5,650.0,40,40,1.0,detected,2.573729382342215,66.2841796875,0.5988215882849856
ncg_blanketed,load,8.5,700.0,40,40,1.0,detected,2.9293902840808457,76.72811540439223,0.5988215882849856
ncg_blanketed,load,8.5,750.0,40,40,1.0,detected,3.339149736401609,89.01399631292686,0.5988215882849856
ncg_blanketed,load,8.5,800.0,40,40,1.0,detected,3.8129260591219065,103.53739175742476,0.5988215882849856
ncg_blanketed,load,8.5,850.0,40,40,1.0,detected,4.363041480360472,120.80512892226602,0.5988215882849856
ncg_blanketed,load,8.5,900.0,40,40,1.0,detected,5.005025836070885,141.4773348054125,0.5988215882849856
ncg_blanketed,load,8.5,950.0,40,40,1.0,detected,5.758784572494882,166.43049195742284,0.5988215882849856
ncg_blanketed,load,9.0,300.0,40,40,1.0,detected,1.00753363611123,23.345779297040192,0.5988215882849856
ncg_blanketed,load,9.0,350.0,40,40,1.0,detected,1.1497504973776955,27.017584819590798,0.5988215882849856
ncg_blanketed,load,9.0,400.0,40,40,1.0,detected,1.3126097023637762,31.28871832340885,0.5988215882849856
ncg_blanketed,load,9.0,450.0,40,40,1.0,detected,1.4993554947778094,36.26611048555595,0.5988215882849856
ncg_blanketed,load,9.0,500.0,40,40,1.0,detected,1.7138202652028838,42.078842519648184,0.5988215882849856
ncg_blanketed,load,9.0,550.0,40,40,1.0,detected,1.9605566057481454,48.88379222377021,0.5988215882849856
ncg_blanketed,load,9.0,600.0,40,40,1.0,detected,2.245007580534356,56.873098632815676,0.5988215882849856
ncg_blanketed,load,9.0,650.0,40,40,1.0,detected,2.573729382342215,66.2841796875,0.5988215882849856
ncg_blanketed,load,9.0,700.0,40,40,1.0,detected,2.954687094121617,77.4134016520612,0.5988215882849856
ncg_blanketed,load,9.0,750.0,40,40,1.0,detected,3.3976545147844206,90.6350819823613,0.5988215882849856
ncg_blanketed,load,9.0,800.0,40,40,1.0,detected,3.9147654556646785,106.42846644462826,0.5988215882849856
ncg_blanketed,load,9.0,850.0,40,40,1.0,detected,4.5212911387723125,125.4169496021119,0.5988215882849856
ncg_blanketed,load,9.0,900.0,40,40,1.0,detected,5.236764981650431,148.42667352261248,0.5988215882849856
ncg_blanketed,load,9.0,950.0,40,40,1.0,detected,6.086659276878798,176.57689723429257,0.5988215882849856
ncg_blanketed,load,9.5,300.0,37,40,0.925,missed,0.9511060270895157,22.023983330237133,0.5988215882849856
ncg_blanketed,load,9.5,350.0,40,40,1.0,detected,1.0941473148233136,25.694522729188645,0.5988215882849856
ncg_blanketed,load,9.5,400.0,40,40,1.0,detected,1.2592893046054563,29.99926402060899,0.5988215882849856
ncg_blanketed,load,9.5,450.0,40,40,1.0,detected,1.4502125154018373,35.05755164722408,0.5988215882849856
ncg_blanketed,load,9.5,500.0,40,40,1.0,detected,1.6712995721289232,41.0146845546241,0.5988215882849856
ncg_blanketed,load,9.5,550.0,40,40,1.0,detected,1.927799963878968,48.048839045715106,0.5988215882849856
ncg_blanketed,load,9.5,600.0,40,40,1.0,detected,2.226044580691074,56.38032685219704,0.5988215882849856
ncg_blanketed,load,9.5,650.0,40,40,1.0,detected,2.573729382342215,66.2841796875,0.5988215882849856
ncg_blanketed,load,9.5,700.0,40,40,1.0,detected,2.9802969854628216,78.10757077504785,0.5988215882849856
ncg_blanketed,load,9.5,750.0,40,40,1.0,detected,3.457460028181785,92.2944336554425,0.5988215882849856
ncg_blanketed,load,9.5,800.0,40,40,1.0,detected,4.019934978770053,109.42107286056732,0.5988215882849856
ncg_blanketed,load,9.5,850.0,40,40,1.0,detected,4.686497286103275,130.2490682601067,0.5988215882849856
ncg_blanketed,load,9.5,900.0,40,40,1.0,detected,5.481543528631562,155.80633879902683,0.5988215882849856
ncg_blanketed,load,9.5,950.0,40,40,1.0,detected,6.4374847565040625,187.5159416114371,0.5988215882849856
ncg_blanketed,load,10.0,300.0,38,40,0.95,missed,0.8977934371181462,20.776721284131845,0.5988215882849856
ncg_blanketed,load,10.0,350.0,40,40,1.0,detected,1.041181362195534,24.435776789973275,0.5988215882849856
ncg_blanketed,load,10.0,400.0,40,40,1.0,detected,1.208076376723671,28.76225499908384,0.5988215882849856
ncg_blanketed,load,10.0,450.0,40,40,1.0,detected,1.402615913188626,33.888316804861915,0.5988215882849856
ncg_blanketed,load,10.0,500.0,40,40,1.0,detected,1.6297665404631445,39.9762429106937,0.5988215882849856
ncg_blanketed,load,10.0,550.0,40,40,1.0,detected,1.8955271618727068,47.22682953559764,0.5988215882849856
ncg_blanketed,load,10.0,600.0,40,40,1.0,detected,2.207196273587634,55.8907466995149,0.5988215882849856
ncg_blanketed,load,10.0,650.0,40,40,1.0,detected,2.573729382342215,66.2841796875,0.5988215882849856
ncg_blanketed,load,10.0,700.0,40,40,1.0,detected,3.006226088750445,78.81080406082913,0.5988215882849856
ncg_blanketed,load,10.0,750.0,40,40,1.0,detected,3.5186082452000207,93.99336687915597,0.5988215882849856
ncg_blanketed,load,10.0,800.0,40,40,1.0,detected,4.128587567947989,112.52026478535414,0.5988215882849856
ncg_blanketed,load,10.0,850.0,40,40,1.0,detected,4.859085885483836,135.31632598102078,0.5988215882849856
ncg_blanketed,load,10.0,900.0,40,40,1.0,detected,5.7403899032625105,163.65420021097657,0.5988215882849856
ncg_blanketed,load,10.0,950.0,40,40,1.0,detected,6.813551420493965,199.33708375122393,0.5988215882849856
ncg_dalton,cw,0.0,22.0,40,40,1.0,detected,4.353026597441314,97.20802307128906,0.5988215882849856
ncg_dalton,cw,0.0,23.0,40,40,1.0,detected,4.258775919376628,97.20802307128906,0.5988215882849856
ncg_dalton,cw,0.0,24.0,40,40,1.0,detected,4.167110474389645,97.20802307128906,0.5988215882849856
ncg_dalton,cw,0.0,25.0,40,40,1.0,detected,4.077951053950294,97.20802307128906,0.5988215882849856
ncg_dalton,cw,0.0,26.0,40,40,1.0,detected,3.991220906931755,97.20802307128906,0.5988215882849856
ncg_dalton,cw,0.0,27.0,40,40,1.0,detected,3.9068456754091443,97.20802307128906,0.5988215882849856
ncg_dalton,cw,0.0,28.0,40,40,1.0,detected,3.824753330741906,97.20802307128906,0.5988215882849856
ncg_dalton,cw,0.0,29.0,40,40,1.0,detected,3.744874110090784,97.20802307128906,0.5988215882849856
ncg_dalton,cw,0.0,30.0,40,40,1.0,detected,3.6671404535100223,97.20802307128906,0.5988215882849856
ncg_dalton,cw,0.0,31.0,40,40,1.0,detected,3.5914869417326614,97.20802307128906,0.5988215882849856
ncg_dalton,cw,0.0,32.0,40,40,1.0,detected,3.5178502347600826,97.20802307128906,0.5988215882849856
ncg_dalton,cw,0.5,22.0,40,40,1.0,detected,3.998664829177841,88.91386113441429,0.5988215882849856
ncg_dalton,cw,0.5,23.0,40,40,1.0,detected,3.9685012725539615,90.26825574266056,0.5988215882849856
ncg_dalton,cw,0.5,24.0,40,40,1.0,detected,3.9388214704380857,91.63385940327149,0.5988215882849856
ncg_dalton,cw,0.5,25.0,40,40,1.0,detected,3.9096159403130173,93.01065555647858,0.5988215882849856
ncg_dalton,cw,0.5,26.0,40,40,1.0,detected,3.880875413275806,94.3986269513146,0.5988215882849856
ncg_dalton,cw,0.5,27.0,40,40,1.0,detected,3.8525908289890296,95.79775565650174,0.5988215882849856
ncg_dalton,cw,0.5,28.0,40,40,1.0,detected,3.8247533307418777,97.20802307128915,0.5988215882849856
ncg_dalton,cw,0.5,29.0,40,40,1.0,detected,3.7973542606170625,98.6294099362364,0.5988215882849856
ncg_dalton,cw,0.5,30.0,40,40,1.0,detected,3.7703851547648384,100.0618963439413,0.5988215882849856
ncg_dalton,cw,0.5,31.0,40,40,1.0,detected,3.7438377387814583,101.5054617497103,0.5988215882849856
ncg_dalton,cw,0.5,32.0,40,40,1.0,detected,3.717703923191273,102.96008498216749,0.5988215882849856
ncg_dalton,cw,1.0,22.0,40,40,1.0,detected,3.670769907458542,81.30043008875633,0.5988215882849856
ncg_dalton,cw,1.0,23.0,40,40,1.0,detected,3.6962112436836456,83.8010072629984,0.5988215882849856
ncg_dalton,cw,1.0,24.0,40,40,1.0,detected,3.7217415909879428,86.36063311807513,0.5988215882849856
ncg_dalton,cw,1.0,25.0,40,40,1.0,detected,3.7473609613570034,88.9802242695306,0.5988215882849856
ncg_dalton,cw,1.0,26.0,40,40,1.0,detected,3.7730693667786674,91.66070187382705,0.5988215882849856
ncg_dalton,cw,1.0,27.0,40,40,1.0,detected,3.798866819242903,94.40299151175113,0.5988215882849856
ncg_dalton,cw,1.0,28.0,40,40,1.0,detected,3.8247533307418777,97.20802307128923,0.5988215882849856
ncg_dalton,cw,1.0,29.0,40,40,1.0,detected,3.850728913270032,100.07673063002345,0.5988215882849856
ncg_dalton,cw,1.0,30.0,40,40,1.0,detected,3.8767935788239143,103.01005233708656,0.5988215882849856
ncg_dalton,cw,1.0,31.0,40,40,1.0,detected,3.9029473394024023,106.00893029472826,0.5988215882849856
ncg_dalton,cw,1.0,32.0,40,40,1.0,detected,3.9291902070067977,109.07431043953129,0.5988215882849856
ncg_dalton,cw,1.5,22.0,40,40,1.0,detected,3.367768065421469,74.31707565467583,0.5988215882849856
ncg_dalton,cw,1.5,23.0,40,40,1.0,detected,3.441050661521654,77.77783874229475,0.5988215882849856
ncg_dalton,cw,1.5,24.0,40,40,1.0,detected,3.5154730233815563,81.37455867178501,0.5988215882849856
ncg_dalton,cw,1.5,25.0,40,40,1.0,detected,3.5910448201574106,85.11151315327317,0.5988215882849856
ncg_dalton,cw,1.5,26.0,40,40,1.0,detected,3.6677757091333767,88.99307691391299,0.5988215882849856
ncg_dalton,cw,1.5,27.0,40,40,1.0,detected,3.745675335265169,93.02372283366856,0.5988215882849856
ncg_dalton,cw,1.5,28.0,40,40,1.0,detected,3.824753330741885,97.20802307128932,0.5988215882849856
ncg_dalton,cw,1.5,29.0,40,40,1.0,detected,3.9050193145600858,101.55065018006222,0.5988215882849856
ncg_dalton,cw,1.5,30.0,40,40,1.0,detected,3.9864828921139193,106.05637821292913,0.5988215882849856
ncg_dalton,cw,1.5,31.0,40,40,1.0,detected,4.069153654799443,110.73008381657202,0.5988215882849856
ncg_dalton,cw,1.5,32.0,40,40,1.0,detected,4.153041179633,115.57674731406547,0.5988215882849856
ncg_dalton,cw,2.0,22.0,40,40,1.0,detected,3.0881114232424522,67.91595379111716,0.5988215882849856
ncg_dalton,cw,2.0,23.0,40,40,1.0,detected,3.2021681163418982,72.17144537320281,0.5988215882849856
ncg_dalton,cw,2.0,24.0,40,40,1.0,detected,3.319614366409244,76.66217489917612,0.5988215882849856
ncg_dalton,cw,2.0,25.0,40,40,1.0,detected,3.440522548029964,81.39933500432478,0.5988215882849856
ncg_dalton,cw,2.0,26.0,40,40,1.0,detected,3.5649657672803805,86.39455945360052,0.5988215882849856
ncg_dalton,cw,2.0,27.0,40,40,1.0,detected,3.6930178501641535,91.6599365928658,0.5988215882849856
ncg_dalton,cw,2.0,28.0,40,40,1.0,detected,3.824753330741892,97.2080230712894,0.5988215882849856
ncg_dalton,cw,2.0,29.0,40,40,1.0,detected,3.9602474389697235,103.05185783654005,0.5988215882849856
ncg_dalton,cw,2.0,30.0,40,40,1.0,detected,4.099576088263028,109.20497640434927,0.5988215882849856
ncg_dalton,cw,2.0,31.0,40,40,1.0,detected,4.242815862803056,115.68142540394953,0.5988215882849856
ncg_dalton,cw,2.0,32.0,40,40,1.0,detected,4.3900440046068,122.49577740082333,0.5988215882849856
ncg_dalton,cw,2.5,22.0,40,40,1.0,detected,2.8302902214508094,62.05204983363558,0.5988215882849856
ncg_dalton,cw,2.5,23.0,40,40,1.0,detected,2.978721937777074,66.95570086267217,0.5988215882849856
ncg_dalton,cw,2.5,24.0,40,40,1.0,detected,3.1337630492182704,72.21037667535094,0.5988215882849856
ncg_dalton,cw,2.5,25.0,40,40,1.0,detected,3.2956462235388067,77.83854493229741,0.5988215882849856
ncg_dalton,cw,2.5,26.0,40,40,1.0,detected,3.464609369274992,83.86393806782499,0.5988215882849856
ncg_dalton,cw,2.5,27.0,40,40,1.0,detected,3.6408956230425957,90.31161462190931,0.5988215882849856
ncg_dalton,cw,2.5,28.0,40,40,1.0,detected,3.824753330741899,97.20802307128949,0.5988215882849856
ncg_dalton,cw,2.5,29.0,40,40,1.0,detected,4.016436022606719,104.58106824309571,0.5988215882849856
ncg_dalton,cw,2.5,30.0,40,40,1.0,detected,4.2162023820770145,112.46018039664158,0.5988215882849856
ncg_dalton,cw,2.5,31.0,40,40,1.0,detected,4.424316208492371,120.8763870612732,0.5988215882849856
ncg_dalton,cw,2.5,32.0,40,40,1.0,detected,4.641046373636534,129.86238772050962,0.5988215882849856
ncg_dalton,cw,3.0,22.0,40,40,1.0,detected,2.5928426814042105,56.68315959034249,0.5988215882849856
ncg_dalton,cw,3.0,23.0,40,40,1.0,detected,2.769885327550348,62.105684969679984,0.5988215882849856
ncg_dalton,cw,3.0,24.0,40,40,1.0,detected,2.957517523072685,68.00644089591637,0.5988215882849856
ncg_dalton,cw,3.0,25.0,40,40,1.0,detected,3.1562656555217288,74.42405261994499,0.5988215882849856
ncg_dalton,cw,3.0,26.0,40,40,1.0,detected,3.3666749594571534,81.39998532763245,0.5988215882849856
ncg_dalton,cw,3.0,27.0,40,40,1.0,detected,3.589309701205366,88.97873370768876,0.5988215882849856
ncg_dalton,cw,3.0,28.0,40,40,1.0,detected,3.824753330741906,97.20802307128957,0.5988215882849856
ncg_dalton,cw,3.0,29.0,40,40,1.0,detected,4.073608598821906,106.1390226782929,0.5988215882849856
ncg_dalton,cw,3.0,30.0,40,40,1.0,detected,4.33649763764295,115.82657196022569,0.5988215882849856
ncg_dalton,cw,3.0,31.0,40,40,1.0,detected,4.614062003490538,126.32942036722608,0.5988215882849856
ncg_dalton,cw,3.0,32.0,40,40,1.0,detected,4.906962680037395,137.71048160505774,0.5988215882849856
ncg_dalton,cw,3.5,22.0,40,40,1.0,detected,2.37436266751536,51.76983900135413,0.5988215882849856
ncg_dalton,cw,3.5,23.0,40,40,1.0,detected,2.574850677977281,57.597696108473635,0.5988215882849856
ncg_dalton,cw,3.5,24.0,40,40,1.0,detected,2.79047922456348,64.03804713919293,0.5988215882849856
ncg_dalton,cw,3.5,25.0,40,40,1.0,detected,3.022229027570763,71.1508333960731,0.5988215882849856
ncg_dalton,cw,3.5,26.0,40,40,1.0,detected,3.2711297124270367,79.00146051302184,0.5988215882849856
ncg_dalton,cw,3.5,27.0,40,40,1.0,detected,3.5382609225825803,87.66126568791536,0.5988215882849856
ncg_dalton,cw,3.5,28.0,40,40,1.0,detected,3.8247533307418706,97.20802307128906,0.5988215882849856
ncg_dalton,cw,3.5,29.0,40,40,1.0,detected,4.131789535934715,107.72649037306128,0.5988215882849856
ncg_dalton,cw,3.5,30.0,40,40,1.0,detected,4.460604834169352,119.30899999527085,0.5988215882849856
ncg_dalton,cw,3.5,31.0,40,40,1.0,detected,4.812487850894854,132.05609826409506,0.5988215882849856
ncg_dalton,cw,3.5,32.0,40,40,1.0,detected,5.188781024260557,146.07723662035872,0.5988215882849856
ncg_dalton,cw,4.0,22.0,40,40,1.0,detected,2.1735053611547706,47.27532856370451,0.5988215882849856
ncg_dalton,cw,4.0,23.0,40,40,1.0,detected,2.392833121715938,53.409250975036905,0.5988215882849856
ncg_dalton,cw,4.0,24.0,40,40,1.0,detected,2.6322543130654097,60.293293409179874,0.5988215882849856
ncg_dalton,cw,4.0,25.0,40,40,1.0,detected,2.8933835021161087,68.01393814450324,0.5988215882849856
ncg_dalton,cw,4.0,26.0,40,40,1.0,detected,3.17793964536585,76.66711222889201,0.5988215882849856
ncg_dalton,cw,4.0,27.0,40,40,1.0,detected,3.4877499183617644,86.35917755149205,0.5988215882849856
ncg_dalton,cw,4.0,28.0,40,40,1.0,detected,3.8247533307418777,97.20802307128976,0.5988215882849856
ncg_dalton,cw,4.0,29.0,40,40,1.0,detected,4.19100407721362,109.34426990971654,0.5988215882849856
ncg_dalton,cw,4.0,30.0,40,40,1.0,detected,4.588674573620253,122.91260117020923,0.5988215882849856
ncg_dalton,cw,4.0,31.0,40,40,1.0,detected,5.020058127149106,138.07322962830304,0.5988215882849856
ncg_dalton,cw,4.0,32.0,40,40,1.0,detected,5.487571190986756,155.00351785428933,0.5988215882849856
ncg_dalton,cw,4.5,22.0,40,40,1.0,detected,1.988991174963644,43.165458182828345,0.5988215882849856
ncg_dalton,cw,4.5,23.0,40,40,1.0,detected,2.2230733686184507,49.51907309743836,0.5988215882849856
ncg_dalton,cw,4.5,24.0,40,40,1.0,detected,2.482455188708002,56.76070737944498,0.5988215882849856
ncg_dalton,cw,4.5,25.0,40,40,1.0,detected,2.769575782911449,65.00850208219325,0.5988215882849856
ncg_dalton,cw,4.5,26.0,40,40,1.0,detected,3.087069728283634,74.3956809185799,0.5988215882849856
ncg_dalton,cw,4.5,27.0,40,40,1.0,detected,3.4377771158180153,85.07243154248698,0.5988215882849856
ncg_dalton,cw,4.5,28.0,40,40,1.0,detected,3.8247533307418777,97.20802307128984,0.5988215882849856
ncg_dalton,cw,4.5,29.0,40,40,1.0,detected,4.251278383278908,110.99319070865472,0.5988215882849856
ncg_dalton,cw,4.5,30.0,40,40,1.0,detected,4.72086563472611,126.64282256036078,0.5988215882849856
ncg_dalton,cw,4.5,31.0,40,40,1.0,detected,5.237269757361815,144.39898856149046,0.5988215882849856
ncg_dalton,cw,4.5,32.0,40,40,1.0,detected,5.804493765217067,164.53435693269245,0.5988215882849856
ncg_dalton,cw,5.0,22.0,40,40,1.0,detected,1.8196081417340544,39.408537491867925,0.5988215882849856
ncg_dalton,cw,5.0,23.0,40,40,1.0,detected,2.0648398921889033,45.90707211196366,0.5988215882849856
ncg_dalton,cw,5.0,24.0,40,40,1.0,detected,2.3407017999255118,53.42925356758197,0.5988215882849856
ncg_dalton,cw,5.0,25.0,40,40,1.0,detected,2.6506526353102444,62.129752447795596,0.5988215882849856
ncg_dalton,cw,5.0,26.0,40,40,1.0,detected,2.9984839918195796,72.18590127048742,0.5988215882849856
ncg_dalton,cw,5.0,27.0,40,40,1.0,detected,3.388342741333517,83.8009852674498,0.5988215882849856
ncg_dalton,cw,5.0,28.0,40,40,1.0,detected,3.8247533307418777,97.20802307128993,0.5988215882849856
ncg_dalton,cw,5.0,29.0,40,40,1.0,detected,4.312639577104477,112.67411460937403,0.5988215882849856
ncg_dalton,cw,5.0,30.0,40,40,1.0,detected,4.85734557854493,130.50544652086398,0.5988215882849856
ncg_dalton,cw,5.0,31.0,40,40,1.0,detected,5.4646553267475255,151.0530606892082,0.5988215882849856
ncg_dalton,cw,5.0,32.0,40,40,1.0,detected,6.140810589371135,174.71950942074304,0.5988215882849856
ncg_dalton,cw,5.5,22.0,40,40,1.0,detected,1.6642130071956807,35.97523602853409,0.5988215882849856
ncg_dalton,cw,5.5,23.0,40,40,1.0,detected,1.9174305316262306,42.55431543880247,0.5988215882849856
ncg_dalton,cw,5.5,24.0,40,40,1.0,detected,2.2066227517883057,50.288336869204784,0.5988215882849856
ncg_dalton,cw,5.5,25.0,40,40,1.0,detected,2.5364613642523963,59.37301514856638,0.5988215882849856
ncg_dalton,cw,5.5,26.0,40,40,1.0,detected,2.9121456322595414,70.03650451424014,0.5988215882849856
ncg_dalton,cw,5.5,27.0,40,40,1.0,detected,3.339446823596127,82.54479180579492,0.5988215882849856
ncg_dalton,cw,5.5,28.0,40,40,1.0,detected,3.8247533307418777,97.20802307129001,0.5988215882849856
ncg_dalton,cw,5.5,29.0,40,40,1.0,detected,4.375115791812277,114.38793755303088,0.5988215882849856
ncg_dalton,cw,5.5,30.0,40,40,1.0,detected,4.9982914114411585,134.50661806047498,0.5988215882849856
ncg_dalton,cw,5.5,31.0,40,40,1.0,detected,5.702786578304561,158.05680917449104,0.5988215882849856
ncg_dalton,cw,5.5,32.0,40,40,1.0,detected,6.4978968063800195,185.61410615447429,0.5988215882849856
ncg_dalton,cw,6.0,22.0,40,40,1.0,detected,1.5217312438374933,32.8384570120102,0.5988215882849856
ncg_dalton,cw,6.0,23.0,40,40,1.0,detected,1.7801735762961926,39.44299388429334,0.5988215882849856
ncg_dalton,cw,6.0,24.0,40,40,1.0,detected,2.079856227876082,47.32780287143555,0.5988215882849856
ncg_dalton,cw,6.0,25.0,40,40,1.0,detected,2.4268502503479574,56.73372041870759,0.5988215882849856
ncg_dalton,cw,6.0,26.0,40,40,1.0,detected,2.8280171134763883,67.94622060373128,0.5988215882849856
ncg_dalton,cw,6.0,27.0,40,40,1.0,detected,3.291089196966311,81.30379982298545,0.5988215882849856
ncg_dalton,cw,6.0,28.0,40,40,1.0,detected,3.824753330741885,97.2080230712901,0.5988215882849856
ncg_dalton,cw,6.0,29.0,40,40,1.0,detected,4.438736221471515,116.13559137443495,0.5988215882849856
ncg_dalton,cw,6.0,30.0,40,40,1.0,detected,5.143890312136961,138.652875020355,0.5988215882849856
ncg_dalton,cw,6.0,31.0,40,40,1.0,detected,5.952278355765159,165.43346366380536,0.5988215882849856
ncg_dalton,cw,6.0,32.0,40,40,1.0,detected,6.877254787563153,197.2794177048857,0.5988215882849856
ncg_dalton,cw,6.5,22.0,40,40,1.0,detected,1.3911561858038581,29.973207845504174,0.5988215882849856
ncg_dalton,cw,6.5,23.0,40,40,1.0,detected,1.6524283982800725,36.55638254027993,0.5988215882849856
ncg_dalton,cw,6.5,24.0,40,40,1.0,detected,1.9600507394827318,44.53793535024825,0.5988215882849856
ncg_dalton,cw,6.5,25.0,40,40,1.0,detected,2.321668944844234,54.20740754602762,0.5988215882849856
ncg_dalton,cw,6.5,26.0,40,40,1.0,detected,2.7460602655412494,65.91378028526043,0.5988215882849856
ncg_dalton,cw,6.5,27.0,40,40,1.0,detected,3.243269505003603,80.07795368625791,0.5988215882849856
ncg_dalton,cw,6.5,28.0,40,40,1.0,detected,3.8247533307418706,97.20802307129019,0.5988215882849856
ncg_dalton,cw,6.5,29.0,40,40,1.0,detected,4.5035311751307745,117.91804571207062,0.5988215882849856
ncg_dalton,cw,6.5,30.0,40,40,1.0,detected,5.294340430418963,142.95118140573445,0.5988215882849856
ncg_dalton,cw,6.5,31.0,40,40,1.0,detected,6.2137930616762205,173.20833600506103,0.5988215882849856
ncg_dalton,cw,6.5,32.0,40,40,1.0,detected,7.280530311844345,209.78375584120315,0.5988215882849856
ncg_dalton,cw,7.0,22.0,40,40,1.0,detected,1.2715474649593226,27.35646990047821,0.5988215882849856
ncg_dalton,cw,7.0,23.0,40,40,1.0,detected,1.5335856959048542,33.8787981922432,0.5988215882849856
ncg_dalton,cw,7.0,24.0,40,40,1.0,detected,1.8468657165148628,41.90945133540291,0.5988215882849856
ncg_dalton,cw,7.0,25.0,40,40,1.0,detected,2.2207688246015707,51.78972872639689,0.5988215882849856
ncg_dalton,cw,7.0,26.0,40,40,1.0,detected,2.666236379791055,63.93791704978127,0.5988215882849856
ncg_dalton,cw,7.0,27.0,40,40,1.0,detected,3.1959872041417725,78.86719358261807,0.5988215882849856
ncg_dalton,cw,7.0,28.0,40,40,1.0,detected,3.8247533307418706,97.20802307129027,0.5988215882849856
ncg_dalton,cw,7.0,29.0,40,40,1.0,detected,4.569532134336114,119.73631004555953,0.5988215882849856
ncg_dalton,cw,7.0,30.0,40,40,1.0,detected,5.449851766146196,147.40896426928455,0.5988215882849856
ncg_dalton,cw,7.0,31.0,40,40,1.0,detected,6.4880457135995115,181.40906733989894,0.5988215882849856
ncg_dalton,cw,7.0,32.0,40,40,1.0,detected,7.709531448836003,223.20354185145203,0.5988215882849856
ncg_dalton,cw,7.5,22.0,40,40,1.0,detected,1.1620289070618846,24.96706962637494,0.5988215882849856
ncg_dalton,cw,7.5,23.0,40,40,1.0,detected,1.4230674073102705,31.395554292044988,0.5988215882849856
ncg_dalton,cw,7.5,24.0,40,40,1.0,detected,1.739971954644183,39.43349410252119,0.5988215882849856
ncg_dalton,cw,7.5,25.0,40,40,1.0,detected,2.124003308487694,49.476452106970974,0.5988215882849856
ncg_dalton,cw,7.5,26.0,40,40,1.0,detected,2.58850630017454,62.01736896898246,0.5988215882849856
ncg_dalton,cw,7.5,27.0,40,40,1.0,detected,3.1492415675012424,77.67145563883332,0.5988215882849856
ncg_dalton,cw,7.5,28.0,40,40,1.0,detected,3.8247533307418706,97.20802307129036,0.5988215882849856
ncg_dalton,cw,7.5,29.0,40,40,1.0,detected,4.636771814404227,121.5914358708271,0.5988215882849856
ncg_dalton,cw,7.5,30.0,40,40,1.0,detected,5.610647138451263,152.0341546047998,0.5988215882849856
ncg_dalton,cw,7.5,31.0,40,40,1.0,detected,6.77580969748054,190.0659121120783,0.5988215882849856
ncg_dalton,cw,7.5,32.0,40,40,1.0,detected,8.166250708241996,237.62457933549024,0.5988215882849856
ncg_dalton,cw,8.0,22.0,40,40,1.0,detected,1.0617860257963372,22.785552579090883,0.5988215882849856
ncg_dalton,cw,8.0,23.0,40,40,1.0,detected,1.3203263485336691,29.092914402431866,0.5988215882849856
ncg_dalton,cw,8.0,24.0,40,40,1.0,detected,1.6390519331439748,37.1016244252807,0.5988215882849856
ncg_dalton,cw,8.0,25.0,40,40,1.0,detected,2.0312281368196103,47.26346407966502,0.5988215882849856
ncg_dalton,cw,8.0,26.0,40,40,1.0,detected,2.512830510736766,60.15088041565277,0.5988215882849856
ncg_dalton,cw,8.0,27.0,40,40,1.0,detected,3.1030316888305762,76.49067204319087,0.5988215882849856
ncg_dalton,cw,8.0,28.0,40,40,1.0,detected,3.8247533307418706,97.20802307129044,0.5988215882849856
ncg_dalton,cw,8.0,29.0,40,40,1.0,detected,4.705284229757282,123.48451902428319,0.5988215882849856
ncg_dalton,cw,8.0,30.0,40,40,1.0,detected,5.776963256485388,156.83523277986964,0.5988215882849856
ncg_dalton,cw,8.0,31.0,40,40,1.0,detected,7.0779233369443375,199.21206569705606,0.5988215882849856
ncg_dalton,cw,8.0,32.0,40,40,1.0,detected,8.6528911596616,253.14357920972736,0.5988215882849856
ncg_dalton,cw,8.5,22.0,40,40,1.0,detected,0.9700632320827793,20.794061572830895,0.5988215882849856
ncg_dalton,cw,8.5,23.0,40,40,1.0,detected,1.2248456256198281,26.958044881701365,0.5988215882849856
ncg_dalton,cw,8.5,24.0,40,40,1.0,detected,1.5438000174649353,34.905810392865234,0.5988215882849856
ncg_dalton,cw,8.5,25.0,40,40,1.0,detected,1.9423016156597122,45.146770886063784,0.5988215882849856
ncg_dalton,cw,8.5,26.0,40,40,1.0,detected,2.4391692191326406,58.337203669333604,0.5988215882849856
ncg_dalton,cw,8.5,27.0,40,40,1.0,detected,3.057356486564565,75.32477116873949,0.5988215882849856
ncg_dalton,cw,8.5,28.0,40,40,1.0,detected,3.8247533307419275,97.20802307129053,0.5988215882849856
ncg_dalton,cw,8.5,29.0,40,40,1.0,detected,4.77510476363711,125.41670216828885,0.5988215882849856
ncg_dalton,cw,8.5,30.0,40,40,1.0,detected,5.949051904758377,161.82127911878032,0.5988215882849856
ncg_dalton,cw,8.5,31.0,40,40,1.0,detected,7.3952974216212155,208.88404380735324,0.5988215882849856
ncg_dalton,cw,8.5,32.0,40,40,1.0,detected,9.17189741098678,269.86999799496954,0.5988215882849856
ncg_dalton,cw,9.0,22.0,39,40,0.975,missed,0.8861608571355006,18.976219830710757,0.5988215882849856
ncg_dalton,cw,9.0,23.0,40,40,1.0,detected,1.1361378651207872,24.978967449811613,0.5988215882849856
ncg_dalton,cw,9.0,24.0,40,40,1.0,detected,1.4539225600350072,32.83841606951279,0.5988215882849856
ncg_dalton,cw,9.0,25.0,40,40,1.0,detected,1.8570848278992358,43.1224995939469,0.5988215882849856
ncg_dalton,cw,9.0,26.0,40,40,1.0,detected,2.3674824360952336,56.575100408875265,0.5988215882849856
ncg_dalton,cw,9.0,27.0,40,40,1.0,detected,3.0122147079891803,74.17367769776668,0.5988215882849856
ncg_dalton,cw,9.0,28.0,40,40,1.0,detected,3.8247533307419275,97.20802307129061,0.5988215882849856
ncg_dalton,cw,9.0,29.0,40,40,1.0,detected,4.846270242565787,127.38917745155001,0.5988215882849856
ncg_dalton,cw,9.0,30.0,40,40,1.0,detected,6.1271812581340726,167.002030344512,0.5988215882849856
ncg_dalton,cw,9.0,31.0,40,40,1.0,detected,7.7289238678530126,219.12212364448436,0.5988215882849856
ncg_dalton,cw,9.0,32.0,40,40,1.0,detected,9.725992575123968,287.92826818115543,0.5988215882849856
ncg_dalton,cw,9.5,22.0,39,40,0.975,missed,0.8094320705489615,17.31701973516626,0.5988215882849856
ncg_dalton,cw,9.5,23.0,40,40,1.0,detected,1.0537443022597124,23.14451216265592,0.5988215882849856
ncg_dalton,cw,9.5,24.0,40,40,1.0,detected,1.3691379120491938,30.892189244993745,0.5988215882849856
ncg_dalton,cw,9.5,25.0,40,40,1.0,detected,1.7754418131441234,41.18689850400012,0.5988215882849856
ncg_dalton,cw,9.5,26.0,40,40,1.0,detected,2.297730050809708,54.8633430939538,0.5988215882849856
ncg_dalton,cw,9.5,27.0,40,40,1.0,detected,2.96760493350466,73.03731274729417,0.5988215882849856
ncg_dalton,cw,9.5,28.0,40,40,1.0,detected,3.8247533307419275,97.2080230712907,0.5988215882849856
ncg_dalton,cw,9.5,29.0,40,40,1.0,detected,4.918819015941708,129.40318935928906,0.5988215882849856
ncg_dalton,cw,9.5,30.0,40,40,1.0,detected,6.31163734390848,172.38794270439544,0.5988215882849856
ncg_dalton,cw,9.5,31.0,40,40,1.0,detected,8.079885722927656,229.97085905855513,0.5988215882849856
ncg_dalton,cw,9.5,32.0,40,40,1.0,detected,10.318222674749471,307.46052325856493,0.5988215882849856
ncg_dalton,cw,10.0,22.0,36,40,0.9,missed,0.7392797593788565,15.80271755442623,0.5988215882849856
ncg_dalton,cw,10.0,23.0,39,40,0.975,missed,0.9772337611031361,21.444271219381353,0.5988215882849856
ncg_dalton,cw,10.0,24.0,40,40,1.0,detected,1.289176358201015,29.060248497622283,0.5988215882849856
ncg_dalton,cw,10.0,25.0,40,40,1.0,detected,1.6972397184723746,39.336337043226884,0.5988215882849856
ncg_dalton,cw,10.0,26.0,40,40,1.0,detected,2.2298719021756774,53.20071623807973,0.5988215882849856
ncg_dalton,cw,10.0,27.0,40,40,1.0,detected,2.923525580974065,71.9155939953102,0.5988215882849856
ncg_dalton,cw,10.0,28.0,40,40,1.0,detected,3.8247533307419275,97.2080230712908,0.5988215882849856
ncg_dalton,cw,10.0,29.0,40,40,1.0,detected,4.992791041203354,131.46003776960683,0.5988215882849856
ncg_dalton,cw,10.0,30.0,40,40,1.0,detected,6.50272567119832,177.99026274173383,0.5988215882849856
ncg_dalton,cw,10.0,31.0,40,40,1.0,detected,8.44936877155967,241.4796848848333,0.5988215882849856
ncg_dalton,cw,10.0,32.0,40,40,1.0,detected,10.952010363347654,328.6299523089979,0.5988215882849856
ncg_dalton,load,0.0,300.0,40,40,1.0,detected,4.100648999970421,97.20802307128906,0.5988215882849856
ncg_dalton,load,0.0,350.0,40,40,1.0,detected,4.060386458178865,97.20802307128906,0.5988215882849856
ncg_dalton,load,0.0,400.0,40,40,1.0,detected,4.020455643146331,97.20802307128906,0.5988215882849856
ncg_dalton,load,0.0,450.0,40,40,1.0,detected,3.9808268380374514,97.20802307128906,0.5988215882849856
ncg_dalton,load,0.0,500.0,40,40,1.0,detected,3.941471023369644,97.20802307128906,0.5988215882849856
ncg_dalton,load,0.0,550.0,40,40,1.0,detected,3.9023594652776907,97.20802307128906,0.5988215882849856
ncg_dalton,load,0.0,600.0,40,40,1.0,detected,3.8634633328591335,97.20802307128906,0.5988215882849856
ncg_dalton,load,0.0,650.0,40,40,1.0,detected,3.8247533307418777,97.20802307128906,0.5988215882849856
ncg_dalton,load,0.0,700.0,40,40,1.0,detected,3.7861993345391767,97.20802307128906,0.5988215882849856
ncg_dalton,load,0.0,750.0,40,40,1.0,detected,3.7477700176361637,97.20802307128906,0.5988215882849856
ncg_dalton,load,0.0,800.0,40,40,1.0,detected,3.709432457848443,97.20802307128906,0.5988215882849856
ncg_dalton,load,0.0,850.0,40,40,1.0,detected,3.671151711985189,97.20802307128906,0.5988215882849856
ncg_dalton,load,0.0,900.0,40,40,1.0,detected,3.6328903451917967,97.20802307128906,0.5988215882849856
ncg_dalton,load,0.0,950.0,40,40,1.0,detected,3.594607900099433,97.20802307128906,0.5988215882849856
ncg_dalton,load,0.5,300.0,40,40,1.0,detected,3.9169915393988752,92.65980388632664,0.5988215882849856
ncg_dalton,load,0.5,350.0,40,40,1.0,detected,3.9037556558975943,93.29096547886536,0.5988215882849856
ncg_dalton,load,0.5,400.0,40,40,1.0,detected,3.890554719145946,93.92744517144968,0.5988215882849856
ncg_dalton,load,0.5,450.0,40,40,1.0,detected,3.8773796542135415,94.56974308507398,0.5988215882849856
ncg_dalton,load,0.5,500.0,40,40,1.0,detected,3.8642213707194486,95.2183806694948,0.5988215882849856
ncg_dalton,load,0.5,550.0,40,40,1.0,detected,3.851070631228069,95.8739080686332,0.5988215882849856
ncg_dalton,load,0.5,600.0,40,40,1.0,detected,3.8379179232800453,96.53691181205454,0.5988215882849856
ncg_dalton,load,0.5,650.0,40,40,1.0,detected,3.8247533307418706,97.20802307128915,0.5988215882849856
ncg_dalton,load,0.5,700.0,40,40,1.0,detected,3.811566400385857,97.88792673238042,0.5988215882849856
ncg_dalton,load,0.5,750.0,40,40,1.0,detected,3.798345999602219,98.577371562327,0.5988215882849856
ncg_dalton,load,0.5,800.0,40,40,1.0,detected,3.785080160910219,99.27718178822283,0.5988215882849856
ncg_dalton,load,0.5,850.0,40,40,1.0,detected,3.7717559084684353,99.98827046633028,0.5988215882849856
ncg_dalton,load,0.5,900.0,40,40,1.0,detected,3.7583590610652564,100.71165509795895,0.5988215882849856
ncg_dalton,load,0.5,950.0,40,40,1.0,detected,3.744874005041112,101.4484760555849,0.5988215882849856
ncg_dalton,load,1.0,300.0,40,40,1.0,detected,3.740921079496694,88.31691177785015,0.5988215882849856
ncg_dalton,load,1.0,350.0,40,40,1.0,detected,3.75261950370297,89.52427172519637,0.5988215882849856
ncg_dalton,load,1.0,400.0,40,40,1.0,detected,3.76439496537569,90.7504462741915,0.5988215882849856
ncg_dalton,load,1.0,450.0,40,40,1.0,detected,3.7762563272306053,91.99662186591263,0.5988215882849856
ncg_dalton,load,1.0,500.0,40,40,1.0,detected,3.788212809772098,93.26405920740113,0.5988215882849856
ncg_dalton,load,1.0,550.0,40,40,1.0,detected,3.800274121601923,94.55410991370658,0.5988215882849856
ncg_dalton,load,1.0,600.0,40,40,1.0,detected,3.8124505949637566,95.86823461453515,0.5988215882849856
ncg_dalton,load,1.0,650.0,40,40,1.0,detected,3.8247533307418706,97.20802307128923,0.5988215882849856
ncg_dalton,load,1.0,700.0,40,40,1.0,detected,3.837194357328478,98.57521691573427,0.5988215882849856
ncg_dalton,load,1.0,750.0,40,40,1.0,detected,3.8497868082146027,99.971735719533,0.5988215882849856
ncg_dalton,load,1.0,800.0,40,40,1.0,detected,3.862545123853323,101.39970724018626,0.5988215882849856
ncg_dalton,load,1.0,850.0,40,40,1.0,detected,3.8754852843448546,102.8615028724835,0.5988215882849856
ncg_dalton,load,1.0,900.0,40,40,1.0,detected,3.8886250808554905,104.3597795784086,0.5988215882849856
ncg_dalton,load,1.0,950.0,40,40,1.0,detected,3.901984435508453,105.89752989102959,0.5988215882849856
ncg_dalton,load,1.5,300.0,40,40,1.0,detected,3.572184267993066,84.17088633754624,0.5988215882849856
ncg_dalton,load,1.5,350.0,40,40,1.0,detected,3.6068303919187095,85.90286763926149,0.5988215882849856
ncg_dalton,load,1.5,400.0,40,40,1.0,detected,3.6419006471999253,87.67431411193579,0.5988215882849856
ncg_dalton,load,1.5,450.0,40,40,1.0,detected,3.6774255289368725,89.48745521945037,0.5988215882849856
ncg_dalton,load,1.5,500.0,40,40,1.0,detected,3.713437322026934,91.34468648970413,0.5988215882849856
ncg_dalton,load,1.5,550.0,40,40,1.0,detected,3.749970539884984,93.24859947986548,0.5988215882849856
ncg_dalton,load,1.5,600.0,40,40,1.0,detected,3.787062397152752,95.20201535181869,0.5988215882849856
ncg_dalton,load,1.5,650.0,40,40,1.0,detected,3.8247533307418706,97.20802307128932,0.5988215882849856
ncg_dalton,load,1.5,700.0,40,40,1.0,detected,3.86308758504601,99.27002341620675,0.5988215882849856
ncg_dalton,load,1.5,750.0,40,40,1.0,detected,3.9021138794979677,101.39178021568837,0.5988215882849856
ncg_dalton,load,1.5,800.0,40,40,1.0,detected,3.941886179969039,103.5774805559283,0.5988215882849856
ncg_dalton,load,1.5,850.0,40,40,1.0,detected,3.982464600029246,105.83180610533255,0.5988215882849856
ncg_dalton,load,1.5,900.0,40,40,1.0,detected,4.023916464105056,108.16001825955674,0.5988215882849856
ncg_dalton,load,1.5,950.0,40,40,1.0,detected,4.066317572575933,110.5680605313439,0.5988215882849856
ncg_dalton,load,2.0,300.0,40,40,1.0,detected,3.410530660231231,80.21353319832305,0.5988215882849856
ncg_dalton,load,2.0,350.0,40,40,1.0,detected,3.466241024738359,82.42178886099674,0.5988215882849856
ncg_dalton,load,2.0,400.0,40,40,1.0,detected,3.522995361260005,84.69636627805322,0.5988215882849856
ncg_dalton,load,2.0,450.0,40,40,1.0,detected,3.5808551812434004,87.04103718969307,0.5988215882849856
ncg_dalton,load,2.0,500.0,40,40,1.0,detected,3.6398864270719216,89.45988285635973,0.5988215882849856
ncg_dalton,load,2.0,550.0,40,40,1.0,detected,3.7001603306550948,91.9573439394063,0.5988215882849856
ncg_dalton,load,2.0,600.0,40,40,1.0,detected,3.7617543668715356,94.53827752744625,0.5988215882849856
ncg_dalton,load,2.0,650.0,40,40,1.0,detected,3.8247533307418706,97.2080230712894,0.5988215882849856
ncg_dalton,load,2.0,700.0,40,40,1.0,detected,3.889250571687974,99.97247935036647,0.5988215882849856
ncg_dalton,load,2.0,750.0,40,40,1.0,detected,3.955349424517223,102.83819507138242,0.5988215882849856
ncg_dalton,load,2.0,800.0,40,40,1.0,detected,4.023164885244924,105.8124763288057,0.5988215882849856
ncg_dalton,load,2.0,850.0,40,40,1.0,detected,4.092825591136403,108.90351498345042,0.5988215882849856
ncg_dalton,load,2.0,900.0,40,40,1.0,detected,4.1644761792425555,112.12054310508441,0.5988215882849856
ncg_dalton,load,2.0,950.0,40,40,1.0,detected,4.238280117399476,115.47402006916934,0.5988215882849856
ncg_dalton,load,2.5,300.0,40,40,1.0,detected,3.2557132425935933,76.43692391371974,0.5988215882849856
ncg_dalton,load,2.5,350.0,40,40,1.0,detected,3.3307047525758087,79.0761838529967,0.5988215882849856
ncg_dalton,load,2.5,400.0,40,40,1.0,detected,3.407602212560633,81.81395302894668,0.5988215882849856
ncg_dalton,load,2.5,450.0,40,40,1.0,detected,3.48651253026339,84.65616163823655,0.5988215882849856
ncg_dalton,load,2.5,500.0,40,40,1.0,detected,3.567551203233073,87.60926173192561,0.5988215882849856
ncg_dalton,load,2.5,550.0,40,40,1.0,detected,3.650843781595931,90.6803068387794,0.5988215882849856
ncg_dalton,load,2.5,600.0,40,40,1.0,detected,3.736527528660787,93.87704426984912,0.5988215882849856
ncg_dalton,load,2.5,650.0,40,40,1.0,detected,3.8247533307418706,97.20802307128949,0.5988215882849856
ncg_dalton,load,2.5,700.0,40,40,1.0,detected,3.9156879174650214,100.68272126922315,0.5988215882849856
ncg_dalton,load,2.5,750.0,40,40,1.0,detected,4.0095164671339845,104.31169693900232,0.5988215882849856
ncg_dalton,load,2.5,800.0,40,40,1.0,detected,4.106445689360164,108.10676879736687,0.5988215882849856
ncg_dalton,load,2.5,850.0,40,40,1.0,detected,4.206707500409827,112.08123355156096,0.5988215882849856
ncg_dalton,load,2.5,900.0,40,40,1.0,detected,4.310563437430389,116.25012927310999,0.5988215882849856
ncg_dalton,load,2.5,950.0,40,40,1.0,detected,4.4183099984425525,120.63055677678274,0.5988215882849856
ncg_dalton,load,3.0,300.0,40,40,1.0,detected,3.107488898495962,72.8333948912994,0.5988215882849856
ncg_dalton,load,3.0,350.0,40,40,1.0,detected,3.200075879023654,75.86131634923483,0.5988215882849856
ncg_dalton,load,3.0,400.0,40,40,1.0,detected,3.295643982894049,79.0244598377431,0.5988215882849856
ncg_dalton,load,3.0,450.0,40,40,1.0,detected,3.3943642186902068,82.33162375158025,0.5988215882849856
ncg_dalton,load,3.0,500.0,40,40,1.0,detected,3.4964223082948678,85.79243016751931,0.5988215882849856
ncg_dalton,load,3.0,550.0,40,40,1.0,detected,3.602021025634869,89.41744817593187,0.5988215882849856
ncg_dalton,load,3.0,600.0,40,40,1.0,detected,3.7113828943152,93.2183383269609,0.5988215882849856
ncg_dalton,load,3.0,650.0,40,40,1.0,detected,3.8247533307418706,97.20802307128957,0.5988215882849856
ncg_dalton,load,3.0,700.0,40,40,1.0,detected,3.942404338391796,101.40088927575391,0.5988215882849856
ncg_dalton,load,3.0,750.0,40,40,1.0,detected,4.064638884087984,105.81303046825279,0.5988215882849856
ncg_dalton,load,3.0,800.0,40,40,1.0,detected,4.191796120320966,110.46253853893732,0.5988215882849856
ncg_dalton,load,3.0,850.0,40,40,1.0,detected,4.3242576614543395,115.36985736970573,0.5988215882849856
ncg_dalton,load,3.0,900.0,40,40,1.0,detected,4.462455179716677,120.55821452690299,0.5988215882849856
ncg_dalton,load,3.0,950.0,40,40,1.0,detected,4.606879664418443,126.05415208209223,0.5988215882849856
ncg_dalton,load,3.5,300.0,40,40,1.0,detected,2.9656188191109614,69.39554547057396,0.5988215882849856
ncg_dalton,load,3.5,350.0,40,40,1.0,detected,3.0742099427210015,72.77256727351212,0.5988215882849856
ncg_dalton,load,3.5,400.0,40,40,1.0,detected,3.1870432904131363,76.32530970589922,0.5988215882849856
ncg_dalton,load,3.5,450.0,40,40,1.0,detected,3.304376356254984,80.06622147552802,0.5988215882849856
ncg_dalton,load,3.5,500.0,40,40,1.0,detected,3.426490000236406,84.00898937441077,0.5988215882849856
ncg_dalton,load,3.5,550.0,40,40,1.0,detected,3.5536920431974153,88.16872447961491,0.5988215882849856
ncg_dalton,load,3.5,600.0,40,40,1.0,detected,3.686321462629209,92.56218206101715,0.5988215882849856
ncg_dalton,load,3.5,650.0,40,40,1.0,detected,3.8247533307418706,97.20802307128967,0.5988215882849856
ncg_dalton,load,3.5,700.0,40,40,1.0,detected,3.969404670185419,102.12712714747107,0.5988215882849856
ncg_dalton,load,3.5,750.0,40,40,1.0,detected,4.120741447578197,107.34296975946292,0.5988215882849856
ncg_dalton,load,3.5,800.0,40,40,1.0,detected,4.279286984062132,112.88207972776382,0.5988215882849856
ncg_dalton,load,3.5,850.0,40,40,1.0,detected,4.445632140441887,118.77459812435937,0.5988215882849856
ncg_dalton,load,3.5,900.0,40,40,1.0,detected,4.620447739116905,125.05496602774079,0.5988215882849856
ncg_dalton,load,3.5,950.0,40,40,1.0,detected,4.804499825988188,131.76277738940487,0.5988215882849856
ncg_dalton,load,4.0,300.0,40,40,1.0,detected,2.8298688612656697,66.11623523350758,0.5988215882849856
ncg_dalton,load,4.0,350.0,40,40,1.0,detected,2.9529639746005643,69.80543616106095,0.5988215882849856
ncg_dalton,load,4.0,400.0,40,40,1.0,detected,3.0817227402342624,73.7139652399453,0.5988215882849856
ncg_dalton,load,4.0,450.0,40,40,1.0,detected,3.216514588119537,77.85875687608528,0.5988215882849856
ncg_dalton,load,4.0,500.0,40,40,1.0,detected,3.357744157931343,82.2585352483371,0.5988215882849856
ncg_dalton,load,4.0,550.0,40,40,1.0,detected,3.5058566645744094,86.9340888905002,0.5988215882849856
ncg_dalton,load,4.0,600.0,40,40,1.0,detected,3.661344219148752,91.90859744353727,0.5988215882849856
ncg_dalton,load,4.0,650.0,40,40,1.0,detected,3.8247533307418706,97.20802307128976,0.5988215882849856
ncg_dalton,load,4.0,700.0,40,40,1.0,detected,3.9966938723294447,102.8615824642851,0.5988215882849856
ncg_dalton,load,4.0,750.0,40,40,1.0,detected,4.177849870533848,108.90231991150696,0.5988215882849856
ncg_dalton,load,4.0,800.0,40,40,1.0,detected,4.368992580494329,115.36780801537732,0.5988215882849856
ncg_dalton,load,4.0,850.0,40,40,1.0,detected,4.570996442845058,122.30101085500256,0.5988215882849856
ncg_dalton,load,4.0,900.0,40,40,1.0,detected,4.784858702903378,129.751355625272,0.5988215882849856
ncg_dalton,load,4.0,950.0,40,40,1.0,detected,5.011723721620477,137.77607424958367,0.5988215882849856
ncg_dalton,load,4.5,300.0,40,40,1.0,detected,2.700009855195173,62.98858063249236,0.5988215882849856
ncg_dalton,load,4.5,350.0,40,40,1.0,detected,2.8361967311378002,66.95554211706359,0.5988215882849856
ncg_dalton,load,4.5,400.0,40,40,1.0,detected,2.9796050660232325,71.1879305013861,0.5988215882849856
ncg_dalton,load,4.5,450.0,40,40,1.0,detected,3.130744161086092,75.70803742663595,0.5988215882849856
ncg_dalton,load,4.5,500.0,40,40,1.0,detected,3.2901743017629954,80.54065888369983,0.5988215882849856
ncg_dalton,load,4.5,550.0,40,40,1.0,detected,3.4585145723937387,85.7134912439445,0.5988215882849856
ncg_dalton,load,4.5,600.0,40,40,1.0,detected,3.6364521359293676,91.25760605049426,0.5988215882849856
ncg_dalton,load,4.5,650.0,40,40,1.0,detected,3.8247533307418706,97.20802307128984,0.5988215882849856
ncg_dalton,load,4.5,700.0,40,40,1.0,detected,4.024277032313513,103.60440674195655,0.5988215882849856
ncg_dalton,load,4.5,750.0,40,40,1.0,detected,4.235990854780255,110.49191867179503,0.5988215882849856
ncg_dalton,load,4.5,800.0,40,40,1.0,detected,4.460990937653264,117.92226909784354,0.5988215882849856
ncg_dalton,load,4.5,850.0,40,40,1.0,detected,4.700526293264765,125.95502413363245,0.5988215882849856
ncg_dalton,load,4.5,900.0,40,40,1.0,detected,4.9560290047531055,134.6592449610538,0.5988215882849856
ncg_dalton,load,4.5,950.0,40,40,1.0,detected,5.229151998252263,144.11556212211914,0.5988215882849856
ncg_dalton,load,5.0,300.0,40,40,1.0,detected,2.5758178649945442,60.005951016981975,0.5988215882849856
ncg_dalton,load,5.0,350.0,40,40,1.0,detected,2.7237689043477964,64.21862434579529,0.5988215882849856
ncg_dalton,load,5.0,400.0,40,40,1.0,detected,2.8806132625717,68.74475263841941,0.5988215882849856
ncg_dalton,load,5.0,450.0,40,40,1.0,detected,3.047029987517206,73.61287722151742,0.5988215882849856
ncg_dalton,load,5.0,500.0,40,40,1.0,detected,3.2237696141081997,78.85494707688598,0.5988215882849856
ncg_dalton,load,5.0,550.0,40,40,1.0,detected,3.411665304192475,84.50687815424132,0.5988215882849856
ncg_dalton,load,5.0,600.0,40,40,1.0,detected,3.6116461713016434,90.60922905768005,0.5988215882849856
ncg_dalton,load,5.0,650.0,40,40,1.0,detected,3.8247533307418706,97.20802307128993,0.5988215882849856
ncg_dalton,load,5.0,700.0,40,40,1.0,detected,4.052159370053452,104.35575557141345,0.5988215882849856
ncg_dalton,load,5.0,750.0,40,40,1.0,detected,4.295192142325959,112.11263819646506,0.5988215882849856
ncg_dalton,load,5.0,800.0,40,40,1.0,detected,4.555364065802117,120.54814804245517,0.5988215882849856
ncg_dalton,load,5.0,850.0,40,40,1.0,detected,4.834408497622697,129.74297358628482,0.5988215882849856
ncg_dalton,load,5.0,900.0,40,40,1.0,detected,5.13432528166652,139.79148194313177,0.5988215882849856
ncg_dalton,load,5.0,950.0,40,40,1.0,detected,5.457438316240172,150.80487889126388,0.5988215882849856
ncg_dalton,load,5.5,300.0,40,40,1.0,detected,2.4570744047237305,57.161964135858376,0.5988215882849856
ncg_dalton,load,5.5,350.0,40,40,1.0,detected,2.615543309382936,61.59054228378084,0.5988215882849856
ncg_dalton,load,5.5,400.0,40,40,1.0,detected,2.78467070943141,66.38202330864934,0.5988215882849856
ncg_dalton,load,5.5,450.0,40,40,1.0,detected,2.965336706881736,71.57209811645261,0.5988215882849856
ncg_dalton,load,5.5,500.0,40,40,1.0,detected,3.158518959643729,77.20098281801064,0.5988215882849856
ncg_dalton,load,5.5,550.0,40,40,1.0,detected,3.365308255081729,83.31419310020817,0.5988215882849856
ncg_dalton,load,5.5,600.0,40,40,1.0,detected,3.586927269642459,89.96348723626095,0.5988215882849856
ncg_dalton,load,5.5,650.0,40,40,1.0,detected,3.8247533307418706,97.20802307129001,0.5988215882849856
ncg_dalton,load,5.5,700.0,40,40,1.0,detected,4.080346242505968,105.11578876425416,0.5988215882849856
ncg_dalton,load,5.5,750.0,40,40,1.0,detected,4.355482570018836,113.76538692971008,0.5988215882849856
ncg_dalton,load,5.5,800.0,40,40,1.0,detected,4.652198233565343,123.24827945553403,0.5988215882849856
ncg_dalton,load,5.5,850.0,40,40,1.0,detected,4.9728418983903,133.6716392065477,0.5988215882849856
ncg_dalton,load,5.5,900.0,40,40,1.0,detected,5.320142536928614,145.1620104439966,0.5988215882849856
ncg_dalton,load,5.5,950.0,40,40,1.0,detected,5.697295811592269,157.87006045244803,0.5988215882849856
ncg_dalton,load,6.0,300.0,40,40,1.0,detected,2.343566613180972,54.45048118819229,0.5988215882849856
ncg_dalton,load,6.0,350.0,40,40,1.0,detected,2.5113850506655346,59.067275369733345,0.5988215882849856
ncg_dalton,load,6.0,400.0,40,40,1.0,detected,2.691701285721681,64.09737990240181,0.5988215882849856
ncg_dalton,load,6.0,450.0,40,40,1.0,detected,2.8856287448569304,69.58453079656812,0.5988215882849856
ncg_dalton,load,6.0,500.0,40,40,1.0,detected,3.094410905436561,75.57834577046063,0.5988215882849856
ncg_dalton,load,6.0,550.0,40,40,1.0,detected,3.3194426804981916,82.13537651193893,0.5988215882849856
ncg_dalton,load,6.0,600.0,40,40,1.0,detected,3.5622963611547007,89.3204009485275,0.5988215882849856
ncg_dalton,load,6.0,650.0,40,40,1.0,detected,3.8247533307418706,97.2080230712901,0.5988215882849856
ncg_dalton,load,6.0,700.0,40,40,1.0,detected,4.108843148485214,105.88467050477439,0.5988215882849856
ncg_dalton,load,6.0,750.0,40,40,1.0,detected,4.416892127837535,115.45111161198011,0.5988215882849856
ncg_dalton,load,6.0,800.0,40,40,1.0,detected,4.751584268430356,126.0256585833897,0.5988215882849856
ncg_dalton,load,6.0,850.0,40,40,1.0,detected,5.116038435175277,137.748286982864,0.5988215882849856
ncg_dalton,load,6.0,900.0,40,40,1.0,detected,5.513907158111323,150.78599543371854,0.5988215882849856
ncg_dalton,load,6.0,950.0,40,40,1.0,detected,5.949504577916521,165.33986714195316,0.5988215882849856
ncg_dalton,load,6.5,300.0,40,40,1.0,detected,2.235087390376652,51.86560149044769,0.5988215882849856
ncg_dalton,load,6.5,350.0,40,40,1.0,detected,2.411161667559348,56.644922483220306,0.5988215882849856
ncg_dalton,load,6.5,400.0,40,40,1.0,detected,2.60162947626754,61.88850657650063,0.5988215882849856
ncg_dalton,load,6.5,450.0,40,40,1.0,detected,2.80787036993555,67.6490157730184,0.5988215882849856
ncg_dalton,load,6.5,500.0,40,40,1.0,detected,3.0314337407776932,73.986612737696,0.5988215882849856
ncg_dalton,load,6.5,550.0,40,40,1.0,detected,3.274067699038433,80.97036585859664,0.5988215882849856
ncg_dalton,load,6.5,600.0,40,40,1.0,detected,3.537754361652965,88.67999014385232,0.5988215882849856
ncg_dalton,load,6.5,650.0,40,40,1.0,detected,3.8247533307418706,97.20802307129019,0.5988215882849856
ncg_dalton,load,6.5,700.0,40,40,1.0,detected,4.137655733693215,106.66256950885449,0.5988215882849856
ncg_dalton,load,6.5,750.0,40,40,1.0,detected,4.479452021115229,117.17079942776755,0.5988215882849856
ncg_dalton,load,6.5,800.0,40,40,1.0,detected,4.853617884245772,128.88345345039335,0.5988215882849856
ncg_dalton,load,6.5,850.0,40,40,1.0,detected,5.264224324944344,141.98071544683208,0.5988215882849856
ncg_dalton,load,6.5,900.0,40,40,1.0,detected,5.716080348536849,156.67996620120635,0.5988215882849856
ncg_dalton,load,6.5,950.0,40,40,1.0,detected,6.214920367702462,173.24616663487203,0.5988215882849856
ncg_dalton,load,7.0,300.0,40,40,1.0,detected,2.1314354987209576,49.40165682345393,0.5988215882849856
ncg_dalton,load,7.0,350.0,40,40,1.0,detected,2.3147432606267238,54.31970108297653,0.5988215882849856
ncg_dalton,load,7.0,400.0,40,40,1.0,detected,2.514380469267593,59.75313510860319,0.5988215882849856
ncg_dalton,load,7.0,450.0,40,40,1.0,detected,2.7320257474990655,65.7644043094619,0.5988215882849856
ncg_dalton,load,7.0,500.0,40,40,1.0,detected,2.969575496723337,72.4253581168064,0.5988215882849856
ncg_dalton,load,7.0,550.0,40,40,1.0,detected,3.229182295364957,79.8190957370572,0.5988215882849856
ncg_dalton,load,7.0,600.0,40,40,1.0,detected,3.513302172356944,88.04227435483128,0.5988215882849856
ncg_dalton,load,7.0,650.0,40,40,1.0,detected,3.8247533307418706,97.20802307129027,0.5988215882849856
ncg_dalton,load,7.0,700.0,40,40,1.0,detected,4.1667897959750135,107.44965919010164,0.5988215882849856
ncg_dalton,load,7.0,750.0,40,40,1.0,detected,4.543194737018965,118.92548030475314,0.5988215882849856
ncg_dalton,load,7.0,800.0,40,40,1.0,detected,4.958400038686314,131.82501815187172,0.5988215882849856
ncg_dalton,load,7.0,850.0,40,40,1.0,detected,5.417641378473043,146.37730785125126,0.5988215882849856
ncg_dalton,load,7.0,900.0,40,40,1.0,detected,5.927162042191114,162.8619808609654,0.5988215882849856
ncg_dalton,load,7.0,950.0,40,40,1.0,detected,6.494484759818896,181.62438530865182,0.5988215882849856
ncg_dalton,load,7.5,300.0,40,40,1.0,detected,2.032415631886156,47.05320551773457,0.5988215882849856
ncg_dalton,load,7.5,350.0,40,40,1.0,detected,2.2220025995538712,52.087946074595735,0.5988215882849856
ncg_dalton,load,7.5,400.0,40,40,1.0,detected,2.4298802457191186,57.689045582244674,0.5988215882849856
ncg_dalton,load,7.5,450.0,40,40,1.0,detected,2.6580589913340305,63.92955927984051,0.5988215882849856
ncg_dalton,load,7.5,500.0,40,40,1.0,detected,2.908823965312692,70.89415433842758,0.5988215882849856
ncg_dalton,load,7.5,550.0,40,40,1.0,detected,3.184785323183881,78.68149796128843,0.5988215882849856
ncg_dalton,load,7.5,600.0,40,40,1.0,detected,3.4889406796923126,87.40727269364226,0.5988215882849856
ncg_dalton,load,7.5,650.0,40,40,1.0,detected,3.8247533307418706,97.20802307129036,0.5988215882849856
ncg_dalton,load,7.5,700.0,40,40,1.0,detected,4.196251290811482,108.2461178336288,0.5988215882849856
ncg_dalton,load,7.5,750.0,40,40,1.0,detected,4.608154115637241,120.71622937719316,0.5988215882849856
ncg_dalton,load,7.5,800.0,40,40,1.0,detected,5.066037324040948,134.8539074353201,0.5988215882849856
ncg_dalton,load,7.5,850.0,40,40,1.0,detected,5.576548472367435,150.94709080809045,0.5988215882849856
ncg_dalton,load,7.5,900.0,40,40,1.0,detected,6.147695386335187,169.3518160178622,0.5988215882849856
ncg_dalton,load,7.5,950.0,40,40,1.0,detected,6.789237100649075,190.51404313018972,0.5988215882849856
ncg_dalton,load,8.0,300.0,40,40,1.0,detected,1.9378384542263056,44.815026331031625,0.5988215882849856
ncg_dalton,load,8.0,350.0,40,40,1.0,detected,2.1328152138458165,49.9461084360612,0.5988215882849856
ncg_dalton,load,8.0,400.0,40,40,1.0,detected,2.3480556608603216,55.694066912805724,0.5988215882849856
ncg_dalton,load,8.0,450.0,40,40,1.0,detected,2.585934212582771,62.14335595913403,0.5988215882849856
ncg_dalton,load,8.0,500.0,40,40,1.0,detected,2.8491667184289753,69.39257229264187,0.5988215882849856
ncg_dalton,load,8.0,550.0,40,40,1.0,detected,3.1408755082828534,77.55750165229888,0.5988215882849856
ncg_dalton,load,8.0,600.0,40,40,1.0,detected,3.4646707550991493,86.77500384860183,0.5988215882849856
ncg_dalton,load,8.0,650.0,40,40,1.0,detected,3.8247533307418706,97.20802307129044,0.5988215882849856
ncg_dalton,load,8.0,700.0,40,40,1.0,detected,4.226046337061881,109.05212877790343,0.5988215882849856
ncg_dalton,load,8.0,750.0,40,40,1.0,detected,4.674365426069528,122.54416962783898,0.5988215882849856
ncg_dalton,load,8.0,800.0,40,40,1.0,detected,5.176642395130969,137.97389272177963,0.5988215882849856
ncg_dalton,load,8.0,850.0,40,40,1.0,detected,5.741223199299533,155.69980036233136,0.5988215882849856
ncg_dalton,load,8.0,900.0,40,40,1.0,detected,6.37827189376641,176.1711863053573,0.5988215882849856
ncg_dalton,load,8.0,950.0,40,40,1.0,detected,7.1003286044916365,199.95939110856793,0.5988215882849856
ncg_dalton,load,8.5,300.0,40,40,1.0,detected,1.8475206135407731,42.68211216728438,0.5988215882849856
ncg_dalton,load,8.5,350.0,40,40,1.0,detected,2.0470594673944724,47.89075362815982,0.5988215882849856
ncg_dalton,load,8.5,400.0,40,40,1.0,detected,2.268834517908978,53.766077224511456,0.5988215882849856
ncg_dalton,load,8.5,450.0,40,40,1.0,detected,2.5156155661293695,60.404682748889755,0.5988215882849856
ncg_dalton,load,8.5,500.0,40,40,1.0,detected,2.7905911262780876,67.9201817405845,0.5988215882849856
ncg_dalton,load,8.5,550.0,40,40,1.0,detected,3.0974514516261706,76.4470333285245,0.5988215882849856
ncg_dalton,load,8.5,600.0,40,40,1.0,detected,3.440493254847368,86.14548608091927,0.5988215882849856
ncg_dalton,load,8.5,650.0,40,40,1.0,detected,3.8247533307419275,97.20802307129053,0.5988215882849856
ncg_dalton,load,8.5,700.0,40,40,1.0,detected,4.25618122297108,109.86788060513116,0.5988215882849856
ncg_dalton,load,8.5,750.0,40,40,1.0,detected,4.7418654479414,124.41047472399856,0.5988215882849856
ncg_dalton,load,8.5,800.0,40,40,1.0,detected,5.29033443868299,141.18897974039305,0.5988215882849856
ncg_dalton,load,8.5,850.0,40,40,1.0,detected,5.911963723050022,160.64595665333331,0.5988215882849856
ncg_dalton,load,8.5,900.0,40,40,1.0,detected,6.619537388773665,183.34399957107672,0.5988215882849856
ncg_dalton,load,8.5,950.0,40,40,1.0,detected,7.429039100753016,210.01017558642627,0.5988215882849856
ncg_dalton,load,9.0,300.0,40,40,1.0,detected,1.7612847298466967,40.649663681762,0.5988215882849856
ncg_dalton,load,9.0,350.0,40,40,1.0,detected,1.964616618022184,45.9185598153811,0.5988215882849856
ncg_dalton,load,9.0,400.0,40,40,1.0,detected,2.1921456343978853,51.90300408849326,0.5988215882849856
ncg_dalton,load,9.0,450.0,40,40,1.0,detected,2.4470672944348166,58.71244183948151,0.5988215882849856
ncg_dalton,load,9.0,500.0,40,40,1.0,detected,2.733084375460244,66.4765517115273,0.5988215882849856
ncg_dalton,load,9.0,550.0,40,40,1.0,detected,3.054511632500649,75.35001699650888,0.5988215882849856
ncg_dalton,load,9.0,600.0,40,40,1.0,detected,3.41640901986095,85.51873722167137,0.5988215882849856
ncg_dalton,load,9.0,650.0,40,40,1.0,detected,3.8247533307419275,97.20802307129061,0.5988215882849856
ncg_dalton,load,9.0,700.0,40,40,1.0,detected,4.28666241245535,110.69356734062924,0.5988215882849856
ncg_dalton,load,9.0,750.0,40,40,1.0,detected,4.81069255882219,126.31637206510887,0.5988215882849856
ncg_dalton,load,9.0,800.0,40,40,1.0,detected,5.4072396890801855,144.50342797385937,0.5988215882849856
ncg_dalton,load,9.0,850.0,40,40,1.0,detected,6.089090869708798,165.79694852791494,0.5988215882849856
ncg_dalton,load,9.0,900.0,40,40,1.0,detected,6.8721988985929485,190.8966548215155,0.5988215882849856
ncg_dalton,load,9.0,950.0,40,40,1.0,detected,7.776797049426058,220.72256057528818,0.5988215882849856
ncg_dalton,load,9.5,300.0,40,40,1.0,detected,1.6789593627052817,38.713082812793594,0.5988215882849856
ncg_dalton,load,9.5,350.0,40,40,1.0,detected,1.8853708630865285,44.02631592142138,0.5988215882849856
ncg_dalton,load,9.5,400.0,40,40,1.0,detected,2.117918901419607,50.10282463171928,0.5988215882849856
ncg_dalton,load,9.5,450.0,40,40,1.0,detected,2.380253768845705,57.065549811188916,0.5988215882849856
ncg_dalton,load,9.5,500.0,40,40,1.0,detected,2.676633486610015,65.0612508852442,0.5988215882849856
ncg_dalton,load,9.5,550.0,40,40,1.0,detected,3.0120544117047245,74.26637424174417,0.5988215882849856
ncg_dalton,load,9.5,600.0,40,40,1.0,detected,3.3924188755481595,84.89477466896682,0.5988215882849856
ncg_dalton,load,9.5,650.0,40,40,1.0,detected,3.8247533307419275,97.2080230712907,0.5988215882849856
ncg_dalton,load,9.5,700.0,40,40,1.0,detected,4.317496551682673,111.52938866172931,0.5988215882849856
ncg_dalton,load,9.5,750.0,40,40,1.0,detected,4.880886828065648,128.26314606095178,0.5988215882849856
ncg_dalton,load,9.5,800.0,40,40,1.0,detected,5.527491996121476,147.92177214130896,0.5988215882849856
ncg_dalton,load,9.5,850.0,40,40,1.0,detected,6.272950492160838,171.16512972814695,0.5988215882849856
ncg_dalton,load,9.5,900.0,40,40,1.0,detected,7.137032677303438,198.85839174123345,0.5988215882849856
ncg_dalton,load,9.5,950.0,40,40,1.0,detected,8.145203624364953,232.16024862473463,0.5988215882849856
ncg_dalton,load,10.0,300.0,40,40,1.0,detected,1.600378959501299,36.867966276349314,0.5988215882849856
ncg_dalton,load,10.0,350.0,40,40,1.0,detected,1.809209372211356,42.21091954188685,0.5988215882849856
ncg_dalton,load,10.0,400.0,40,40,1.0,detected,2.0460853361071223,48.363565526415066,0.5988215882849856
ncg_dalton,load,10.0,450.0,40,40,1.0,detected,2.3151395284092118,55.46293817625382,0.5988215882849856
ncg_dalton,load,10.0,500.0,40,40,1.0,detected,2.6212253315881426,63.67384795956088,0.5988215882849856
ncg_dalton,load,10.0,550.0,40,40,1.0,detected,2.970078034776705,73.19602431953489,0.5988215882849856
ncg_dalton,load,10.0,600.0,40,40,1.0,detected,3.3685236316423186,84.27361538533587,0.5988215882849856
ncg_dalton,load,10.0,650.0,40,40,1.0,detected,3.8247533307419275,97.2080230712908,0.5988215882849856
ncg_dalton,load,10.0,700.0,40,40,1.0,detected,4.348690475964709,112.37555011676164,0.5988215882849856
ncg_dalton,load,10.0,750.0,40,40,1.0,detected,4.952490117647862,130.25214166166293,0.5988215882849856
ncg_dalton,load,10.0,800.0,40,40,1.0,detected,5.651233451222701,151.44884597867684,0.5988215882849856
ncg_dalton,load,10.0,850.0,40,40,1.0,detected,6.46391615199407,176.76392859284783,0.5988215882849856
ncg_dalton,load,10.0,900.0,40,40,1.0,detected,7.414893593878219,207.2617027867275,0.5988215882849856
ncg_dalton,load,10.0,950.0,40,40,1.0,detected,8.536061902902269,244.395853285454,0.5988215882849856
