signature,sweep,case,n,point_index,point_value,ref_min,ref_max,case_min,case_max,gap,separable,direction
approach_load_elasticity,load,ncg_dalton,0.0,,,0.9837018587039621,1.041944816568955,-0.11730122733926565,-0.08750366280626265,1.0712055215102247,True,-1.0
approach_load_elasticity,load,ncg_dalton,0.5,,,0.9837018587039621,1.041944816568955,-0.04823746135608255,-0.012573264862014598,0.9962751235659767,True,-1.0
approach_load_elasticity,load,ncg_dalton,1.0,,,0.9837018587039621,1.041944816568955,0.030578217835911664,0.060107785631898905,0.9235940730720632,True,-1.0
approach_load_elasticity,load,ncg_dalton,1.5,,,0.9837018587039621,1.041944816568955,0.09927335642125545,0.1358281558306632,0.8478737028732989,True,-1.0
approach_load_elasticity,load,ncg_dalton,2.0,,,0.9837018587039621,1.041944816568955,0.1781444469929143,0.21162767553844128,0.7720741831655208,True,-1.0
approach_load_elasticity,load,ncg_dalton,2.5,,,0.9837018587039621,1.041944816568955,0.25227807547853975,0.28114193242937335,0.7025599262745887,True,-1.0
approach_load_elasticity,load,ncg_dalton,3.0,,,0.9837018587039621,1.041944816568955,0.32321766548892134,0.35356036717003153,0.6301414915339305,True,-1.0
approach_load_elasticity,load,ncg_dalton,3.5,,,0.9837018587039621,1.041944816568955,0.39091505234401697,0.43118058447344193,0.5525212742305201,True,-1.0
approach_load_elasticity,load,ncg_dalton,4.0,,,0.9837018587039621,1.041944816568955,0.47195940466940284,0.5107615822929994,0.4729402764109627,True,-1.0
approach_load_elasticity,load,ncg_dalton,4.5,,,0.9837018587039621,1.041944816568955,0.5456754848298446,0.5848973782802448,0.3988044804237173,True,-1.0
approach_load_elasticity,load,ncg_dalton,5.0,,,0.9837018587039621,1.041944816568955,0.6050382145873904,0.6525551464374848,0.3311467122664773,True,-1.0
approach_load_elasticity,load,ncg_dalton,5.5,,,0.9837018587039621,1.041944816568955,0.690731457543804,0.7325976260566617,0.2511042326473004,True,-1.0
approach_load_elasticity,load,ncg_dalton,6.0,,,0.9837018587039621,1.041944816568955,0.7478147564610904,0.8066103508857159,0.17709150781824623,True,-1.0
approach_load_elasticity,load,ncg_dalton,6.5,,,0.9837018587039621,1.041944816568955,0.8412711060244679,0.8860890476492073,0.09761281105475483,True,-1.0
approach_load_elasticity,load,ncg_dalton,7.0,,,0.9837018587039621,1.041944816568955,0.9042187862108145,0.9480445916759346,0.03565726702802752,True,-1.0
approach_load_elasticity,load,ncg_dalton,7.5,,,0.9837018587039621,1.041944816568955,0.9774755722398726,1.0318261772758253,-0.04812431857186317,False,-1.0
approach_load_elasticity,load,ncg_dalton,8.0,,,0.9837018587039621,1.041944816568955,1.050560826807816,1.113238998259484,0.008616010238860827,True,1.0
approach_load_elasticity,load,ncg_dalton,8.5,,,0.9837018587039621,1.041944816568955,1.1340412344908366,1.1935980824422359,0.0920964179218815,True,1.0
approach_load_elasticity,load,ncg_dalton,9.0,,,0.9837018587039621,1.041944816568955,1.1997978342454463,1.2535729037637566,0.15785301767649118,True,1.0
approach_load_elasticity,load,ncg_dalton,9.5,,,0.9837018587039621,1.041944816568955,1.2838130056311354,1.3368641019644685,0.24186818906218033,True,1.0
approach_load_elasticity,load,ncg_dalton,10.0,,,0.9837018587039621,1.041944816568955,1.3606682817962528,1.4180640174435941,0.31872346522729766,True,1.0
approach_load_elasticity,load,ncg_blanketed,0.0,,,0.9837018587039621,1.041944816568955,0.18402431530626082,0.22221259115986264,0.7614892675440994,True,-1.0
approach_load_elasticity,load,ncg_blanketed,0.5,,,0.9837018587039621,1.041944816568955,0.2564335577341759,0.2963847292580742,0.687317129445888,True,-1.0
approach_load_elasticity,load,ncg_blanketed,1.0,,,0.9837018587039621,1.041944816568955,0.3123600741027448,0.3475530823875975,0.6361487763163646,True,-1.0
approach_load_elasticity,load,ncg_blanketed,1.5,,,0.9837018587039621,1.041944816568955,0.3812887957491982,0.41515636012456514,0.568545498579397,True,-1.0
approach_load_elasticity,load,ncg_blanketed,2.0,,,0.9837018587039621,1.041944816568955,0.44323178697349774,0.48296865282003265,0.5007332058839294,True,-1.0
approach_load_elasticity,load,ncg_blanketed,2.5,,,0.9837018587039621,1.041944816568955,0.5061083497581516,0.5345436461455673,0.44915821255839483,True,-1.0
approach_load_elasticity,load,ncg_blanketed,3.0,,,0.9837018587039621,1.041944816568955,0.5666238091515429,0.6145110598240427,0.36919079887991935,True,-1.0
approach_load_elasticity,load,ncg_blanketed,3.5,,,0.9837018587039621,1.041944816568955,0.6281526495036504,0.672464648829438,0.3112372098745241,True,-1.0
approach_load_elasticity,load,ncg_blanketed,4.0,,,0.9837018587039621,1.041944816568955,0.690103974283287,0.7348815000801192,0.24882035862384289,True,-1.0
approach_load_elasticity,load,ncg_blanketed,4.5,,,0.9837018587039621,1.041944816568955,0.7617971805841591,0.7981998681091621,0.1855019905948,True,-1.0
approach_load_elasticity,load,ncg_blanketed,5.0,,,0.9837018587039621,1.041944816568955,0.8155950137296297,0.8690408541143172,0.1146610045896449,True,-1.0
approach_load_elasticity,load,ncg_blanketed,5.5,,,0.9837018587039621,1.041944816568955,0.8831685838868887,0.9253380973234882,0.058363761380473944,True,-1.0
approach_load_elasticity,load,ncg_blanketed,6.0,,,0.9837018587039621,1.041944816568955,0.9317757387255025,0.9990218159524463,-0.015319957248484228,False,-1.0
approach_load_elasticity,load,ncg_blanketed,6.5,,,0.9837018587039621,1.041944816568955,1.0093700427661552,1.0536960219107279,-0.03257477380279994,False,1.0
approach_load_elasticity,load,ncg_blanketed,7.0,,,0.9837018587039621,1.041944816568955,1.0555907809867404,1.1172576336809925,0.013645964417785317,True,1.0
approach_load_elasticity,load,ncg_blanketed,7.5,,,0.9837018587039621,1.041944816568955,1.1284402769733652,1.1799475502921366,0.08649546040441014,True,1.0
approach_load_elasticity,load,ncg_blanketed,8.0,,,0.9837018587039621,1.041944816568955,1.1964840722129468,1.2516742806874033,0.15453925564399174,True,1.0
approach_load_elasticity,load,ncg_blanketed,8.5,,,0.9837018587039621,1.041944816568955,1.2559563366909812,1.301428345346853,0.21401152012202607,True,1.0
approach_load_elasticity,load,ncg_blanketed,9.0,,,0.9837018587039621,1.041944816568955,1.3080921847270843,1.3709091141761107,0.2661473681581292,True,1.0
approach_load_elasticity,load,ncg_blanketed,9.5,,,0.9837018587039621,1.041944816568955,1.3686041404093854,1.4460059384924346,0.3266593238404303,True,1.0
approach_load_elasticity,load,ncg_blanketed,10.0,,,0.9837018587039621,1.041944816568955,1.4222265696165906,1.4862312254990828,0.38028175304763545,True,1.0
approach_load_elasticity,load,ncg_blanketing_only,0.0,,,0.9837018587039621,1.041944816568955,0.9691382400654492,1.0406829425280129,-0.05698108382405076,False,1.0
approach_cw_sensitivity_pct_per_k,cw,ncg_dalton,0.0,,,0.3974135075430733,0.8101821263554787,-2.278385051912001,-1.9592916189330527,2.356705126476126,True,-1.0
approach_cw_sensitivity_pct_per_k,cw,ncg_dalton,0.5,,,0.3974135075430733,0.8101821263554787,-0.8912059007802876,-0.5119531703426703,0.9093666778857437,True,-1.0
approach_cw_sensitivity_pct_per_k,cw,ncg_dalton,1.0,,,0.3974135075430733,0.8101821263554787,0.527744081740555,0.8393271021779265,-0.2824380446149237,False,1.0
approach_cw_sensitivity_pct_per_k,cw,ncg_dalton,1.5,,,0.3974135075430733,0.8101821263554787,1.9329101320434094,2.2375648297808675,1.1227280056879307,True,1.0
approach_cw_sensitivity_pct_per_k,cw,ncg_dalton,2.0,,,0.3974135075430733,0.8101821263554787,3.2451036691034054,3.5182247645705576,2.4349215427479267,True,1.0
approach_cw_sensitivity_pct_per_k,cw,ncg_dalton,2.5,,,0.3974135075430733,0.8101821263554787,4.488013938807229,4.894452385190237,3.67783181245175,True,1.0
approach_cw_sensitivity_pct_per_k,cw,ncg_dalton,3.0,,,0.3974135075430733,0.8101821263554787,5.710279325266182,6.1129945274068405,4.900097198910704,True,1.0
approach_cw_sensitivity_pct_per_k,cw,ncg_dalton,3.5,,,0.3974135075430733,0.8101821263554787,6.947991775457952,7.321256305842073,6.137809649102474,True,1.0
approach_cw_sensitivity_pct_per_k,cw,ncg_dalton,4.0,,,0.3974135075430733,0.8101821263554787,8.225904897140458,8.440954141776585,7.4157227707849795,True,1.0
approach_cw_sensitivity_pct_per_k,cw,ncg_dalton,4.5,,,0.3974135075430733,0.8101821263554787,9.2888685874288,9.598470725243699,8.478686461073321,True,1.0
approach_cw_sensitivity_pct_per_k,cw,ncg_dalton,5.0,,,0.3974135075430733,0.8101821263554787,10.42825351142111,10.745957169044537,9.618071385065631,True,1.0
approach_cw_sensitivity_pct_per_k,cw,ncg_dalton,5.5,,,0.3974135075430733,0.8101821263554787,11.415224520446362,11.726713256603881,10.605042394090884,True,1.0
approach_cw_sensitivity_pct_per_k,cw,ncg_dalton,6.0,,,0.3974135075430733,0.8101821263554787,12.425534670953931,12.733954442563915,11.615352544598453,True,1.0
approach_cw_sensitivity_pct_per_k,cw,ncg_dalton,6.5,,,0.3974135075430733,0.8101821263554787,13.303142859909656,13.675958123022747,12.492960733554177,True,1.0
approach_cw_sensitivity_pct_per_k,cw,ncg_dalton,7.0,,,0.3974135075430733,0.8101821263554787,14.320144028217086,14.599853002390995,13.509961901861608,True,1.0
approach_cw_sensitivity_pct_per_k,cw,ncg_dalton,7.5,,,0.3974135075430733,0.8101821263554787,15.148458629839535,15.485184143870141,14.338276503484057,True,1.0
approach_cw_sensitivity_pct_per_k,cw,ncg_dalton,8.0,,,0.3974135075430733,0.8101821263554787,16.014726376419464,16.289905313531765,15.204544250063986,True,1.0
approach_cw_sensitivity_pct_per_k,cw,ncg_dalton,8.5,,,0.3974135075430733,0.8101821263554787,16.741264390816358,17.006681181086208,15.93108226446088,True,1.0
approach_cw_sensitivity_pct_per_k,cw,ncg_dalton,9.0,,,0.3974135075430733,0.8101821263554787,17.538839524267882,17.77892809790006,16.728657397912404,True,1.0
approach_cw_sensitivity_pct_per_k,cw,ncg_dalton,9.5,,,0.3974135075430733,0.8101821263554787,18.19957597642772,18.544043278418783,17.389393850072242,True,1.0
approach_cw_sensitivity_pct_per_k,cw,ncg_dalton,10.0,,,0.3974135075430733,0.8101821263554787,18.93548940031207,19.177113546884677,18.12530727395659,True,1.0
approach_cw_sensitivity_pct_per_k,cw,ncg_blanketed,0.0,,,0.3974135075430733,0.8101821263554787,-1.476166241174796,-1.1519088782197682,1.5493223857628415,True,-1.0
approach_cw_sensitivity_pct_per_k,cw,ncg_blanketed,0.5,,,0.3974135075430733,0.8101821263554787,-0.4411981591354392,-0.11011383822221053,0.5075273457652838,True,-1.0
approach_cw_sensitivity_pct_per_k,cw,ncg_blanketed,1.0,,,0.3974135075430733,0.8101821263554787,0.5194212208091024,0.8996538225426655,-0.29076090554637635,False,1.0
approach_cw_sensitivity_pct_per_k,cw,ncg_blanketed,1.5,,,0.3974135075430733,0.8101821263554787,1.3883283676830407,1.7986885799063617,0.578146241327562,True,1.0
approach_cw_sensitivity_pct_per_k,cw,ncg_blanketed,2.0,,,0.3974135075430733,0.8101821263554787,2.374798855854385,2.7195363402492214,1.5646167294989062,True,1.0
approach_cw_sensitivity_pct_per_k,cw,ncg_blanketed,2.5,,,0.3974135075430733,0.8101821263554787,3.233146782515912,3.60856727644744,2.4229646561604334,True,1.0
approach_cw_sensitivity_pct_per_k,cw,ncg_blanketed,3.0,,,0.3974135075430733,0.8101821263554787,4.130802179193397,4.498625179627266,3.3206200528379184,True,1.0
approach_cw_sensitivity_pct_per_k,cw,ncg_blanketed,3.5,,,0.3974135075430733,0.8101821263554787,4.993630351025649,5.257185611838309,4.183448224670171,True,1.0
approach_cw_sensitivity_pct_per_k,cw,ncg_blanketed,4.0,,,0.3974135075430733,0.8101821263554787,5.786853751182246,6.074281226745254,4.976671624826768,True,1.0
approach_cw_sensitivity_pct_per_k,cw,ncg_blanketed,4.5,,,0.3974135075430733,0.8101821263554787,6.582326628257757,6.909427456114583,5.772144501902279,True,1.0
approach_cw_sensitivity_pct_per_k,cw,ncg_blanketed,5.0,,,0.3974135075430733,0.8101821263554787,7.325611428403943,7.664029563543938,6.515429302048464,True,1.0
approach_cw_sensitivity_pct_per_k,cw,ncg_blanketed,5.5,,,0.3974135075430733,0.8101821263554787,8.136153967484228,8.359896198389125,7.32597184112875,True,1.0
approach_cw_sensitivity_pct_per_k,cw,ncg_blanketed,6.0,,,0.3974135075430733,0.8101821263554787,8.856175521731165,9.167732424276704,8.045993395375687,True,1.0
approach_cw_sensitivity_pct_per_k,cw,ncg_blanketed,6.5,,,0.3974135075430733,0.8101821263554787,9.533776829736782,9.825939078690862,8.723594703381304,True,1.0
approach_cw_sensitivity_pct_per_k,cw,ncg_blanketed,7.0,,,0.3974135075430733,0.8101821263554787,10.230835220189668,10.473048202381353,9.42065309383419,True,1.0
approach_cw_sensitivity_pct_per_k,cw,ncg_blanketed,7.5,,,0.3974135075430733,0.8101821263554787,10.97348855798186,11.205983487577548,10.163306431626381,True,1.0
approach_cw_sensitivity_pct_per_k,cw,ncg_blanketed,8.0,,,0.3974135075430733,0.8101821263554787,11.599140382639451,11.922713421294002,10.788958256283973,True,1.0
approach_cw_sensitivity_pct_per_k,cw,ncg_blanketed,8.5,,,0.3974135075430733,0.8101821263554787,12.242869742703043,12.516074174142258,11.432687616347565,True,1.0
approach_cw_sensitivity_pct_per_k,cw,ncg_blanketed,9.0,,,0.3974135075430733,0.8101821263554787,12.85985870308952,13.07569792390369,12.049676576734042,True,1.0
approach_cw_sensitivity_pct_per_k,cw,ncg_blanketed,9.5,,,0.3974135075430733,0.8101821263554787,13.471984111557827,13.681051702068302,12.661801985202349,True,1.0
approach_cw_sensitivity_pct_per_k,cw,ncg_blanketed,10.0,,,0.3974135075430733,0.8101821263554787,14.067087282601959,14.312066040252539,13.25690515624648,True,1.0
approach_cw_sensitivity_pct_per_k,cw,ncg_blanketing_only,0.0,,,0.3974135075430733,0.8101821263554787,0.4575724617895093,0.7968472601171306,-0.3526096645659694,False,-1.0
apparent_subcooling_excess_c,load,ncg_dalton,0.0,0.0,300.0,-0.22926027457145004,0.3180243285419544,3.9150494779600757,4.350636863386084,3.5970251494181213,True,1.0
apparent_subcooling_excess_c,load,ncg_dalton,0.0,1.0,350.0,-0.3237031223672613,0.3372636574498806,3.839136363943229,4.342514348813387,3.501872706493349,True,1.0
apparent_subcooling_excess_c,load,ncg_dalton,0.0,2.0,400.0,-0.199197268288545,0.1520747501562003,3.722490651002481,4.213979755993436,3.570415900846281,True,1.0
apparent_subcooling_excess_c,load,ncg_dalton,0.0,3.0,450.0,-0.13984739629847098,0.21985062613264894,3.7013567557737073,4.23613727552679,3.4815061296410583,True,1.0
apparent_subcooling_excess_c,load,ncg_dalton,0.0,4.0,500.0,-0.14341265992113628,0.24859414676765956,3.8250584259343006,4.1351599880941805,3.576464279166641,True,1.0
apparent_subcooling_excess_c,load,ncg_dalton,0.0,5.0,550.0,-0.21001052360990147,0.21058481981144772,3.5887266678252696,4.107652468727617,3.378141848013822,True,1.0
apparent_subcooling_excess_c,load,ncg_dalton,0.0,6.0,600.0,-0.3330524160125792,0.16205877087185683,3.550227314371681,4.076547839024617,3.388168543499824,True,1.0
apparent_subcooling_excess_c,load,ncg_dalton,0.0,7.0,650.0,-0.23591300246370528,0.17401703846892902,3.579195077256053,3.931299266558879,3.405178038787124,True,1.0
apparent_subcooling_excess_c,load,ncg_dalton,0.0,8.0,700.0,-0.17416752637857424,0.19421807322674356,3.5418028398940145,3.9550207377274567,3.347584766667271,True,1.0
apparent_subcooling_excess_c,load,ncg_dalton,0.0,9.0,750.0,-0.23488673955224293,0.261384640257567,3.5448671550767608,3.960870221447486,3.2834825148191937,True,1.0
apparent_subcooling_excess_c,load,ncg_dalton,0.0,10.0,800.0,-0.20236199388423914,0.2511350215231154,3.556081196397664,3.8928696267827227,3.304946174874549,True,1.0
apparent_subcooling_excess_c,load,ncg_dalton,0.0,11.0,850.0,-0.24800536620285474,0.13686840476300288,3.4588714545925514,3.877253228779916,3.3220030498295485,True,1.0
apparent_subcooling_excess_c,load,ncg_dalton,0.0,12.0,900.0,-0.17031338525097128,0.23330494676902092,3.3892034953261736,3.8527515030148076,3.1558985485571527,True,1.0
apparent_subcooling_excess_c,load,ncg_dalton,0.0,13.0,950.0,-0.20841462319319204,0.28703349022947,3.2252025868107994,3.867074211617187,2.9381690965813294,True,1.0
apparent_subcooling_excess_c,load,ncg_dalton,0.5,0.0,300.0,-0.22926027457145004,0.3180243285419544,3.6203199174189375,4.153729438308183,3.302295588876983,True,1.0
apparent_subcooling_excess_c,load,ncg_dalton,0.5,1.0,350.0,-0.3237031223672613,0.3372636574498806,3.6676009313238698,4.28076968710027,3.3303372738739894,True,1.0
apparent_subcooling_excess_c,load,ncg_dalton,0.5,2.0,400.0,-0.199197268288545,0.1520747501562003,3.631862493065512,4.090565521905474,3.479787742909312,True,1.0
apparent_subcooling_excess_c,load,ncg_dalton,0.5,3.0,450.0,-0.13984739629847098,0.21985062613264894,3.6283101978477443,4.100244555065715,3.4084595717150954,True,1.0
apparent_subcooling_excess_c,load,ncg_dalton,0.5,4.0,500.0,-0.14341265992113628,0.24859414676765956,3.747675557513972,4.067123841584967,3.4990814107463124,True,1.0
apparent_subcooling_excess_c,load,ncg_dalton,0.5,5.0,550.0,-0.21001052360990147,0.21058481981144772,3.658231656791833,4.119998927041522,3.447646836980385,True,1.0
apparent_subcooling_excess_c,load,ncg_dalton,0.5,6.0,600.0,-0.3330524160125792,0.16205877087185683,3.4791107073163188,3.9987489024242295,3.3170519364444617,True,1.0
apparent_subcooling_excess_c,load,ncg_dalton,0.5,7.0,650.0,-0.23591300246370528,0.17401703846892902,3.566321665450577,3.9833893489268375,3.392304626981648,True,1.0
apparent_subcooling_excess_c,load,ncg_dalton,0.5,8.0,700.0,-0.17416752637857424,0.19421807322674356,3.501016717100385,4.074083239586359,3.3067986438736416,True,1.0
apparent_subcooling_excess_c,load,ncg_dalton,0.5,9.0,750.0,-0.23488673955224293,0.261384640257567,3.6284670278533637,4.08472715036471,3.3670823875957967,True,1.0
apparent_subcooling_excess_c,load,ncg_dalton,0.5,10.0,800.0,-0.20236199388423914,0.2511350215231154,3.6717846297192813,4.04701153139794,3.420649608196166,True,1.0
apparent_subcooling_excess_c,load,ncg_dalton,0.5,11.0,850.0,-0.24800536620285474,0.13686840476300288,3.418423868957412,3.9890081156063437,3.281555464194409,True,1.0
apparent_subcooling_excess_c,load,ncg_dalton,0.5,12.0,900.0,-0.17031338525097128,0.23330494676902092,3.4951278028658965,4.004939260501722,3.2618228560968756,True,1.0
apparent_subcooling_excess_c,load,ncg_dalton,0.5,13.0,950.0,-0.20841462319319204,0.28703349022947,3.536983377710312,4.062268463390614,3.249949887480842,True,1.0
apparent_subcooling_excess_c,load,ncg_dalton,1.0,0.0,300.0,-0.22926027457145004,0.3180243285419544,3.506843978256115,4.016730115855738,3.1888196497141608,True,1.0
apparent_subcooling_excess_c,load,ncg_dalton,1.0,1.0,350.0,-0.3237031223672613,0.3372636574498806,3.3883301723009227,4.049496702426488,3.0510665148510423,True,1.0
apparent_subcooling_excess_c,load,ncg_dalton,1.0,2.0,400.0,-0.199197268288545,0.1520747501562003,3.376729969667979,4.046942296580359,3.224655219511779,True,1.0
apparent_subcooling_excess_c,load,ncg_dalton,1.0,3.0,450.0,-0.13984739629847098,0.21985062613264894,3.490570543556988,3.988076473225334,3.270719917424339,True,1.0
apparent_subcooling_excess_c,load,ncg_dalton,1.0,4.0,500.0,-0.14341265992113628,0.24859414676765956,3.610938498046954,4.0082204855699475,3.3623443512792943,True,1.0
apparent_subcooling_excess_c,load,ncg_dalton,1.0,5.0,550.0,-0.21001052360990147,0.21058481981144772,3.556028745412219,3.962635282646179,3.3454439256007715,True,1.0
apparent_subcooling_excess_c,load,ncg_dalton,1.0,6.0,600.0,-0.3330524160125792,0.16205877087185683,3.5424118949359245,3.941819900366432,3.380353124064068,True,1.0
apparent_subcooling_excess_c,load,ncg_dalton,1.0,7.0,650.0,-0.23591300246370528,0.17401703846892902,3.63268985295374,3.9634951401089062,3.458672814484811,True,1.0
apparent_subcooling_excess_c,load,ncg_dalton,1.0,8.0,700.0,-0.17416752637857424,0.19421807322674356,3.6875311252723875,4.013170512461517,3.493313052045644,True,1.0
apparent_subcooling_excess_c,load,ncg_dalton,1.0,9.0,750.0,-0.23488673955224293,0.261384640257567,3.6102942084005956,4.155842915665014,3.3489095681430285,True,1.0
apparent_subcooling_excess_c,load,ncg_dalton,1.0,10.0,800.0,-0.20236199388423914,0.2511350215231154,3.627357920184431,4.1530583118678654,3.3762228986613154,True,1.0
apparent_subcooling_excess_c,load,ncg_dalton,1.0,11.0,850.0,-0.24800536620285474,0.13686840476300288,3.6038222220053355,4.057054992756435,3.4669538172423326,True,1.0
apparent_subcooling_excess_c,load,ncg_dalton,1.0,12.0,900.0,-0.17031338525097128,0.23330494676902092,3.6888096273444924,4.112151526301778,3.4555046805754714,True,1.0
apparent_subcooling_excess_c,load,ncg_dalton,1.0,13.0,950.0,-0.20841462319319204,0.28703349022947,3.644374850347166,4.236335588679715,3.357341360117696,True,1.0
apparent_subcooling_excess_c,load,ncg_dalton,1.5,0.0,300.0,-0.22926027457145004,0.3180243285419544,3.3344070056256196,3.853265259510459,3.0163826770836653,True,1.0
apparent_subcooling_excess_c,load,ncg_dalton,1.5,1.0,350.0,-0.3237031223672613,0.3372636574498806,3.288584267148991,3.945321534414477,2.9513206096991107,True,1.0
apparent_subcooling_excess_c,load,ncg_dalton,1.5,2.0,400.0,-0.199197268288545,0.1520747501562003,3.4541442264900413,3.9882544280080934,3.302069476333841,True,1.0
apparent_subcooling_excess_c,load,ncg_dalton,1.5,3.0,450.0,-0.13984739629847098,0.21985062613264894,3.502025206843686,4.08186161481803,3.282174580711037,True,1.0
apparent_subcooling_excess_c,load,ncg_dalton,1.5,4.0,500.0,-0.14341265992113628,0.24859414676765956,3.4874659934146797,3.9994851753721576,3.23887184664702,True,1.0
apparent_subcooling_excess_c,load,ncg_dalton,1.5,5.0,550.0,-0.21001052360990147,0.21058481981144772,3.478725997194961,3.880951575990383,3.268141177383513,True,1.0
apparent_subcooling_excess_c,load,ncg_dalton,1.5,6.0,600.0,-0.3330524160125792,0.16205877087185683,3.5534619894132704,4.15086216967518,3.391403218541414,True,1.0
apparent_subcooling_excess_c,load,ncg_dalton,1.5,7.0,650.0,-0.23591300246370528,0.17401703846892902,3.551558905672333,3.921702335635043,3.377541867203404,True,1.0
apparent_subcooling_excess_c,load,ncg_dalton,1.5,8.0,700.0,-0.17416752637857424,0.19421807322674356,3.5725110580785224,4.057830040176366,3.378292984851779,True,1.0
apparent_subcooling_excess_c,load,ncg_dalton,1.5,9.0,750.0,-0.23488673955224293,0.261384640257567,3.7298279724421786,4.191007935860545,3.4684433321846115,True,1.0
apparent_subcooling_excess_c,load,ncg_dalton,1.5,10.0,800.0,-0.20236199388423914,0.2511350215231154,3.725639443687428,4.240954416017812,3.4745044221643124,True,1.0
apparent_subcooling_excess_c,load,ncg_dalton,1.5,11.0,850.0,-0.24800536620285474,0.13686840476300288,3.7369579728121978,4.219562234045867,3.600089568049195,True,1.0
apparent_subcooling_excess_c,load,ncg_dalton,1.5,12.0,900.0,-0.17031338525097128,0.23330494676902092,3.6704519474661312,4.340643313100667,3.4371470006971103,True,1.0
apparent_subcooling_excess_c,load,ncg_dalton,1.5,13.0,950.0,-0.20841462319319204,0.28703349022947,3.9297435021855343,4.381098696554112,3.6427100119560643,True,1.0
apparent_subcooling_excess_c,load,ncg_dalton,2.0,0.0,300.0,-0.22926027457145004,0.3180243285419544,3.200468993027296,3.745479358074892,2.8824446644853414,True,1.0
apparent_subcooling_excess_c,load,ncg_dalton,2.0,1.0,350.0,-0.3237031223672613,0.3372636574498806,3.194817110230286,3.788984555551318,2.8575534527804054,True,1.0
apparent_subcooling_excess_c,load,ncg_dalton,2.0,2.0,400.0,-0.199197268288545,0.1520747501562003,3.2533520230072384,3.6442045440579314,3.1012772728510383,True,1.0
apparent_subcooling_excess_c,load,ncg_dalton,2.0,3.0,450.0,-0.13984739629847098,0.21985062613264894,3.44901278386392,3.8414648462532206,3.2291621577312712,True,1.0
apparent_subcooling_excess_c,load,ncg_dalton,2.0,4.0,500.0,-0.14341265992113628,0.24859414676765956,3.5033160533128678,3.9592108233199728,3.254721906545208,True,1.0
apparent_subcooling_excess_c,load,ncg_dalton,2.0,5.0,550.0,-0.21001052360990147,0.21058481981144772,3.4489291640341486,3.8754278919367398,3.2383443442227007,True,1.0
apparent_subcooling_excess_c,load,ncg_dalton,2.0,6.0,600.0,-0.3330524160125792,0.16205877087185683,3.439624326912958,3.966815527695289,3.2775655560411012,True,1.0
apparent_subcooling_excess_c,load,ncg_dalton,2.0,7.0,650.0,-0.23591300246370528,0.17401703846892902,3.583943330690555,3.960867103310215,3.409926292221626,True,1.0
apparent_subcooling_excess_c,load,ncg_dalton,2.0,8.0,700.0,-0.17416752637857424,0.19421807322674356,3.6373143316348058,4.184376745053015,3.443096258408062,True,1.0
apparent_subcooling_excess_c,load,ncg_dalton,2.0,9.0,750.0,-0.23488673955224293,0.261384640257567,3.7645453067292376,4.186322273315779,3.5031606664716706,True,1.0
apparent_subcooling_excess_c,load,ncg_dalton,2.0,10.0,800.0,-0.20236199388423914,0.2511350215231154,3.90449039714569,4.3018087941875836,3.6533553756225747,True,1.0
apparent_subcooling_excess_c,load,ncg_dalton,2.0,11.0,850.0,-0.24800536620285474,0.13686840476300288,3.8428869834124497,4.294651928356366,3.706018578649447,True,1.0
apparent_subcooling_excess_c,load,ncg_dalton,2.0,12.0,900.0,-0.17031338525097128,0.23330494676902092,3.9859126327458823,4.452863620941493,3.7526076859768613,True,1.0
apparent_subcooling_excess_c,load,ncg_dalton,2.0,13.0,950.0,-0.20841462319319204,0.28703349022947,4.056009564409377,4.450797435067527,3.7689760741799074,True,1.0
apparent_subcooling_excess_c,load,ncg_dalton,2.5,0.0,300.0,-0.22926027457145004,0.3180243285419544,2.9722660260824245,3.5773141235369508,2.65424169754047,True,1.0
apparent_subcooling_excess_c,load,ncg_dalton,2.5,1.0,350.0,-0.3237031223672613,0.3372636574498806,3.1768776984323033,3.5691938186390226,2.839614040982423,True,1.0
apparent_subcooling_excess_c,load,ncg_dalton,2.5,2.0,400.0,-0.199197268288545,0.1520747501562003,3.0410848595106446,3.545185223118559,2.8890101093544445,True,1.0
apparent_subcooling_excess_c,load,ncg_dalton,2.5,3.0,450.0,-0.13984739629847098,0.21985062613264894,3.2002557576871764,3.744348248243443,2.9804051315545275,True,1.0
apparent_subcooling_excess_c,load,ncg_dalton,2.5,4.0,500.0,-0.14341265992113628,0.24859414676765956,3.4870886410025657,3.841966847601867,3.238494494234906,True,1.0
apparent_subcooling_excess_c,load,ncg_dalton,2.5,5.0,550.0,-0.21001052360990147,0.21058481981144772,3.4519644266383454,4.033150322909447,3.2413796068268974,True,1.0
apparent_subcooling_excess_c,load,ncg_dalton,2.5,6.0,600.0,-0.3330524160125792,0.16205877087185683,3.4925413598563737,3.930600232548577,3.330482588984517,True,1.0
apparent_subcooling_excess_c,load,ncg_dalton,2.5,7.0,650.0,-0.23591300246370528,0.17401703846892902,3.4989894858665145,3.9474858409677074,3.3249724473975855,True,1.0
apparent_subcooling_excess_c,load,ncg_dalton,2.5,8.0,700.0,-0.17416752637857424,0.19421807322674356,3.6805178092094715,4.105414783453434,3.486299735982728,True,1.0
apparent_subcooling_excess_c,load,ncg_dalton,2.5,9.0,750.0,-0.23488673955224293,0.261384640257567,3.663248907140102,4.152442786659713,3.401864266882535,True,1.0
apparent_subcooling_excess_c,load,ncg_dalton,2.5,10.0,800.0,-0.20236199388423914,0.2511350215231154,3.9080495484695943,4.31662275843839,3.656914526946479,True,1.0
apparent_subcooling_excess_c,load,ncg_dalton,2.5,11.0,850.0,-0.24800536620285474,0.13686840476300288,4.02202177166205,4.504321846365002,3.8851533668990474,True,1.0
apparent_subcooling_excess_c,load,ncg_dalton,2.5,12.0,900.0,-0.17031338525097128,0.23330494676902092,4.015495436861326,4.57205400799967,3.7821904900923053,True,1.0
apparent_subcooling_excess_c,load,ncg_dalton,2.5,13.0,950.0,-0.20841462319319204,0.28703349022947,4.234016132081257,4.727590932566241,3.9469826418517866,True,1.0
apparent_subcooling_excess_c,load,ncg_dalton,3.0,0.0,300.0,-0.22926027457145004,0.3180243285419544,2.8523761860169516,3.393650665879795,2.5343518574749972,True,1.0
apparent_subcooling_excess_c,load,ncg_dalton,3.0,1.0,350.0,-0.3237031223672613,0.3372636574498806,2.9256087655849177,3.467708883531433,2.5883451081350373,True,1.0
apparent_subcooling_excess_c,load,ncg_dalton,3.0,2.0,400.0,-0.199197268288545,0.1520747501562003,3.0988742944341956,3.595083071408628,2.9467995442779955,True,1.0
apparent_subcooling_excess_c,load,ncg_dalton,3.0,3.0,450.0,-0.13984739629847098,0.21985062613264894,3.1608416728933397,3.729541994957338,2.940991046760691,True,1.0
apparent_subcooling_excess_c,load,ncg_dalton,3.0,4.0,500.0,-0.14341265992113628,0.24859414676765956,3.3458977432027295,3.6823650268637547,3.09730359643507,True,1.0
apparent_subcooling_excess_c,load,ncg_dalton,3.0,5.0,550.0,-0.21001052360990147,0.21058481981144772,3.4310886246845413,3.855544743804387,3.2205038048730934,True,1.0
apparent_subcooling_excess_c,load,ncg_dalton,3.0,6.0,600.0,-0.3330524160125792,0.16205877087185683,3.4544219552445274,3.939630026768512,3.292363184372671,True,1.0
apparent_subcooling_excess_c,load,ncg_dalton,3.0,7.0,650.0,-0.23591300246370528,0.17401703846892902,3.5746542828212955,3.9740672632404372,3.4006372443523665,True,1.0
apparent_subcooling_excess_c,load,ncg_dalton,3.0,8.0,700.0,-0.17416752637857424,0.19421807322674356,3.7750399779181554,4.118138665651128,3.580821904691412,True,1.0
apparent_subcooling_excess_c,load,ncg_dalton,3.0,9.0,750.0,-0.23488673955224293,0.261384640257567,3.7773677143638364,4.451231324442521,3.5159830741062694,True,1.0
apparent_subcooling_excess_c,load,ncg_dalton,3.0,10.0,800.0,-0.20236199388423914,0.2511350215231154,4.042410552432384,4.4642877886130545,3.7912755309092683,True,1.0
apparent_subcooling_excess_c,load,ncg_dalton,3.0,11.0,850.0,-0.24800536620285474,0.13686840476300288,4.074716897019345,4.59259284070079,3.9378484922563417,True,1.0
apparent_subcooling_excess_c,load,ncg_dalton,3.0,12.0,900.0,-0.17031338525097128,0.23330494676902092,4.179510486345615,4.761219054125389,3.946205539576594,True,1.0
apparent_subcooling_excess_c,load,ncg_dalton,3.0,13.0,950.0,-0.20841462319319204,0.28703349022947,4.3676080701022535,4.882571768828484,4.080574579872783,True,1.0
apparent_subcooling_excess_c,load,ncg_dalton,3.5,0.0,300.0,-0.22926027457145004,0.3180243285419544,2.791934885746306,3.1983170932406653,2.4739105572043516,True,1.0
apparent_subcooling_excess_c,load,ncg_dalton,3.5,1.0,350.0,-0.3237031223672613,0.3372636574498806,2.7819015481972835,3.350705983897514,2.444637890747403,True,1.0
apparent_subcooling_excess_c,load,ncg_dalton,3.5,2.0,400.0,-0.199197268288545,0.1520747501562003,3.02407650790333,3.402640327882266,2.87200175774713,True,1.0
apparent_subcooling_excess_c,load,ncg_dalton,3.5,3.0,450.0,-0.13984739629847098,0.21985062613264894,3.1066076371864106,3.5876184820429167,2.8867570110537617,True,1.0
apparent_subcooling_excess_c,load,ncg_dalton,3.5,4.0,500.0,-0.14341265992113628,0.24859414676765956,3.2792479598277957,3.6440251984944787,3.030653813060136,True,1.0
apparent_subcooling_excess_c,load,ncg_dalton,3.5,5.0,550.0,-0.21001052360990147,0.21058481981144772,3.2118623306025365,3.8092927882512173,3.0012775107910885,True,1.0
apparent_subcooling_excess_c,load,ncg_dalton,3.5,6.0,600.0,-0.3330524160125792,0.16205877087185683,3.453689885284108,3.8171587715207806,3.291631114412251,True,1.0
apparent_subcooling_excess_c,load,ncg_dalton,3.5,7.0,650.0,-0.23591300246370528,0.17401703846892902,3.5491917486725773,4.00314023144675,3.3751747102036482,True,1.0
apparent_subcooling_excess_c,load,ncg_dalton,3.5,8.0,700.0,-0.17416752637857424,0.19421807322674356,3.7342149904733417,4.196154128356705,3.539996917246598,True,1.0
apparent_subcooling_excess_c,load,ncg_dalton,3.5,9.0,750.0,-0.23488673955224293,0.261384640257567,3.8900676610781995,4.390724467462503,3.6286830208206324,True,1.0
apparent_subcooling_excess_c,load,ncg_dalton,3.5,10.0,800.0,-0.20236199388423914,0.2511350215231154,4.073816921759567,4.451712189372394,3.822681900236452,True,1.0
apparent_subcooling_excess_c,load,ncg_dalton,3.5,11.0,850.0,-0.24800536620285474,0.13686840476300288,4.246751344974838,4.553393147450951,4.109882940211834,True,1.0
apparent_subcooling_excess_c,load,ncg_dalton,3.5,12.0,900.0,-0.17031338525097128,0.23330494676902092,4.45881132447389,4.902083961488977,4.225506377704869,True,1.0
apparent_subcooling_excess_c,load,ncg_dalton,3.5,13.0,950.0,-0.20841462319319204,0.28703349022947,4.478554270865566,5.102595422857743,4.191520780636097,True,1.0
apparent_subcooling_excess_c,load,ncg_dalton,4.0,0.0,300.0,-0.22926027457145004,0.3180243285419544,2.5577512877551714,3.066616856013436,2.239726959213217,True,1.0
apparent_subcooling_excess_c,load,ncg_dalton,4.0,1.0,350.0,-0.3237031223672613,0.3372636574498806,2.5686972525856024,3.1914381398249123,2.231433595135722,True,1.0
apparent_subcooling_excess_c,load,ncg_dalton,4.0,2.0,400.0,-0.199197268288545,0.1520747501562003,2.79311623189494,3.3272960757027237,2.64104148173874,True,1.0
apparent_subcooling_excess_c,load,ncg_dalton,4.0,3.0,450.0,-0.13984739629847098,0.21985062613264894,3.035989051697409,3.4925127595550567,2.81613842556476,True,1.0
apparent_subcooling_excess_c,load,ncg_dalton,4.0,4.0,500.0,-0.14341265992113628,0.24859414676765956,3.140901397978099,3.5783487254622894,2.8923072512104393,True,1.0
apparent_subcooling_excess_c,load,ncg_dalton,4.0,5.0,550.0,-0.21001052360990147,0.21058481981144772,3.2799363628766285,3.740962554029985,3.0693515430651805,True,1.0
apparent_subcooling_excess_c,load,ncg_dalton,4.0,6.0,600.0,-0.3330524160125792,0.16205877087185683,3.3465037032523184,3.766778414400437,3.184444932380462,True,1.0
apparent_subcooling_excess_c,load,ncg_dalton,4.0,7.0,650.0,-0.23591300246370528,0.17401703846892902,3.4384789287000914,3.9798220856346944,3.2644618902311624,True,1.0
apparent_subcooling_excess_c,load,ncg_dalton,4.0,8.0,700.0,-0.17416752637857424,0.19421807322674356,3.79409364820938,4.219986334700293,3.5998755749826366,True,1.0
apparent_subcooling_excess_c,load,ncg_dalton,4.0,9.0,750.0,-0.23488673955224293,0.261384640257567,4.026256089216049,4.500315087108119,3.764871448958482,True,1.0
apparent_subcooling_excess_c,load,ncg_dalton,4.0,10.0,800.0,-0.20236199388423914,0.2511350215231154,4.078138580210906,4.745311656005144,3.8270035586877906,True,1.0
apparent_subcooling_excess_c,load,ncg_dalton,4.0,11.0,850.0,-0.24800536620285474,0.13686840476300288,4.264883814393565,4.809963642734623,4.128015409630562,True,1.0
apparent_subcooling_excess_c,load,ncg_dalton,4.0,12.0,900.0,-0.17031338525097128,0.23330494676902092,4.570012255003827,5.090570406727234,4.336707308234806,True,1.0
apparent_subcooling_excess_c,load,ncg_dalton,4.0,13.0,950.0,-0.20841462319319204,0.28703349022947,4.66850056481538,5.250868195047907,4.38146707458591,True,1.0
apparent_subcooling_excess_c,load,ncg_dalton,4.5,0.0,300.0,-0.22926027457145004,0.3180243285419544,2.4334991408692828,2.981181156930308,2.1154748123273284,True,1.0
apparent_subcooling_excess_c,load,ncg_dalton,4.5,1.0,350.0,-0.3237031223672613,0.3372636574498806,2.435463352388476,3.05482166122433,2.0981996949385957,True,1.0
apparent_subcooling_excess_c,load,ncg_dalton,4.5,2.0,400.0,-0.199197268288545,0.1520747501562003,2.734241066811701,3.127668956125788,2.582166316655501,True,1.0
apparent_subcooling_excess_c,load,ncg_dalton,4.5,3.0,450.0,-0.13984739629847098,0.21985062613264894,2.9868500719564937,3.4078090347537753,2.7669994458238447,True,1.0
apparent_subcooling_excess_c,load,ncg_dalton,4.5,4.0,500.0,-0.14341265992113628,0.24859414676765956,3.189170986237543,3.4958271774427017,2.9405768394698835,True,1.0
apparent_subcooling_excess_c,load,ncg_dalton,4.5,5.0,550.0,-0.21001052360990147,0.21058481981144772,3.160783910311391,3.7073847957592925,2.950199090499943,True,1.0
apparent_subcooling_excess_c,load,ncg_dalton,4.5,6.0,600.0,-0.3330524160125792,0.16205877087185683,3.3424196465512375,3.7957845105494483,3.180360875679381,True,1.0
apparent_subcooling_excess_c,load,ncg_dalton,4.5,7.0,650.0,-0.23591300246370528,0.17401703846892902,3.575250951950355,3.9727488843123826,3.401233913481426,True,1.0
apparent_subcooling_excess_c,load,ncg_dalton,4.5,8.0,700.0,-0.17416752637857424,0.19421807322674356,3.8750183764656856,4.251887636074224,3.680800303238942,True,1.0
apparent_subcooling_excess_c,load,ncg_dalton,4.5,9.0,750.0,-0.23488673955224293,0.261384640257567,4.038827255204441,4.445296962588296,3.777442614946874,True,1.0
apparent_subcooling_excess_c,load,ncg_dalton,4.5,10.0,800.0,-0.20236199388423914,0.2511350215231154,4.355744062775983,4.8206459450614405,4.104609041252868,True,1.0
apparent_subcooling_excess_c,load,ncg_dalton,4.5,11.0,850.0,-0.24800536620285474,0.13686840476300288,4.4583250840125945,4.860176621835674,4.321456679249591,True,1.0
apparent_subcooling_excess_c,load,ncg_dalton,4.5,12.0,900.0,-0.17031338525097128,0.23330494676902092,4.722110822223271,5.232180657610643,4.48880587545425,True,1.0
apparent_subcooling_excess_c,load,ncg_dalton,4.5,13.0,950.0,-0.20841462319319204,0.28703349022947,5.008321833186972,5.628569221726497,4.721288342957502,True,1.0
apparent_subcooling_excess_c,load,ncg_dalton,5.0,0.0,300.0,-0.22926027457145004,0.3180243285419544,2.376187407788172,2.930553203403102,2.0581630792462176,True,1.0
apparent_subcooling_excess_c,load,ncg_dalton,5.0,1.0,350.0,-0.3237031223672613,0.3372636574498806,2.4831156706863196,3.0806417616958726,2.145852013236439,True,1.0
apparent_subcooling_excess_c,load,ncg_dalton,5.0,2.0,400.0,-0.199197268288545,0.1520747501562003,2.5478781528838006,3.0328803736625733,2.3958034027276005,True,1.0
apparent_subcooling_excess_c,load,ncg_dalton,5.0,3.0,450.0,-0.13984739629847098,0.21985062613264894,2.821062526910306,3.376072742382748,2.601211900777657,True,1.0
apparent_subcooling_excess_c,load,ncg_dalton,5.0,4.0,500.0,-0.14341265992113628,0.24859414676765956,3.0298194061279524,3.3695287306578043,2.781225259360293,True,1.0
apparent_subcooling_excess_c,load,ncg_dalton,5.0,5.0,550.0,-0.21001052360990147,0.21058481981144772,3.1548243268015788,3.609091567625704,2.9442395069901313,True,1.0
apparent_subcooling_excess_c,load,ncg_dalton,5.0,6.0,600.0,-0.3330524160125792,0.16205877087185683,3.3753164743866324,3.7659931430465843,3.213257703514776,True,1.0
apparent_subcooling_excess_c,load,ncg_dalton,5.0,7.0,650.0,-0.23591300246370528,0.17401703846892902,3.5476640743398424,3.9618330174543996,3.3736470358709134,True,1.0
apparent_subcooling_excess_c,load,ncg_dalton,5.0,8.0,700.0,-0.17416752637857424,0.19421807322674356,3.8489111691278306,4.310045969299663,3.654693095901087,True,1.0
apparent_subcooling_excess_c,load,ncg_dalton,5.0,9.0,750.0,-0.23488673955224293,0.261384640257567,4.029804892136552,4.514896853696887,3.7684202518789847,True,1.0
apparent_subcooling_excess_c,load,ncg_dalton,5.0,10.0,800.0,-0.20236199388423914,0.2511350215231154,4.344895720776105,4.895840227197196,4.093760699252989,True,1.0
apparent_subcooling_excess_c,load,ncg_dalton,5.0,11.0,850.0,-0.24800536620285474,0.13686840476300288,4.535196757176664,5.086829282334223,4.39832835241366,True,1.0
apparent_subcooling_excess_c,load,ncg_dalton,5.0,12.0,900.0,-0.17031338525097128,0.23330494676902092,4.929384260792835,5.3759774425315925,4.696079314023814,True,1.0
apparent_subcooling_excess_c,load,ncg_dalton,5.0,13.0,950.0,-0.20841462319319204,0.28703349022947,5.262039407248269,5.730938095526135,4.975005917018798,True,1.0
apparent_subcooling_excess_c,load,ncg_dalton,5.5,0.0,300.0,-0.22926027457145004,0.3180243285419544,2.325296476833504,2.7985999597855837,2.0072721482915497,True,1.0
apparent_subcooling_excess_c,load,ncg_dalton,5.5,1.0,350.0,-0.3237031223672613,0.3372636574498806,2.2450129418600797,2.856387500207764,1.907749284410199,True,1.0
apparent_subcooling_excess_c,load,ncg_dalton,5.5,2.0,400.0,-0.199197268288545,0.1520747501562003,2.4631573128679083,3.139751497192929,2.311082562711708,True,1.0
apparent_subcooling_excess_c,load,ncg_dalton,5.5,3.0,450.0,-0.13984739629847098,0.21985062613264894,2.7870058480535818,3.267016934756068,2.567155221920933,True,1.0
apparent_subcooling_excess_c,load,ncg_dalton,5.5,4.0,500.0,-0.14341265992113628,0.24859414676765956,3.0711799322702014,3.2954592450995674,2.822585785502542,True,1.0
apparent_subcooling_excess_c,load,ncg_dalton,5.5,5.0,550.0,-0.21001052360990147,0.21058481981144772,3.153034023612248,3.6203113147670587,2.9424492038008,True,1.0
apparent_subcooling_excess_c,load,ncg_dalton,5.5,6.0,600.0,-0.3330524160125792,0.16205877087185683,3.2953200997513337,3.8774638949859757,3.1332613288794766,True,1.0
apparent_subcooling_excess_c,load,ncg_dalton,5.5,7.0,650.0,-0.23591300246370528,0.17401703846892902,3.468539079873952,3.983201956169675,3.294522041405023,True,1.0
apparent_subcooling_excess_c,load,ncg_dalton,5.5,8.0,700.0,-0.17416752637857424,0.19421807322674356,3.908855638554932,4.3674161814282595,3.7146375653281885,True,1.0
apparent_subcooling_excess_c,load,ncg_dalton,5.5,9.0,750.0,-0.23488673955224293,0.261384640257567,4.177450578819241,4.693760819432565,3.916065938561674,True,1.0
apparent_subcooling_excess_c,load,ncg_dalton,5.5,10.0,800.0,-0.20236199388423914,0.2511350215231154,4.561588454965586,4.8883001049233945,4.31045343344247,True,1.0
apparent_subcooling_excess_c,load,ncg_dalton,5.5,11.0,850.0,-0.24800536620285474,0.13686840476300288,4.597890889377274,5.11520155260854,4.46102248461427,True,1.0
apparent_subcooling_excess_c,load,ncg_dalton,5.5,12.0,900.0,-0.17031338525097128,0.23330494676902092,5.118340521386371,5.500358077205879,4.88503557461735,True,1.0
apparent_subcooling_excess_c,load,ncg_dalton,5.5,13.0,950.0,-0.20841462319319204,0.28703349022947,5.509431502087988,5.954693404634829,5.222398011858518,True,1.0
apparent_subcooling_excess_c,load,ncg_dalton,6.0,0.0,300.0,-0.22926027457145004,0.3180243285419544,2.0757497522395174,2.6257551795686087,1.757725423697563,True,1.0
apparent_subcooling_excess_c,load,ncg_dalton,6.0,1.0,350.0,-0.3237031223672613,0.3372636574498806,2.1360563327627977,2.7053682713051446,1.798792675312917,True,1.0
apparent_subcooling_excess_c,load,ncg_dalton,6.0,2.0,400.0,-0.199197268288545,0.1520747501562003,2.540306833588036,2.928549761459082,2.388232083431836,True,1.0
apparent_subcooling_excess_c,load,ncg_dalton,6.0,3.0,450.0,-0.13984739629847098,0.21985062613264894,2.5653872765860397,3.1687002069878583,2.3455366504533908,True,1.0
apparent_subcooling_excess_c,load,ncg_dalton,6.0,4.0,500.0,-0.14341265992113628,0.24859414676765956,2.7715990018376573,3.2627419828330346,2.5230048550699977,True,1.0
apparent_subcooling_excess_c,load,ncg_dalton,6.0,5.0,550.0,-0.21001052360990147,0.21058481981144772,3.112764953039833,3.5283722539428153,2.902180133228385,True,1.0
apparent_subcooling_excess_c,load,ncg_dalton,6.0,6.0,600.0,-0.3330524160125792,0.16205877087185683,3.2661194464610066,3.832843579261227,3.1040606755891496,True,1.0
apparent_subcooling_excess_c,load,ncg_dalton,6.0,7.0,650.0,-0.23591300246370528,0.17401703846892902,3.5995022701367434,3.9690915660570587,3.4254852316678144,True,1.0
apparent_subcooling_excess_c,load,ncg_dalton,6.0,8.0,700.0,-0.17416752637857424,0.19421807322674356,3.886927613455204,4.394341407551009,3.6927095402284604,True,1.0
apparent_subcooling_excess_c,load,ncg_dalton,6.0,9.0,750.0,-0.23488673955224293,0.261384640257567,4.109021898778908,4.759073724721666,3.8476372585213414,True,1.0
apparent_subcooling_excess_c,load,ncg_dalton,6.0,10.0,800.0,-0.20236199388423914,0.2511350215231154,4.571842319982082,4.925361072718227,4.3207072984589665,True,1.0
apparent_subcooling_excess_c,load,ncg_dalton,6.0,11.0,850.0,-0.24800536620285474,0.13686840476300288,4.925341083626838,5.285585477425335,4.788472678863835,True,1.0
apparent_subcooling_excess_c,load,ncg_dalton,6.0,12.0,900.0,-0.17031338525097128,0.23330494676902092,5.316899332129355,5.8189651838511445,5.0835943853603345,True,1.0
apparent_subcooling_excess_c,load,ncg_dalton,6.0,13.0,950.0,-0.20841462319319204,0.28703349022947,5.752116103484209,6.246287371244886,5.465082613254738,True,1.0
apparent_subcooling_excess_c,load,ncg_dalton,6.5,0.0,300.0,-0.22926027457145004,0.3180243285419544,1.9208818750371492,2.46726463461341,1.6028575464951949,True,1.0
apparent_subcooling_excess_c,load,ncg_dalton,6.5,1.0,350.0,-0.3237031223672613,0.3372636574498806,2.0352118495783413,2.652076478906735,1.6979481921284607,True,1.0
apparent_subcooling_excess_c,load,ncg_dalton,6.5,2.0,400.0,-0.199197268288545,0.1520747501562003,2.418215902270111,2.9038599137426493,2.266141152113911,True,1.0
apparent_subcooling_excess_c,load,ncg_dalton,6.5,3.0,450.0,-0.13984739629847098,0.21985062613264894,2.6663145932194388,3.0139546645984217,2.44646396708679,True,1.0
apparent_subcooling_excess_c,load,ncg_dalton,6.5,4.0,500.0,-0.14341265992113628,0.24859414676765956,2.8144771882520114,3.3421877553105297,2.565883041484352,True,1.0
apparent_subcooling_excess_c,load,ncg_dalton,6.5,5.0,550.0,-0.21001052360990147,0.21058481981144772,2.9684352988368476,3.4958317103410694,2.7578504790254,True,1.0
apparent_subcooling_excess_c,load,ncg_dalton,6.5,6.0,600.0,-0.3330524160125792,0.16205877087185683,3.2162516792064673,3.7503894400588846,3.0541929083346107,True,1.0
apparent_subcooling_excess_c,load,ncg_dalton,6.5,7.0,650.0,-0.23591300246370528,0.17401703846892902,3.4677571309471626,3.9938786228773298,3.2937400924782336,True,1.0
apparent_subcooling_excess_c,load,ncg_dalton,6.5,8.0,700.0,-0.17416752637857424,0.19421807322674356,3.880857846022014,4.348584830034282,3.6866397727952704,True,1.0
apparent_subcooling_excess_c,load,ncg_dalton,6.5,9.0,750.0,-0.23488673955224293,0.261384640257567,4.3605581120834405,4.661439569565838,4.099173471825873,True,1.0
apparent_subcooling_excess_c,load,ncg_dalton,6.5,10.0,800.0,-0.20236199388423914,0.2511350215231154,4.7555208185341105,5.0865751643790675,4.504385797010995,True,1.0
apparent_subcooling_excess_c,load,ncg_dalton,6.5,11.0,850.0,-0.24800536620285474,0.13686840476300288,5.056590840137353,5.4838628600118815,4.91972243537435,True,1.0
apparent_subcooling_excess_c,load,ncg_dalton,6.5,12.0,900.0,-0.17031338525097128,0.23330494676902092,5.485743258984948,6.008888806915666,5.2524383122159275,True,1.0
apparent_subcooling_excess_c,load,ncg_dalton,6.5,13.0,950.0,-0.20841462319319204,0.28703349022947,5.947980540037472,6.47646065614904,5.6609470498080015,True,1.0
apparent_subcooling_excess_c,load,ncg_dalton,7.0,0.0,300.0,-0.22926027457145004,0.3180243285419544,1.855157310223907,2.3858328434023086,1.5371329816819526,True,1.0
apparent_subcooling_excess_c,load,ncg_dalton,7.0,1.0,350.0,-0.3237031223672613,0.3372636574498806,2.1247856753488588,2.6102043757771973,1.7875220178989781,True,1.0
apparent_subcooling_excess_c,load,ncg_dalton,7.0,2.0,400.0,-0.199197268288545,0.1520747501562003,2.266718891644966,2.7314785753479747,2.114644141488766,True,1.0
apparent_subcooling_excess_c,load,ncg_dalton,7.0,3.0,450.0,-0.13984739629847098,0.21985062613264894,2.436279130086838,2.9432322001065883,2.216428503954189,True,1.0
apparent_subcooling_excess_c,load,ncg_dalton,7.0,4.0,500.0,-0.14341265992113628,0.24859414676765956,2.8185987693388546,3.2157876971342745,2.570004622571195,True,1.0
apparent_subcooling_excess_c,load,ncg_dalton,7.0,5.0,550.0,-0.21001052360990147,0.21058481981144772,3.0362078605353306,3.5782436650048544,2.825623040723883,True,1.0
apparent_subcooling_excess_c,load,ncg_dalton,7.0,6.0,600.0,-0.3330524160125792,0.16205877087185683,3.327274539374197,3.6771476991142533,3.16521576850234,True,1.0
apparent_subcooling_excess_c,load,ncg_dalton,7.0,7.0,650.0,-0.23591300246370528,0.17401703846892902,3.5884298191009845,3.9415926885471704,3.4144127806320554,True,1.0
apparent_subcooling_excess_c,load,ncg_dalton,7.0,8.0,700.0,-0.17416752637857424,0.19421807322674356,3.948153758939772,4.381684995096916,3.7539356857130284,True,1.0
apparent_subcooling_excess_c,load,ncg_dalton,7.0,9.0,750.0,-0.23488673955224293,0.261384640257567,4.320221171411417,4.760144658098083,4.058836531153849,True,1.0
apparent_subcooling_excess_c,load,ncg_dalton,7.0,10.0,800.0,-0.20236199388423914,0.2511350215231154,4.77202540797082,5.245591100053694,4.520890386447705,True,1.0
apparent_subcooling_excess_c,load,ncg_dalton,7.0,11.0,850.0,-0.24800536620285474,0.13686840476300288,5.167341051263211,5.569209955312335,5.030472646500208,True,1.0
apparent_subcooling_excess_c,load,ncg_dalton,7.0,12.0,900.0,-0.17031338525097128,0.23330494676902092,5.754291985280304,6.0804165686189116,5.520987038511283,True,1.0
apparent_subcooling_excess_c,load,ncg_dalton,7.0,13.0,950.0,-0.20841462319319204,0.28703349022947,6.33601837645986,6.766939242188659,6.048984886230389,True,1.0
apparent_subcooling_excess_c,load,ncg_dalton,7.5,0.0,300.0,-0.22926027457145004,0.3180243285419544,1.806094878778748,2.381168997067232,1.4880705502367937,True,1.0
apparent_subcooling_excess_c,load,ncg_dalton,7.5,1.0,350.0,-0.3237031223672613,0.3372636574498806,1.9692941587565962,2.5228531251610695,1.6320305013067156,True,1.0
apparent_subcooling_excess_c,load,ncg_dalton,7.5,2.0,400.0,-0.199197268288545,0.1520747501562003,2.112857877255556,2.6268594110288648,1.9607831270993559,True,1.0
apparent_subcooling_excess_c,load,ncg_dalton,7.5,3.0,450.0,-0.13984739629847098,0.21985062613264894,2.397150684211865,3.0274977699030323,2.177300058079216,True,1.0
apparent_subcooling_excess_c,load,ncg_dalton,7.5,4.0,500.0,-0.14341265992113628,0.24859414676765956,2.7015165632651392,3.098165424669361,2.4529224164974797,True,1.0
apparent_subcooling_excess_c,load,ncg_dalton,7.5,5.0,550.0,-0.21001052360990147,0.21058481981144772,2.8885922244952624,3.5079548460373102,2.6780074046838145,True,1.0
apparent_subcooling_excess_c,load,ncg_dalton,7.5,6.0,600.0,-0.3330524160125792,0.16205877087185683,3.1408907742131533,3.7257302127120138,2.9788320033412967,True,1.0
apparent_subcooling_excess_c,load,ncg_dalton,7.5,7.0,650.0,-0.23591300246370528,0.17401703846892902,3.396875108727279,4.010021878051971,3.22285807025835,True,1.0
apparent_subcooling_excess_c,load,ncg_dalton,7.5,8.0,700.0,-0.17416752637857424,0.19421807322674356,3.975738359621698,4.411052226468991,3.7815202863949544,True,1.0
apparent_subcooling_excess_c,load,ncg_dalton,7.5,9.0,750.0,-0.23488673955224293,0.261384640257567,4.363630506989568,4.8644781964139305,4.102245866732002,True,1.0
apparent_subcooling_excess_c,load,ncg_dalton,7.5,10.0,800.0,-0.20236199388423914,0.2511350215231154,4.80333402432787,5.314516184395144,4.5521990028047545,True,1.0
apparent_subcooling_excess_c,load,ncg_dalton,7.5,11.0,850.0,-0.24800536620285474,0.13686840476300288,5.3933558056071895,5.850303107857438,5.256487400844186,True,1.0
apparent_subcooling_excess_c,load,ncg_dalton,7.5,12.0,900.0,-0.17031338525097128,0.23330494676902092,5.882071715021578,6.39450227999167,5.648766768252557,True,1.0
apparent_subcooling_excess_c,load,ncg_dalton,7.5,13.0,950.0,-0.20841462319319204,0.28703349022947,6.587435282356271,6.975666697225654,6.3004017921268005,True,1.0
apparent_subcooling_excess_c,load,ncg_dalton,8.0,0.0,300.0,-0.22926027457145004,0.3180243285419544,1.7999101128577513,2.2756399556306857,1.4818857843157969,True,1.0
apparent_subcooling_excess_c,load,ncg_dalton,8.0,1.0,350.0,-0.3237031223672613,0.3372636574498806,1.8737522935517512,2.333638896181601,1.5364886361018706,True,1.0
apparent_subcooling_excess_c,load,ncg_dalton,8.0,2.0,400.0,-0.199197268288545,0.1520747501562003,2.127230475509026,2.695155226443598,1.9751557253528256,True,1.0
apparent_subcooling_excess_c,load,ncg_dalton,8.0,3.0,450.0,-0.13984739629847098,0.21985062613264894,2.3588522360529884,2.8912392859335156,2.1390016099203395,True,1.0
apparent_subcooling_excess_c,load,ncg_dalton,8.0,4.0,500.0,-0.14341265992113628,0.24859414676765956,2.60779976701098,3.076348976581426,2.3592056202433205,True,1.0
apparent_subcooling_excess_c,load,ncg_dalton,8.0,5.0,550.0,-0.21001052360990147,0.21058481981144772,2.9582834765137047,3.2796064621545424,2.7476986567022568,True,1.0
apparent_subcooling_excess_c,load,ncg_dalton,8.0,6.0,600.0,-0.3330524160125792,0.16205877087185683,3.175171760747822,3.5940759656438237,3.0131129898759648,True,1.0
apparent_subcooling_excess_c,load,ncg_dalton,8.0,7.0,650.0,-0.23591300246370528,0.17401703846892902,3.562273807005534,4.0500067365510315,3.388256768536605,True,1.0
apparent_subcooling_excess_c,load,ncg_dalton,8.0,8.0,700.0,-0.17416752637857424,0.19421807322674356,3.991858544801738,4.404538328759482,3.7976404715749945,True,1.0
apparent_subcooling_excess_c,load,ncg_dalton,8.0,9.0,750.0,-0.23488673955224293,0.261384640257567,4.4852155736609625,4.8366396638989535,4.223830933403395,True,1.0
apparent_subcooling_excess_c,load,ncg_dalton,8.0,10.0,800.0,-0.20236199388423914,0.2511350215231154,5.006232159360449,5.395727717973866,4.755097137837334,True,1.0
apparent_subcooling_excess_c,load,ncg_dalton,8.0,11.0,850.0,-0.24800536620285474,0.13686840476300288,5.505338841799331,5.93030953201982,5.368470437036327,True,1.0
apparent_subcooling_excess_c,load,ncg_dalton,8.0,12.0,900.0,-0.17031338525097128,0.23330494676902092,6.240632797374987,6.732707719209126,6.007327850605966,True,1.0
apparent_subcooling_excess_c,load,ncg_dalton,8.0,13.0,950.0,-0.20841462319319204,0.28703349022947,6.900097698602501,7.4477685485631575,6.61306420837303,True,1.0
apparent_subcooling_excess_c,load,ncg_dalton,8.5,0.0,300.0,-0.22926027457145004,0.3180243285419544,1.601880128126776,2.085501813288617,1.2838557995848217,True,1.0
apparent_subcooling_excess_c,load,ncg_dalton,8.5,1.0,350.0,-0.3237031223672613,0.3372636574498806,1.679807602005828,2.470381757472022,1.3425439445559473,True,1.0
apparent_subcooling_excess_c,load,ncg_dalton,8.5,2.0,400.0,-0.199197268288545,0.1520747501562003,2.0431593446228478,2.4214716946989867,1.8910845944666475,True,1.0
apparent_subcooling_excess_c,load,ncg_dalton,8.5,3.0,450.0,-0.13984739629847098,0.21985062613264894,2.29259124812174,2.8415898081382993,2.072740621989091,True,1.0
apparent_subcooling_excess_c,load,ncg_dalton,8.5,4.0,500.0,-0.14341265992113628,0.24859414676765956,2.709520105715379,2.968542245742956,2.4609259589477195,True,1.0
apparent_subcooling_excess_c,load,ncg_dalton,8.5,5.0,550.0,-0.21001052360990147,0.21058481981144772,2.8822465723104225,3.2190258473512294,2.6716617524989745,True,1.0
apparent_subcooling_excess_c,load,ncg_dalton,8.5,6.0,600.0,-0.3330524160125792,0.16205877087185683,3.2194071978366026,3.691516104718013,3.0573484269647455,True,1.0
apparent_subcooling_excess_c,load,ncg_dalton,8.5,7.0,650.0,-0.23591300246370528,0.17401703846892902,3.6616675723287826,3.9803963053480973,3.4876505338598536,True,1.0
apparent_subcooling_excess_c,load,ncg_dalton,8.5,8.0,700.0,-0.17416752637857424,0.19421807322674356,4.047765585932444,4.3874988923488525,3.8535475127057004,True,1.0
apparent_subcooling_excess_c,load,ncg_dalton,8.5,9.0,750.0,-0.23488673955224293,0.261384640257567,4.415694710907785,4.915427663457367,4.154310070650219,True,1.0
apparent_subcooling_excess_c,load,ncg_dalton,8.5,10.0,800.0,-0.20236199388423914,0.2511350215231154,5.1143944836807895,5.50013086051078,4.863259462157674,True,1.0
apparent_subcooling_excess_c,load,ncg_dalton,8.5,11.0,850.0,-0.24800536620285474,0.13686840476300288,5.611924733456091,6.0837951763611,5.475056328693087,True,1.0
apparent_subcooling_excess_c,load,ncg_dalton,8.5,12.0,900.0,-0.17031338525097128,0.23330494676902092,6.420934351515447,6.856836075986385,6.187629404746426,True,1.0
apparent_subcooling_excess_c,load,ncg_dalton,8.5,13.0,950.0,-0.20841462319319204,0.28703349022947,7.244657737246495,7.5798765479917005,6.957624247017025,True,1.0
apparent_subcooling_excess_c,load,ncg_dalton,9.0,0.0,300.0,-0.22926027457145004,0.3180243285419544,1.590829031098422,2.0057632928702356,1.2728047025564677,True,1.0
apparent_subcooling_excess_c,load,ncg_dalton,9.0,1.0,350.0,-0.3237031223672613,0.3372636574498806,1.6912181257683085,2.324696813753991,1.353954468318428,True,1.0
apparent_subcooling_excess_c,load,ncg_dalton,9.0,2.0,400.0,-0.199197268288545,0.1520747501562003,1.9765458112060703,2.3202785307586278,1.82447106104987,True,1.0
apparent_subcooling_excess_c,load,ncg_dalton,9.0,3.0,450.0,-0.13984739629847098,0.21985062613264894,2.2773864517906457,2.6821518298386664,2.0575358256579968,True,1.0
apparent_subcooling_excess_c,load,ncg_dalton,9.0,4.0,500.0,-0.14341265992113628,0.24859414676765956,2.580468815939027,2.929820488942041,2.3318746691713677,True,1.0
apparent_subcooling_excess_c,load,ncg_dalton,9.0,5.0,550.0,-0.21001052360990147,0.21058481981144772,2.8281900306664953,3.324022929140872,2.6176052108550474,True,1.0
apparent_subcooling_excess_c,load,ncg_dalton,9.0,6.0,600.0,-0.3330524160125792,0.16205877087185683,3.175932679731409,3.646078968829631,3.0138739088595523,True,1.0
apparent_subcooling_excess_c,load,ncg_dalton,9.0,7.0,650.0,-0.23591300246370528,0.17401703846892902,3.5184380027568682,4.010256040473705,3.3444209642879392,True,1.0
apparent_subcooling_excess_c,load,ncg_dalton,9.0,8.0,700.0,-0.17416752637857424,0.19421807322674356,4.119679863643332,4.548663530552277,3.925461790416588,True,1.0
apparent_subcooling_excess_c,load,ncg_dalton,9.0,9.0,750.0,-0.23488673955224293,0.261384640257567,4.643132972327423,4.981567741044934,4.381748332069856,True,1.0
apparent_subcooling_excess_c,load,ncg_dalton,9.0,10.0,800.0,-0.20236199388423914,0.2511350215231154,5.136850697124897,5.696652450746695,4.885715675601782,True,1.0
apparent_subcooling_excess_c,load,ncg_dalton,9.0,11.0,850.0,-0.24800536620285474,0.13686840476300288,5.803500674516156,6.2859563572617585,5.666632269753153,True,1.0
apparent_subcooling_excess_c,load,ncg_dalton,9.0,12.0,900.0,-0.17031338525097128,0.23330494676902092,6.670243472128874,7.112982134030984,6.436938525359853,True,1.0
apparent_subcooling_excess_c,load,ncg_dalton,9.0,13.0,950.0,-0.20841462319319204,0.28703349022947,7.532198436456225,8.086186277409269,7.245164946226755,True,1.0
apparent_subcooling_excess_c,load,ncg_dalton,9.5,0.0,300.0,-0.22926027457145004,0.3180243285419544,1.4062838191293827,1.9585757710306952,1.0882594905874283,True,1.0
apparent_subcooling_excess_c,load,ncg_dalton,9.5,1.0,350.0,-0.3237031223672613,0.3372636574498806,1.4661242273027242,2.266951551122878,1.1288605698528436,True,1.0
apparent_subcooling_excess_c,load,ncg_dalton,9.5,2.0,400.0,-0.199197268288545,0.1520747501562003,1.9648637043850297,2.290258925983072,1.8127889542288294,True,1.0
apparent_subcooling_excess_c,load,ncg_dalton,9.5,3.0,450.0,-0.13984739629847098,0.21985062613264894,2.1526828429530243,2.726527852963587,1.9328322168203753,True,1.0
apparent_subcooling_excess_c,load,ncg_dalton,9.5,4.0,500.0,-0.14341265992113628,0.24859414676765956,2.544169597003129,2.8578571606445573,2.2955754502354693,True,1.0
apparent_subcooling_excess_c,load,ncg_dalton,9.5,5.0,550.0,-0.21001052360990147,0.21058481981144772,2.784494713150715,3.245823430962748,2.573909893339267,True,1.0
apparent_subcooling_excess_c,load,ncg_dalton,9.5,6.0,600.0,-0.3330524160125792,0.16205877087185683,3.100833264122363,3.6370833775020808,2.9387744932505058,True,1.0
apparent_subcooling_excess_c,load,ncg_dalton,9.5,7.0,650.0,-0.23591300246370528,0.17401703846892902,3.6282980433298735,3.898008517621265,3.4542810048609445,True,1.0
apparent_subcooling_excess_c,load,ncg_dalton,9.5,8.0,700.0,-0.17416752637857424,0.19421807322674356,4.12658332787443,4.500858896805593,3.9323652546476864,True,1.0
apparent_subcooling_excess_c,load,ncg_dalton,9.5,9.0,750.0,-0.23488673955224293,0.261384640257567,4.742251824416721,5.121674059389813,4.480867184159154,True,1.0
apparent_subcooling_excess_c,load,ncg_dalton,9.5,10.0,800.0,-0.20236199388423914,0.2511350215231154,5.347639630159348,5.745993409296416,5.0965046086362324,True,1.0
apparent_subcooling_excess_c,load,ncg_dalton,9.5,11.0,850.0,-0.24800536620285474,0.13686840476300288,6.060386446190574,6.4949626672338265,5.92351804142757,True,1.0
apparent_subcooling_excess_c,load,ncg_dalton,9.5,12.0,900.0,-0.17031338525097128,0.23330494676902092,6.894896551050007,7.405685416338198,6.661591604280986,True,1.0
apparent_subcooling_excess_c,load,ncg_dalton,9.5,13.0,950.0,-0.20841462319319204,0.28703349022947,8.011633228462221,8.40738977390065,7.724599738232751,True,1.0
apparent_subcooling_excess_c,load,ncg_dalton,10.0,0.0,300.0,-0.22926027457145004,0.3180243285419544,1.2969171841849145,2.072786650832936,0.9788928556429601,True,1.0
apparent_subcooling_excess_c,load,ncg_dalton,10.0,1.0,350.0,-0.3237031223672613,0.3372636574498806,1.2637588073410784,2.0202821730088236,0.9264951498911977,True,1.0
apparent_subcooling_excess_c,load,ncg_dalton,10.0,2.0,400.0,-0.199197268288545,0.1520747501562003,1.8492938715540599,2.233959664199197,1.6972191213978596,True,1.0
apparent_subcooling_excess_c,load,ncg_dalton,10.0,3.0,450.0,-0.13984739629847098,0.21985062613264894,2.0500578962408076,2.706162080256764,1.8302072701081586,True,1.0
apparent_subcooling_excess_c,load,ncg_dalton,10.0,4.0,500.0,-0.14341265992113628,0.24859414676765956,2.343389992440625,2.914380046783921,2.0947958456729654,True,1.0
apparent_subcooling_excess_c,load,ncg_dalton,10.0,5.0,550.0,-0.21001052360990147,0.21058481981144772,2.8106953591366657,3.202503538264513,2.600110539325218,True,1.0
apparent_subcooling_excess_c,load,ncg_dalton,10.0,6.0,600.0,-0.3330524160125792,0.16205877087185683,2.998732630414961,3.597329589662591,2.8366738595431045,True,1.0
apparent_subcooling_excess_c,load,ncg_dalton,10.0,7.0,650.0,-0.23591300246370528,0.17401703846892902,3.5171113192940644,4.050541262964545,3.3430942808251354,True,1.0
apparent_subcooling_excess_c,load,ncg_dalton,10.0,8.0,700.0,-0.17416752637857424,0.19421807322674356,4.162612093634035,4.624646104724227,3.9683940204072914,True,1.0
apparent_subcooling_excess_c,load,ncg_dalton,10.0,9.0,750.0,-0.23488673955224293,0.261384640257567,4.762665046563927,5.129567104706231,4.5012804063063605,True,1.0
apparent_subcooling_excess_c,load,ncg_dalton,10.0,10.0,800.0,-0.20236199388423914,0.2511350215231154,5.442300833467909,5.877753608456068,5.191165811944794,True,1.0
apparent_subcooling_excess_c,load,ncg_dalton,10.0,11.0,850.0,-0.24800536620285474,0.13686840476300288,6.210879449368365,6.678283631274512,6.074011044605362,True,1.0
apparent_subcooling_excess_c,load,ncg_dalton,10.0,12.0,900.0,-0.17031338525097128,0.23330494676902092,7.226744721175423,7.620531639590315,6.9934397744064025,True,1.0
apparent_subcooling_excess_c,load,ncg_dalton,10.0,13.0,950.0,-0.20841462319319204,0.28703349022947,8.39473003768594,8.92826330824056,8.10769654745647,True,1.0
apparent_subcooling_excess_c,load,ncg_blanketed,0.0,0.0,300.0,-0.22926027457145004,0.3180243285419544,2.536859991290637,2.9663062077800664,2.2188356627486825,True,1.0
apparent_subcooling_excess_c,load,ncg_blanketed,0.0,1.0,350.0,-0.3237031223672613,0.3372636574498806,2.4815838844671747,3.0011564136861457,2.1443202270172943,True,1.0
apparent_subcooling_excess_c,load,ncg_blanketed,0.0,2.0,400.0,-0.199197268288545,0.1520747501562003,2.5405267287462685,2.952570030327135,2.3884519785900684,True,1.0
apparent_subcooling_excess_c,load,ncg_blanketed,0.0,3.0,450.0,-0.13984739629847098,0.21985062613264894,2.4646525594318947,3.0348496117956696,2.2448019332992457,True,1.0
apparent_subcooling_excess_c,load,ncg_blanketed,0.0,4.0,500.0,-0.14341265992113628,0.24859414676765956,2.4514946589770963,2.7924880474337668,2.2029005122094367,True,1.0
apparent_subcooling_excess_c,load,ncg_blanketed,0.0,5.0,550.0,-0.21001052360990147,0.21058481981144772,2.342282638775934,2.8745981273603975,2.1316978189644864,True,1.0
apparent_subcooling_excess_c,load,ncg_blanketed,0.0,6.0,600.0,-0.3330524160125792,0.16205877087185683,2.3204340982265834,2.7648611339078,2.158375327354727,True,1.0
apparent_subcooling_excess_c,load,ncg_blanketed,0.0,7.0,650.0,-0.23591300246370528,0.17401703846892902,2.2823566826553194,2.771177932341622,2.1083396441863904,True,1.0
apparent_subcooling_excess_c,load,ncg_blanketed,0.0,8.0,700.0,-0.17416752637857424,0.19421807322674356,2.3569153875456603,2.769624039818458,2.1626973143189168,True,1.0
apparent_subcooling_excess_c,load,ncg_blanketed,0.0,9.0,750.0,-0.23488673955224293,0.261384640257567,2.3080137539652075,2.746998637324547,2.0466291137076404,True,1.0
apparent_subcooling_excess_c,load,ncg_blanketed,0.0,10.0,800.0,-0.20236199388423914,0.2511350215231154,2.3133606392005635,2.6315005858539355,2.062225617677448,True,1.0
apparent_subcooling_excess_c,load,ncg_blanketed,0.0,11.0,850.0,-0.24800536620285474,0.13686840476300288,2.1838934037679825,2.6978671806239247,2.0470249990049796,True,1.0
apparent_subcooling_excess_c,load,ncg_blanketed,0.0,12.0,900.0,-0.17031338525097128,0.23330494676902092,2.1728633821467924,2.7492436039048544,1.9395584353777715,True,1.0
apparent_subcooling_excess_c,load,ncg_blanketed,0.0,13.0,950.0,-0.20841462319319204,0.28703349022947,2.1386438679951976,2.6423074069624204,1.8516103777657276,True,1.0
apparent_subcooling_excess_c,load,ncg_blanketed,0.5,0.0,300.0,-0.22926027457145004,0.3180243285419544,2.4485381087842946,3.005700361514938,2.13051378024234,True,1.0
apparent_subcooling_excess_c,load,ncg_blanketed,0.5,1.0,350.0,-0.3237031223672613,0.3372636574498806,2.384958358980244,2.872158919306134,2.0476947015303635,True,1.0
apparent_subcooling_excess_c,load,ncg_blanketed,0.5,2.0,400.0,-0.199197268288545,0.1520747501562003,2.365753985275064,2.790184546356416,2.213679235118864,True,1.0
apparent_subcooling_excess_c,load,ncg_blanketed,0.5,3.0,450.0,-0.13984739629847098,0.21985062613264894,2.4092165218017625,2.8362496020881025,2.1893658956691135,True,1.0
apparent_subcooling_excess_c,load,ncg_blanketed,0.5,4.0,500.0,-0.14341265992113628,0.24859414676765956,2.3077281255519324,2.8917506557576953,2.059133978784273,True,1.0
apparent_subcooling_excess_c,load,ncg_blanketed,0.5,5.0,550.0,-0.21001052360990147,0.21058481981144772,2.4022295142777055,2.9167268143354157,2.191644694466258,True,1.0
apparent_subcooling_excess_c,load,ncg_blanketed,0.5,6.0,600.0,-0.3330524160125792,0.16205877087185683,2.2805618471190856,2.897549839018189,2.1185030762472286,True,1.0
apparent_subcooling_excess_c,load,ncg_blanketed,0.5,7.0,650.0,-0.23591300246370528,0.17401703846892902,2.4336866500007095,2.9026920788927035,2.2596696115317805,True,1.0
apparent_subcooling_excess_c,load,ncg_blanketed,0.5,8.0,700.0,-0.17416752637857424,0.19421807322674356,2.2187569614095626,2.7046345774272313,2.024538888182819,True,1.0
apparent_subcooling_excess_c,load,ncg_blanketed,0.5,9.0,750.0,-0.23488673955224293,0.261384640257567,2.3492852246614304,2.7852652202719366,2.0879005844038634,True,1.0
apparent_subcooling_excess_c,load,ncg_blanketed,0.5,10.0,800.0,-0.20236199388423914,0.2511350215231154,2.4200464727156166,2.753194919307918,2.168911451192501,True,1.0
apparent_subcooling_excess_c,load,ncg_blanketed,0.5,11.0,850.0,-0.24800536620285474,0.13686840476300288,2.2188208955164304,2.6664802588188072,2.0819524907534275,True,1.0
apparent_subcooling_excess_c,load,ncg_blanketed,0.5,12.0,900.0,-0.17031338525097128,0.23330494676902092,2.2907637413483006,2.7712076041250824,2.0574587945792797,True,1.0
apparent_subcooling_excess_c,load,ncg_blanketed,0.5,13.0,950.0,-0.20841462319319204,0.28703349022947,2.2938414863809196,2.7545567658398764,2.0068079961514496,True,1.0
apparent_subcooling_excess_c,load,ncg_blanketed,1.0,0.0,300.0,-0.22926027457145004,0.3180243285419544,2.3463378703356996,2.793480474233186,2.0283135417937452,True,1.0
apparent_subcooling_excess_c,load,ncg_blanketed,1.0,1.0,350.0,-0.3237031223672613,0.3372636574498806,2.299492885710163,2.7874499656459424,1.9622292282602822,True,1.0
apparent_subcooling_excess_c,load,ncg_blanketed,1.0,2.0,400.0,-0.199197268288545,0.1520747501562003,2.3374769845437955,2.7279904406462068,2.1854022343875954,True,1.0
apparent_subcooling_excess_c,load,ncg_blanketed,1.0,3.0,450.0,-0.13984739629847098,0.21985062613264894,2.3729762006351107,2.8468608808615645,2.153125574502462,True,1.0
apparent_subcooling_excess_c,load,ncg_blanketed,1.0,4.0,500.0,-0.14341265992113628,0.24859414676765956,2.3249363718859746,2.719226100700925,2.076342225118315,True,1.0
apparent_subcooling_excess_c,load,ncg_blanketed,1.0,5.0,550.0,-0.21001052360990147,0.21058481981144772,2.223258537329805,2.8688915786043365,2.012673717518357,True,1.0
apparent_subcooling_excess_c,load,ncg_blanketed,1.0,6.0,600.0,-0.3330524160125792,0.16205877087185683,2.1659684833165844,2.8300513628799377,2.0039097124447274,True,1.0
apparent_subcooling_excess_c,load,ncg_blanketed,1.0,7.0,650.0,-0.23591300246370528,0.17401703846892902,2.318833136686789,2.6587252933208534,2.14481609821786,True,1.0
apparent_subcooling_excess_c,load,ncg_blanketed,1.0,8.0,700.0,-0.17416752637857424,0.19421807322674356,2.3798535708310613,2.825337720900156,2.1856354976043177,True,1.0
apparent_subcooling_excess_c,load,ncg_blanketed,1.0,9.0,750.0,-0.23488673955224293,0.261384640257567,2.4218727209027566,2.829709357454997,2.1604880806451896,True,1.0
apparent_subcooling_excess_c,load,ncg_blanketed,1.0,10.0,800.0,-0.20236199388423914,0.2511350215231154,2.5220922454163777,2.846291762134628,2.2709572238932623,True,1.0
apparent_subcooling_excess_c,load,ncg_blanketed,1.0,11.0,850.0,-0.24800536620285474,0.13686840476300288,2.370285099803344,2.8088256056097345,2.233416695040341,True,1.0
apparent_subcooling_excess_c,load,ncg_blanketed,1.0,12.0,900.0,-0.17031338525097128,0.23330494676902092,2.4645950726993346,2.8250665782011977,2.2312901259303137,True,1.0
apparent_subcooling_excess_c,load,ncg_blanketed,1.0,13.0,950.0,-0.20841462319319204,0.28703349022947,2.4033232739652037,2.945498954369112,2.1162897837357337,True,1.0
apparent_subcooling_excess_c,load,ncg_blanketed,1.5,0.0,300.0,-0.22926027457145004,0.3180243285419544,2.128792714785022,2.650584418542092,1.8107683862430677,True,1.0
apparent_subcooling_excess_c,load,ncg_blanketed,1.5,1.0,350.0,-0.3237031223672613,0.3372636574498806,2.1601736977633212,2.6332472523623496,1.8229100403134406,True,1.0
apparent_subcooling_excess_c,load,ncg_blanketed,1.5,2.0,400.0,-0.199197268288545,0.1520747501562003,2.2338636352784143,2.576605901156225,2.081788885122214,True,1.0
apparent_subcooling_excess_c,load,ncg_blanketed,1.5,3.0,450.0,-0.13984739629847098,0.21985062613264894,2.113577354522395,2.7378189280820493,1.8937267283897459,True,1.0
apparent_subcooling_excess_c,load,ncg_blanketed,1.5,4.0,500.0,-0.14341265992113628,0.24859414676765956,2.2530582410842186,2.6374126106563915,2.004464094316559,True,1.0
apparent_subcooling_excess_c,load,ncg_blanketed,1.5,5.0,550.0,-0.21001052360990147,0.21058481981144772,2.335015105832319,2.9110966995496375,2.1244302860208713,True,1.0
apparent_subcooling_excess_c,load,ncg_blanketed,1.5,6.0,600.0,-0.3330524160125792,0.16205877087185683,2.213977665089883,2.714492001836236,2.0519188942180264,True,1.0
apparent_subcooling_excess_c,load,ncg_blanketed,1.5,7.0,650.0,-0.23591300246370528,0.17401703846892902,2.2420788371337017,2.699801137281792,2.0680617986647727,True,1.0
apparent_subcooling_excess_c,load,ncg_blanketed,1.5,8.0,700.0,-0.17416752637857424,0.19421807322674356,2.21205730892134,2.8711930500239244,2.0178392356945962,True,1.0
apparent_subcooling_excess_c,load,ncg_blanketed,1.5,9.0,750.0,-0.23488673955224293,0.261384640257567,2.436477507380032,2.953455434318551,2.175092867122465,True,1.0
apparent_subcooling_excess_c,load,ncg_blanketed,1.5,10.0,800.0,-0.20236199388423914,0.2511350215231154,2.537247356346357,2.914143812002792,2.2861123348232417,True,1.0
apparent_subcooling_excess_c,load,ncg_blanketed,1.5,11.0,850.0,-0.24800536620285474,0.13686840476300288,2.3830257691018724,2.865181993844535,2.2461573643388695,True,1.0
apparent_subcooling_excess_c,load,ncg_blanketed,1.5,12.0,900.0,-0.17031338525097128,0.23330494676902092,2.4492759997508795,3.046020786221249,2.2159710529818586,True,1.0
apparent_subcooling_excess_c,load,ncg_blanketed,1.5,13.0,950.0,-0.20841462319319204,0.28703349022947,2.565078948783319,3.146973457305731,2.278045458553849,True,1.0
apparent_subcooling_excess_c,load,ncg_blanketed,2.0,0.0,300.0,-0.22926027457145004,0.3180243285419544,2.059044804049501,2.5720403377590566,1.7410204755075465,True,1.0
apparent_subcooling_excess_c,load,ncg_blanketed,2.0,1.0,350.0,-0.3237031223672613,0.3372636574498806,1.9081224520424145,2.6750006306162506,1.5708587945925339,True,1.0
apparent_subcooling_excess_c,load,ncg_blanketed,2.0,2.0,400.0,-0.199197268288545,0.1520747501562003,2.0374143910362372,2.5522183330479518,1.885339640880037,True,1.0
apparent_subcooling_excess_c,load,ncg_blanketed,2.0,3.0,450.0,-0.13984739629847098,0.21985062613264894,2.207119364069574,2.724759390077625,1.9872687379369252,True,1.0
apparent_subcooling_excess_c,load,ncg_blanketed,2.0,4.0,500.0,-0.14341265992113628,0.24859414676765956,2.3129313146169137,2.764612875500581,2.064337167849254,True,1.0
apparent_subcooling_excess_c,load,ncg_blanketed,2.0,5.0,550.0,-0.21001052360990147,0.21058481981144772,2.285953444878666,2.897056656576048,2.0753686250672185,True,1.0
apparent_subcooling_excess_c,load,ncg_blanketed,2.0,6.0,600.0,-0.3330524160125792,0.16205877087185683,2.27161261075109,2.805412378736917,2.109553839879233,True,1.0
apparent_subcooling_excess_c,load,ncg_blanketed,2.0,7.0,650.0,-0.23591300246370528,0.17401703846892902,2.297636823983479,2.7325809570369874,2.12361978551455,True,1.0
apparent_subcooling_excess_c,load,ncg_blanketed,2.0,8.0,700.0,-0.17416752637857424,0.19421807322674356,2.453220199240329,2.8771028074616045,2.2590021260135855,True,1.0
apparent_subcooling_excess_c,load,ncg_blanketed,2.0,9.0,750.0,-0.23488673955224293,0.261384640257567,2.5109879558708235,2.8908084906823737,2.2496033156132564,True,1.0
apparent_subcooling_excess_c,load,ncg_blanketed,2.0,10.0,800.0,-0.20236199388423914,0.2511350215231154,2.407271517609898,2.935246283075316,2.156136496086783,True,1.0
apparent_subcooling_excess_c,load,ncg_blanketed,2.0,11.0,850.0,-0.24800536620285474,0.13686840476300288,2.606453424865417,3.0335305082157076,2.4695850201024143,True,1.0
apparent_subcooling_excess_c,load,ncg_blanketed,2.0,12.0,900.0,-0.17031338525097128,0.23330494676902092,2.62950525294378,3.273890791037387,2.396200306174759,True,1.0
apparent_subcooling_excess_c,load,ncg_blanketed,2.0,13.0,950.0,-0.20841462319319204,0.28703349022947,2.539900790427622,3.3101442984497838,2.252867300198152,True,1.0
apparent_subcooling_excess_c,load,ncg_blanketed,2.5,0.0,300.0,-0.22926027457145004,0.3180243285419544,1.9426152922528188,2.4042792572373375,1.6245909637108644,True,1.0
apparent_subcooling_excess_c,load,ncg_blanketed,2.5,1.0,350.0,-0.3237031223672613,0.3372636574498806,1.915285230804397,2.421708062900495,1.5780215733545164,True,1.0
apparent_subcooling_excess_c,load,ncg_blanketed,2.5,2.0,400.0,-0.199197268288545,0.1520747501562003,1.986506485319575,2.5034699707252024,1.8344317351633748,True,1.0
apparent_subcooling_excess_c,load,ncg_blanketed,2.5,3.0,450.0,-0.13984739629847098,0.21985062613264894,2.047510239441926,2.6693543771533594,1.8276596133092768,True,1.0
apparent_subcooling_excess_c,load,ncg_blanketed,2.5,4.0,500.0,-0.14341265992113628,0.24859414676765956,2.176300848161441,2.5600476018795604,1.9277067013937814,True,1.0
apparent_subcooling_excess_c,load,ncg_blanketed,2.5,5.0,550.0,-0.21001052360990147,0.21058481981144772,2.2627390817344537,2.5870125394797236,2.0521542619230058,True,1.0
apparent_subcooling_excess_c,load,ncg_blanketed,2.5,6.0,600.0,-0.3330524160125792,0.16205877087185683,2.1595570728921047,2.7775001667583332,1.997498302020248,True,1.0
apparent_subcooling_excess_c,load,ncg_blanketed,2.5,7.0,650.0,-0.23591300246370528,0.17401703846892902,2.18756344821459,2.726462102313957,2.013546409745661,True,1.0
apparent_subcooling_excess_c,load,ncg_blanketed,2.5,8.0,700.0,-0.17416752637857424,0.19421807322674356,2.4553681223888137,2.84246274958175,2.26115004916207,True,1.0
apparent_subcooling_excess_c,load,ncg_blanketed,2.5,9.0,750.0,-0.23488673955224293,0.261384640257567,2.3910871729211145,3.0384516430080017,2.1297025326635475,True,1.0
apparent_subcooling_excess_c,load,ncg_blanketed,2.5,10.0,800.0,-0.20236199388423914,0.2511350215231154,2.518917344075852,2.996336209169501,2.2677823225527365,True,1.0
apparent_subcooling_excess_c,load,ncg_blanketed,2.5,11.0,850.0,-0.24800536620285474,0.13686840476300288,2.673653414525107,3.155124233615355,2.536785009762104,True,1.0
apparent_subcooling_excess_c,load,ncg_blanketed,2.5,12.0,900.0,-0.17031338525097128,0.23330494676902092,2.6392114238152784,3.3096427466935334,2.4059064770462575,True,1.0
apparent_subcooling_excess_c,load,ncg_blanketed,2.5,13.0,950.0,-0.20841462319319204,0.28703349022947,2.829293795498962,3.4004010112668213,2.542260305269492,True,1.0
apparent_subcooling_excess_c,load,ncg_blanketed,3.0,0.0,300.0,-0.22926027457145004,0.3180243285419544,1.7783490667401562,2.4048131709948564,1.4603247381982019,True,1.0
apparent_subcooling_excess_c,load,ncg_blanketed,3.0,1.0,350.0,-0.3237031223672613,0.3372636574498806,1.8143948619219288,2.3581531402753937,1.4771312044720482,True,1.0
apparent_subcooling_excess_c,load,ncg_blanketed,3.0,2.0,400.0,-0.199197268288545,0.1520747501562003,1.8919058052191604,2.328196217094721,1.73983105506296,True,1.0
apparent_subcooling_excess_c,load,ncg_blanketed,3.0,3.0,450.0,-0.13984739629847098,0.21985062613264894,1.992187396646469,2.503770341090317,1.77233677051382,True,1.0
apparent_subcooling_excess_c,load,ncg_blanketed,3.0,4.0,500.0,-0.14341265992113628,0.24859414676765956,2.2238606773804825,2.5164543065391536,1.975266530612823,True,1.0
apparent_subcooling_excess_c,load,ncg_blanketed,3.0,5.0,550.0,-0.21001052360990147,0.21058481981144772,2.202675135683714,2.636650087469027,1.9920903158722665,True,1.0
apparent_subcooling_excess_c,load,ncg_blanketed,3.0,6.0,600.0,-0.3330524160125792,0.16205877087185683,2.183010961077874,2.7177739069212903,2.0209521902060175,True,1.0
apparent_subcooling_excess_c,load,ncg_blanketed,3.0,7.0,650.0,-0.23591300246370528,0.17401703846892902,2.3187859801986543,2.740653498193433,2.1447689417297253,True,1.0
apparent_subcooling_excess_c,load,ncg_blanketed,3.0,8.0,700.0,-0.17416752637857424,0.19421807322674356,2.485921858604463,2.865374734672179,2.2917037853777193,True,1.0
apparent_subcooling_excess_c,load,ncg_blanketed,3.0,9.0,750.0,-0.23488673955224293,0.261384640257567,2.57265862978496,3.029956732510557,2.311273989527393,True,1.0
apparent_subcooling_excess_c,load,ncg_blanketed,3.0,10.0,800.0,-0.20236199388423914,0.2511350215231154,2.614210829857329,3.091294114276269,2.3630758083342136,True,1.0
apparent_subcooling_excess_c,load,ncg_blanketed,3.0,11.0,850.0,-0.24800536620285474,0.13686840476300288,2.715575302745109,3.2832476979630196,2.578706897982106,True,1.0
apparent_subcooling_excess_c,load,ncg_blanketed,3.0,12.0,900.0,-0.17031338525097128,0.23330494676902092,2.891489040523992,3.4301106734720395,2.6581840937549712,True,1.0
apparent_subcooling_excess_c,load,ncg_blanketed,3.0,13.0,950.0,-0.20841462319319204,0.28703349022947,3.0078027925158857,3.370918562367303,2.7207693022864157,True,1.0
apparent_subcooling_excess_c,load,ncg_blanketed,3.5,0.0,300.0,-0.22926027457145004,0.3180243285419544,1.5813785148331736,2.148933996852226,1.2633541862912192,True,1.0
apparent_subcooling_excess_c,load,ncg_blanketed,3.5,1.0,350.0,-0.3237031223672613,0.3372636574498806,1.6312642025740989,2.369868626679463,1.2940005451242182,True,1.0
apparent_subcooling_excess_c,load,ncg_blanketed,3.5,2.0,400.0,-0.199197268288545,0.1520747501562003,1.9337955205105368,2.235114469934217,1.7817207703543365,True,1.0
apparent_subcooling_excess_c,load,ncg_blanketed,3.5,3.0,450.0,-0.13984739629847098,0.21985062613264894,1.9578978268176555,2.464615246657729,1.7380472006850065,True,1.0
apparent_subcooling_excess_c,load,ncg_blanketed,3.5,4.0,500.0,-0.14341265992113628,0.24859414676765956,2.1771668845196963,2.5020963569465087,1.9285727377520367,True,1.0
apparent_subcooling_excess_c,load,ncg_blanketed,3.5,5.0,550.0,-0.21001052360990147,0.21058481981144772,2.0863185907324646,2.5889398435307784,1.875733770921017,True,1.0
apparent_subcooling_excess_c,load,ncg_blanketed,3.5,6.0,600.0,-0.3330524160125792,0.16205877087185683,2.148744280620638,2.7097272188674424,1.9866855097487812,True,1.0
apparent_subcooling_excess_c,load,ncg_blanketed,3.5,7.0,650.0,-0.23591300246370528,0.17401703846892902,2.3634121652380027,2.770150036435548,2.1893951267690737,True,1.0
apparent_subcooling_excess_c,load,ncg_blanketed,3.5,8.0,700.0,-0.17416752637857424,0.19421807322674356,2.4841092896884645,2.9054028436605037,2.289891216461721,True,1.0
apparent_subcooling_excess_c,load,ncg_blanketed,3.5,9.0,750.0,-0.23488673955224293,0.261384640257567,2.6048607878731023,3.108696675954457,2.3434761476155352,True,1.0
apparent_subcooling_excess_c,load,ncg_blanketed,3.5,10.0,800.0,-0.20236199388423914,0.2511350215231154,2.614410745678161,3.1776947261427346,2.3632757241550455,True,1.0
apparent_subcooling_excess_c,load,ncg_blanketed,3.5,11.0,850.0,-0.24800536620285474,0.13686840476300288,2.838960102154687,3.2727416437313046,2.702091697391684,True,1.0
apparent_subcooling_excess_c,load,ncg_blanketed,3.5,12.0,900.0,-0.17031338525097128,0.23330494676902092,3.104911100223764,3.3981611034741217,2.871606153454743,True,1.0
apparent_subcooling_excess_c,load,ncg_blanketed,3.5,13.0,950.0,-0.20841462319319204,0.28703349022947,3.1718969806315664,3.7615464649225134,2.8848634904020964,True,1.0
apparent_subcooling_excess_c,load,ncg_blanketed,4.0,0.0,300.0,-0.22926027457145004,0.3180243285419544,1.554565811655208,2.069356237781419,1.2365414831132535,True,1.0
apparent_subcooling_excess_c,load,ncg_blanketed,4.0,1.0,350.0,-0.3237031223672613,0.3372636574498806,1.6278168363926897,2.264166913075298,1.290553178942809,True,1.0
apparent_subcooling_excess_c,load,ncg_blanketed,4.0,2.0,400.0,-0.199197268288545,0.1520747501562003,1.7578300965105955,2.165436356201088,1.6057553463543952,True,1.0
apparent_subcooling_excess_c,load,ncg_blanketed,4.0,3.0,450.0,-0.13984739629847098,0.21985062613264894,1.887368988338971,2.3055759760492975,1.667518362206322,True,1.0
apparent_subcooling_excess_c,load,ncg_blanketed,4.0,4.0,500.0,-0.14341265992113628,0.24859414676765956,1.9305574556003064,2.4621967987534257,1.6819633088326469,True,1.0
apparent_subcooling_excess_c,load,ncg_blanketed,4.0,5.0,550.0,-0.21001052360990147,0.21058481981144772,2.040878225174351,2.561706174986341,1.8302934053629032,True,1.0
apparent_subcooling_excess_c,load,ncg_blanketed,4.0,6.0,600.0,-0.3330524160125792,0.16205877087185683,2.108529626134976,2.5619630166687495,1.9464708552631194,True,1.0
apparent_subcooling_excess_c,load,ncg_blanketed,4.0,7.0,650.0,-0.23591300246370528,0.17401703846892902,2.303290375097481,2.6732246658853116,2.129273336628552,True,1.0
apparent_subcooling_excess_c,load,ncg_blanketed,4.0,8.0,700.0,-0.17416752637857424,0.19421807322674356,2.38168960406052,2.932530612642646,2.1874715308337764,True,1.0
apparent_subcooling_excess_c,load,ncg_blanketed,4.0,9.0,750.0,-0.23488673955224293,0.261384640257567,2.606530567880106,3.065177753202012,2.345145927622539,True,1.0
apparent_subcooling_excess_c,load,ncg_blanketed,4.0,10.0,800.0,-0.20236199388423914,0.2511350215231154,2.908029745122509,3.382136153835464,2.6568947235993936,True,1.0
apparent_subcooling_excess_c,load,ncg_blanketed,4.0,11.0,850.0,-0.24800536620285474,0.13686840476300288,2.9915919876507036,3.4383082199488086,2.8547235828877007,True,1.0
apparent_subcooling_excess_c,load,ncg_blanketed,4.0,12.0,900.0,-0.17031338525097128,0.23330494676902092,3.1662975154018502,3.700145472992347,2.9329925686328293,True,1.0
apparent_subcooling_excess_c,load,ncg_blanketed,4.0,13.0,950.0,-0.20841462319319204,0.28703349022947,3.35251224073006,3.7921093086126523,3.06547875050059,True,1.0
apparent_subcooling_excess_c,load,ncg_blanketed,4.5,0.0,300.0,-0.22926027457145004,0.3180243285419544,1.3969675085756665,2.046326786799521,1.0789431800337121,True,1.0
apparent_subcooling_excess_c,load,ncg_blanketed,4.5,1.0,350.0,-0.3237031223672613,0.3372636574498806,1.5389973719635328,2.01097659817822,1.2017337145136522,True,1.0
apparent_subcooling_excess_c,load,ncg_blanketed,4.5,2.0,400.0,-0.199197268288545,0.1520747501562003,1.7305126792402319,2.015961307816183,1.5784379290840316,True,1.0
apparent_subcooling_excess_c,load,ncg_blanketed,4.5,3.0,450.0,-0.13984739629847098,0.21985062613264894,1.7043377372701893,2.241851774374692,1.4844871111375404,True,1.0
apparent_subcooling_excess_c,load,ncg_blanketed,4.5,4.0,500.0,-0.14341265992113628,0.24859414676765956,1.8427903667045042,2.393522426292705,1.5941962199368447,True,1.0
apparent_subcooling_excess_c,load,ncg_blanketed,4.5,5.0,550.0,-0.21001052360990147,0.21058481981144772,1.9633513006702796,2.551799540560289,1.752766480858832,True,1.0
apparent_subcooling_excess_c,load,ncg_blanketed,4.5,6.0,600.0,-0.3330524160125792,0.16205877087185683,2.173862979590883,2.6938636581243864,2.0118042087190258,True,1.0
apparent_subcooling_excess_c,load,ncg_blanketed,4.5,7.0,650.0,-0.23591300246370528,0.17401703846892902,2.30772729093773,2.758725025038216,2.133710252468801,True,1.0
apparent_subcooling_excess_c,load,ncg_blanketed,4.5,8.0,700.0,-0.17416752637857424,0.19421807322674356,2.560123273359027,2.951944581215443,2.3659052001322833,True,1.0
apparent_subcooling_excess_c,load,ncg_blanketed,4.5,9.0,750.0,-0.23488673955224293,0.261384640257567,2.7898063329932943,3.108046590842899,2.5284216927357273,True,1.0
apparent_subcooling_excess_c,load,ncg_blanketed,4.5,10.0,800.0,-0.20236199388423914,0.2511350215231154,2.943434291960498,3.391518473006002,2.6922992704373825,True,1.0
apparent_subcooling_excess_c,load,ncg_blanketed,4.5,11.0,850.0,-0.24800536620285474,0.13686840476300288,3.0621244826874823,3.5717626158061964,2.9252560779244794,True,1.0
apparent_subcooling_excess_c,load,ncg_blanketed,4.5,12.0,900.0,-0.17031338525097128,0.23330494676902092,3.288617628742462,3.784555753195449,3.055312681973441,True,1.0
apparent_subcooling_excess_c,load,ncg_blanketed,4.5,13.0,950.0,-0.20841462319319204,0.28703349022947,3.5821776788185256,4.179076008656201,3.2951441885890556,True,1.0
apparent_subcooling_excess_c,load,ncg_blanketed,5.0,0.0,300.0,-0.22926027457145004,0.3180243285419544,1.3771701119989002,1.9518950019700536,1.0591457834569458,True,1.0
apparent_subcooling_excess_c,load,ncg_blanketed,5.0,1.0,350.0,-0.3237031223672613,0.3372636574498806,1.4439603184154828,2.0668734918522866,1.1066966609656022,True,1.0
apparent_subcooling_excess_c,load,ncg_blanketed,5.0,2.0,400.0,-0.199197268288545,0.1520747501562003,1.6380055139382292,2.0826167142610466,1.485930763782029,True,1.0
apparent_subcooling_excess_c,load,ncg_blanketed,5.0,3.0,450.0,-0.13984739629847098,0.21985062613264894,1.7280144782757414,2.239465039696956,1.5081638521430925,True,1.0
apparent_subcooling_excess_c,load,ncg_blanketed,5.0,4.0,500.0,-0.14341265992113628,0.24859414676765956,1.803531957496132,2.367541348338084,1.5549378107284724,True,1.0
apparent_subcooling_excess_c,load,ncg_blanketed,5.0,5.0,550.0,-0.21001052360990147,0.21058481981144772,2.08680065050763,2.414213910162558,1.8762158306961825,True,1.0
apparent_subcooling_excess_c,load,ncg_blanketed,5.0,6.0,600.0,-0.3330524160125792,0.16205877087185683,2.11042731006569,2.528421884459539,1.9483685391938332,True,1.0
apparent_subcooling_excess_c,load,ncg_blanketed,5.0,7.0,650.0,-0.23591300246370528,0.17401703846892902,2.239103416224457,2.7450802619553927,2.065086377755528,True,1.0
apparent_subcooling_excess_c,load,ncg_blanketed,5.0,8.0,700.0,-0.17416752637857424,0.19421807322674356,2.5080704052137484,2.956084673626441,2.313852331987005,True,1.0
apparent_subcooling_excess_c,load,ncg_blanketed,5.0,9.0,750.0,-0.23488673955224293,0.261384640257567,2.7425143367586706,3.23548049314093,2.4811296965011036,True,1.0
apparent_subcooling_excess_c,load,ncg_blanketed,5.0,10.0,800.0,-0.20236199388423914,0.2511350215231154,3.0211151074921356,3.381211531525695,2.7699800859690202,True,1.0
apparent_subcooling_excess_c,load,ncg_blanketed,5.0,11.0,850.0,-0.24800536620285474,0.13686840476300288,3.1887608442623856,3.5691432447421922,3.0518924394993827,True,1.0
apparent_subcooling_excess_c,load,ncg_blanketed,5.0,12.0,900.0,-0.17031338525097128,0.23330494676902092,3.4096580763359805,3.9380445223983056,3.1763531295669596,True,1.0
apparent_subcooling_excess_c,load,ncg_blanketed,5.0,13.0,950.0,-0.20841462319319204,0.28703349022947,3.6520094576556574,4.2554261092348895,3.3649759674261874,True,1.0
apparent_subcooling_excess_c,load,ncg_blanketed,5.5,0.0,300.0,-0.22926027457145004,0.3180243285419544,1.1865231719612754,1.7393700698784496,0.868498843419321,True,1.0
apparent_subcooling_excess_c,load,ncg_blanketed,5.5,1.0,350.0,-0.3237031223672613,0.3372636574498806,1.4179422643019592,2.001401317578408,1.0806786068520786,True,1.0
apparent_subcooling_excess_c,load,ncg_blanketed,5.5,2.0,400.0,-0.199197268288545,0.1520747501562003,1.5254004539912933,1.9721816490435047,1.373325703835093,True,1.0
apparent_subcooling_excess_c,load,ncg_blanketed,5.5,3.0,450.0,-0.13984739629847098,0.21985062613264894,1.6721967900203483,2.127073851675882,1.4523461638876993,True,1.0
apparent_subcooling_excess_c,load,ncg_blanketed,5.5,4.0,500.0,-0.14341265992113628,0.24859414676765956,1.863711128958043,2.261859378359947,1.6151169821903835,True,1.0
apparent_subcooling_excess_c,load,ncg_blanketed,5.5,5.0,550.0,-0.21001052360990147,0.21058481981144772,2.002871709606501,2.3801485624352017,1.7922868897950532,True,1.0
apparent_subcooling_excess_c,load,ncg_blanketed,5.5,6.0,600.0,-0.3330524160125792,0.16205877087185683,2.040891288514411,2.673931292747203,1.878832517642554,True,1.0
apparent_subcooling_excess_c,load,ncg_blanketed,5.5,7.0,650.0,-0.23591300246370528,0.17401703846892902,2.2330747657734134,2.7650917486781457,2.0590577273044843,True,1.0
apparent_subcooling_excess_c,load,ncg_blanketed,5.5,8.0,700.0,-0.17416752637857424,0.19421807322674356,2.5910871220060776,3.009361617579198,2.396869048779334,True,1.0
apparent_subcooling_excess_c,load,ncg_blanketed,5.5,9.0,750.0,-0.23488673955224293,0.261384640257567,2.8601002916611042,3.2929356547873176,2.598715651403537,True,1.0
apparent_subcooling_excess_c,load,ncg_blanketed,5.5,10.0,800.0,-0.20236199388423914,0.2511350215231154,2.9919299237515182,3.5400316282538573,2.740794902228403,True,1.0
apparent_subcooling_excess_c,load,ncg_blanketed,5.5,11.0,850.0,-0.24800536620285474,0.13686840476300288,3.2029385507178403,3.672537922079581,3.0660701459548374,True,1.0
apparent_subcooling_excess_c,load,ncg_blanketed,5.5,12.0,900.0,-0.17031338525097128,0.23330494676902092,3.663131753229711,4.0810580251062145,3.42982680646069,True,1.0
apparent_subcooling_excess_c,load,ncg_blanketed,5.5,13.0,950.0,-0.20841462319319204,0.28703349022947,3.941914350846187,4.431752212558667,3.654880860616717,True,1.0
apparent_subcooling_excess_c,load,ncg_blanketed,6.0,0.0,300.0,-0.22926027457145004,0.3180243285419544,1.1719735977851038,1.7595950100883566,0.8539492692431494,True,1.0
apparent_subcooling_excess_c,load,ncg_blanketed,6.0,1.0,350.0,-0.3237031223672613,0.3372636574498806,1.2636607305523573,1.9113884889325294,0.9263970731024767,True,1.0
apparent_subcooling_excess_c,load,ncg_blanketed,6.0,2.0,400.0,-0.199197268288545,0.1520747501562003,1.4194407224224799,1.9484368786220552,1.2673659722662796,True,1.0
apparent_subcooling_excess_c,load,ncg_blanketed,6.0,3.0,450.0,-0.13984739629847098,0.21985062613264894,1.4905110776747341,2.130091610043131,1.2706604515420852,True,1.0
apparent_subcooling_excess_c,load,ncg_blanketed,6.0,4.0,500.0,-0.14341265992113628,0.24859414676765956,1.8402765501197846,2.2885552051883256,1.591682403352125,True,1.0
apparent_subcooling_excess_c,load,ncg_blanketed,6.0,5.0,550.0,-0.21001052360990147,0.21058481981144772,1.9729675845317245,2.394773468715176,1.7623827647202768,True,1.0
apparent_subcooling_excess_c,load,ncg_blanketed,6.0,6.0,600.0,-0.3330524160125792,0.16205877087185683,1.9589911327626153,2.6313169683687434,1.7969323618907584,True,1.0
apparent_subcooling_excess_c,load,ncg_blanketed,6.0,7.0,650.0,-0.23591300246370528,0.17401703846892902,2.354884518465682,2.718566304477722,2.180867479996753,True,1.0
apparent_subcooling_excess_c,load,ncg_blanketed,6.0,8.0,700.0,-0.17416752637857424,0.19421807322674356,2.5142414635449226,2.999478440562457,2.320023390318179,True,1.0
apparent_subcooling_excess_c,load,ncg_blanketed,6.0,9.0,750.0,-0.23488673955224293,0.261384640257567,2.872068316504552,3.221431900255059,2.610683676246985,True,1.0
apparent_subcooling_excess_c,load,ncg_blanketed,6.0,10.0,800.0,-0.20236199388423914,0.2511350215231154,3.162126964215004,3.615525278216216,2.9109919426918887,True,1.0
apparent_subcooling_excess_c,load,ncg_blanketed,6.0,11.0,850.0,-0.24800536620285474,0.13686840476300288,3.3236809680585755,3.83050918962117,3.1868125632955726,True,1.0
apparent_subcooling_excess_c,load,ncg_blanketed,6.0,12.0,900.0,-0.17031338525097128,0.23330494676902092,3.7845419513641025,4.2508346648596165,3.5512370045950816,True,1.0
apparent_subcooling_excess_c,load,ncg_blanketed,6.0,13.0,950.0,-0.20841462319319204,0.28703349022947,4.188863200985587,4.69107606255675,3.901829710756117,True,1.0
apparent_subcooling_excess_c,load,ncg_blanketed,6.5,0.0,300.0,-0.22926027457145004,0.3180243285419544,1.1086949892088194,1.6213200601357636,0.790670660666865,True,1.0
apparent_subcooling_excess_c,load,ncg_blanketed,6.5,1.0,350.0,-0.3237031223672613,0.3372636574498806,1.3017738033063198,1.877055341114434,0.9645101458564391,True,1.0
apparent_subcooling_excess_c,load,ncg_blanketed,6.5,2.0,400.0,-0.199197268288545,0.1520747501562003,1.4531852620647547,1.8570300586481265,1.3011105119085544,True,1.0
apparent_subcooling_excess_c,load,ncg_blanketed,6.5,3.0,450.0,-0.13984739629847098,0.21985062613264894,1.4996340425674375,2.004631740848261,1.2797834164347885,True,1.0
apparent_subcooling_excess_c,load,ncg_blanketed,6.5,4.0,500.0,-0.14341265992113628,0.24859414676765956,1.746506899235521,2.125890744831106,1.4979127524678615,True,1.0
apparent_subcooling_excess_c,load,ncg_blanketed,6.5,5.0,550.0,-0.21001052360990147,0.21058481981144772,1.8679443377664833,2.3411216184463077,1.6573595179550356,True,1.0
apparent_subcooling_excess_c,load,ncg_blanketed,6.5,6.0,600.0,-0.3330524160125792,0.16205877087185683,2.030105653328628,2.5644804548311937,1.868046882456771,True,1.0
apparent_subcooling_excess_c,load,ncg_blanketed,6.5,7.0,650.0,-0.23591300246370528,0.17401703846892902,2.3438511341709014,2.696406897188364,2.1698340957019724,True,1.0
apparent_subcooling_excess_c,load,ncg_blanketed,6.5,8.0,700.0,-0.17416752637857424,0.19421807322674356,2.6724818701932542,3.141968142983404,2.4782637969665107,True,1.0
apparent_subcooling_excess_c,load,ncg_blanketed,6.5,9.0,750.0,-0.23488673955224293,0.261384640257567,2.8774366896519075,3.3382032673799062,2.6160520493943404,True,1.0
apparent_subcooling_excess_c,load,ncg_blanketed,6.5,10.0,800.0,-0.20236199388423914,0.2511350215231154,3.1370295417741008,3.608049508415556,2.8858945202509854,True,1.0
apparent_subcooling_excess_c,load,ncg_blanketed,6.5,11.0,850.0,-0.24800536620285474,0.13686840476300288,3.502799950676615,3.9935955613110328,3.3659315459136123,True,1.0
apparent_subcooling_excess_c,load,ncg_blanketed,6.5,12.0,900.0,-0.17031338525097128,0.23330494676902092,3.928561621516274,4.467259928984964,3.6952566747472533,True,1.0
apparent_subcooling_excess_c,load,ncg_blanketed,6.5,13.0,950.0,-0.20841462319319204,0.28703349022947,4.436426671718108,4.960892252796862,4.149393181488637,True,1.0
apparent_subcooling_excess_c,load,ncg_blanketed,7.0,0.0,300.0,-0.22926027457145004,0.3180243285419544,1.0171623058433024,1.6101688300093169,0.699137977301348,True,1.0
apparent_subcooling_excess_c,load,ncg_blanketed,7.0,1.0,350.0,-0.3237031223672613,0.3372636574498806,1.139505865545478,1.7480395330636407,0.8022422080955973,True,1.0
apparent_subcooling_excess_c,load,ncg_blanketed,7.0,2.0,400.0,-0.199197268288545,0.1520747501562003,1.393745041741545,1.7990923623633166,1.2416702915853446,True,1.0
apparent_subcooling_excess_c,load,ncg_blanketed,7.0,3.0,450.0,-0.13984739629847098,0.21985062613264894,1.5168010819224138,2.0826598150483373,1.2969504557897649,True,1.0
apparent_subcooling_excess_c,load,ncg_blanketed,7.0,4.0,500.0,-0.14341265992113628,0.24859414676765956,1.719445100485361,2.21722548123443,1.4708509537177015,True,1.0
apparent_subcooling_excess_c,load,ncg_blanketed,7.0,5.0,550.0,-0.21001052360990147,0.21058481981144772,1.8762676474179554,2.2397893669763036,1.6656828276065077,True,1.0
apparent_subcooling_excess_c,load,ncg_blanketed,7.0,6.0,600.0,-0.3330524160125792,0.16205877087185683,2.023400080869412,2.5720361237574823,1.8613413099975553,True,1.0
apparent_subcooling_excess_c,load,ncg_blanketed,7.0,7.0,650.0,-0.23591300246370528,0.17401703846892902,2.257826547966562,2.8328864345610745,2.083809509497633,True,1.0
apparent_subcooling_excess_c,load,ncg_blanketed,7.0,8.0,700.0,-0.17416752637857424,0.19421807322674356,2.5169737434617,3.109877262878971,2.3227556702349563,True,1.0
apparent_subcooling_excess_c,load,ncg_blanketed,7.0,9.0,750.0,-0.23488673955224293,0.261384640257567,2.945094606133588,3.504954062249313,2.683709965876021,True,1.0
apparent_subcooling_excess_c,load,ncg_blanketed,7.0,10.0,800.0,-0.20236199388423914,0.2511350215231154,3.3245224734573817,3.7806623650719478,3.0733874519342663,True,1.0
apparent_subcooling_excess_c,load,ncg_blanketed,7.0,11.0,850.0,-0.24800536620285474,0.13686840476300288,3.694454858225258,4.1495216964592885,3.557586453462255,True,1.0
apparent_subcooling_excess_c,load,ncg_blanketed,7.0,12.0,900.0,-0.17031338525097128,0.23330494676902092,4.1570315007136465,4.638549848361512,3.9237265539446256,True,1.0
apparent_subcooling_excess_c,load,ncg_blanketed,7.0,13.0,950.0,-0.20841462319319204,0.28703349022947,4.655152259988582,5.164807641017923,4.368118769759112,True,1.0
apparent_subcooling_excess_c,load,ncg_blanketed,7.5,0.0,300.0,-0.22926027457145004,0.3180243285419544,1.0067471670941939,1.4673875214014054,0.6887228385522395,True,1.0
apparent_subcooling_excess_c,load,ncg_blanketed,7.5,1.0,350.0,-0.3237031223672613,0.3372636574498806,1.0387598146709836,1.6016413509338023,0.7014961572211029,True,1.0
apparent_subcooling_excess_c,load,ncg_blanketed,7.5,2.0,400.0,-0.199197268288545,0.1520747501562003,1.2379327936856241,1.61635628762317,1.0858580435294238,True,1.0
apparent_subcooling_excess_c,load,ncg_blanketed,7.5,3.0,450.0,-0.13984739629847098,0.21985062613264894,1.4691833889613328,1.8363644586649968,1.2493327628286839,True,1.0
apparent_subcooling_excess_c,load,ncg_blanketed,7.5,4.0,500.0,-0.14341265992113628,0.24859414676765956,1.6706164921882467,2.1029527478714787,1.4220223454205871,True,1.0
apparent_subcooling_excess_c,load,ncg_blanketed,7.5,5.0,550.0,-0.21001052360990147,0.21058481981144772,1.7508495239355355,2.2993321668607978,1.5402647041240878,True,1.0
apparent_subcooling_excess_c,load,ncg_blanketed,7.5,6.0,600.0,-0.3330524160125792,0.16205877087185683,2.017198727675532,2.50034227080348,1.855139956803675,True,1.0
apparent_subcooling_excess_c,load,ncg_blanketed,7.5,7.0,650.0,-0.23591300246370528,0.17401703846892902,2.3095523580776294,2.7574089063407,2.1355353196087004,True,1.0
apparent_subcooling_excess_c,load,ncg_blanketed,7.5,8.0,700.0,-0.17416752637857424,0.19421807322674356,2.6812270705877514,3.0350562436288717,2.487008997361008,True,1.0
apparent_subcooling_excess_c,load,ncg_blanketed,7.5,9.0,750.0,-0.23488673955224293,0.261384640257567,3.008669268278861,3.6747379049011846,2.747284628021294,True,1.0
apparent_subcooling_excess_c,load,ncg_blanketed,7.5,10.0,800.0,-0.20236199388423914,0.2511350215231154,3.385600293366273,4.010254249167535,3.134465271843158,True,1.0
apparent_subcooling_excess_c,load,ncg_blanketed,7.5,11.0,850.0,-0.24800536620285474,0.13686840476300288,3.8113244118084793,4.274560653195462,3.6744560070454764,True,1.0
apparent_subcooling_excess_c,load,ncg_blanketed,7.5,12.0,900.0,-0.17031338525097128,0.23330494676902092,4.274585956305639,4.873016288796293,4.041281009536618,True,1.0
apparent_subcooling_excess_c,load,ncg_blanketed,7.5,13.0,950.0,-0.20841462319319204,0.28703349022947,4.933830453337269,5.334305450920164,4.6467969631078,True,1.0
apparent_subcooling_excess_c,load,ncg_blanketed,8.0,0.0,300.0,-0.22926027457145004,0.3180243285419544,0.8944518985814771,1.418979744679355,0.5764275700395227,True,1.0
apparent_subcooling_excess_c,load,ncg_blanketed,8.0,1.0,350.0,-0.3237031223672613,0.3372636574498806,0.9993453495189264,1.4578250029602158,0.6620816920690458,True,1.0
apparent_subcooling_excess_c,load,ncg_blanketed,8.0,2.0,400.0,-0.199197268288545,0.1520747501562003,1.2298354633179602,1.5200991498574405,1.07776071316176,True,1.0
apparent_subcooling_excess_c,load,ncg_blanketed,8.0,3.0,450.0,-0.13984739629847098,0.21985062613264894,1.4739590264931912,1.8334588403866703,1.2541084003605423,True,1.0
apparent_subcooling_excess_c,load,ncg_blanketed,8.0,4.0,500.0,-0.14341265992113628,0.24859414676765956,1.5796803413859306,2.0200556426785843,1.331086194618271,True,1.0
apparent_subcooling_excess_c,load,ncg_blanketed,8.0,5.0,550.0,-0.21001052360990147,0.21058481981144772,1.7612905742515292,2.3166713202734357,1.5507057544400815,True,1.0
apparent_subcooling_excess_c,load,ncg_blanketed,8.0,6.0,600.0,-0.3330524160125792,0.16205877087185683,2.0244805351390616,2.507634456273279,1.8624217642672047,True,1.0
apparent_subcooling_excess_c,load,ncg_blanketed,8.0,7.0,650.0,-0.23591300246370528,0.17401703846892902,2.306399282622633,2.810179273025317,2.132382244153704,True,1.0
apparent_subcooling_excess_c,load,ncg_blanketed,8.0,8.0,700.0,-0.17416752637857424,0.19421807322674356,2.635996386396871,3.047142846754433,2.4417783131701274,True,1.0
apparent_subcooling_excess_c,load,ncg_blanketed,8.0,9.0,750.0,-0.23488673955224293,0.261384640257567,3.0339397806876915,3.633549052242552,2.7725551404301245,True,1.0
apparent_subcooling_excess_c,load,ncg_blanketed,8.0,10.0,800.0,-0.20236199388423914,0.2511350215231154,3.581217952979911,3.881793911658328,3.3300829314567957,True,1.0
apparent_subcooling_excess_c,load,ncg_blanketed,8.0,11.0,850.0,-0.24800536620285474,0.13686840476300288,3.9489441789726016,4.408473229011511,3.8120757742095988,True,1.0
apparent_subcooling_excess_c,load,ncg_blanketed,8.0,12.0,900.0,-0.17031338525097128,0.23330494676902092,4.54310242408907,5.081850851068143,4.309797477320049,True,1.0
apparent_subcooling_excess_c,load,ncg_blanketed,8.0,13.0,950.0,-0.20841462319319204,0.28703349022947,5.158613521071802,5.747914138750712,4.871580030842331,True,1.0
apparent_subcooling_excess_c,load,ncg_blanketed,8.5,0.0,300.0,-0.22926027457145004,0.3180243285419544,0.8027798442531917,1.41835869150991,0.4847555157112373,True,1.0
apparent_subcooling_excess_c,load,ncg_blanketed,8.5,1.0,350.0,-0.3237031223672613,0.3372636574498806,0.8717218716493222,1.6993050921264006,0.5344582141994416,True,1.0
apparent_subcooling_excess_c,load,ncg_blanketed,8.5,2.0,400.0,-0.199197268288545,0.1520747501562003,1.0727084624638128,1.6312185984545973,0.9206337123076125,True,1.0
apparent_subcooling_excess_c,load,ncg_blanketed,8.5,3.0,450.0,-0.13984739629847098,0.21985062613264894,1.3138780820273313,1.7416723439236532,1.0940274558946823,True,1.0
apparent_subcooling_excess_c,load,ncg_blanketed,8.5,4.0,500.0,-0.14341265992113628,0.24859414676765956,1.4936740892418954,2.1104656963877098,1.2450799424742358,True,1.0
apparent_subcooling_excess_c,load,ncg_blanketed,8.5,5.0,550.0,-0.21001052360990147,0.21058481981144772,1.7565289269500997,2.1911240195785817,1.545944107138652,True,1.0
apparent_subcooling_excess_c,load,ncg_blanketed,8.5,6.0,600.0,-0.3330524160125792,0.16205877087185683,1.971566626650795,2.4262304210548713,1.8095078557789381,True,1.0
apparent_subcooling_excess_c,load,ncg_blanketed,8.5,7.0,650.0,-0.23591300246370528,0.17401703846892902,2.3358323362728144,2.7121703250955083,2.1618152978038854,True,1.0
apparent_subcooling_excess_c,load,ncg_blanketed,8.5,8.0,700.0,-0.17416752637857424,0.19421807322674356,2.6351950373164312,3.086175664300809,2.4409769640896877,True,1.0
apparent_subcooling_excess_c,load,ncg_blanketed,8.5,9.0,750.0,-0.23488673955224293,0.261384640257567,3.026305825537143,3.6145804278639675,2.764921185279576,True,1.0
apparent_subcooling_excess_c,load,ncg_blanketed,8.5,10.0,800.0,-0.20236199388423914,0.2511350215231154,3.53692195746823,3.962607239464957,3.2857869359451146,True,1.0
apparent_subcooling_excess_c,load,ncg_blanketed,8.5,11.0,850.0,-0.24800536620285474,0.13686840476300288,4.020830428979204,4.598905945712868,3.8839620242162014,True,1.0
apparent_subcooling_excess_c,load,ncg_blanketed,8.5,12.0,900.0,-0.17031338525097128,0.23330494676902092,4.790249865835399,5.283690120223637,4.556944919066378,True,1.0
apparent_subcooling_excess_c,load,ncg_blanketed,8.5,13.0,950.0,-0.20841462319319204,0.28703349022947,5.597653389436973,6.013572309536507,5.310619899207502,True,1.0
apparent_subcooling_excess_c,load,ncg_blanketed,9.0,0.0,300.0,-0.22926027457145004,0.3180243285419544,0.7249275771732466,1.3513416819566426,0.40690324863129224,True,1.0
apparent_subcooling_excess_c,load,ncg_blanketed,9.0,1.0,350.0,-0.3237031223672613,0.3372636574498806,0.8780579671885014,1.5388861424133107,0.5407943097386207,True,1.0
apparent_subcooling_excess_c,load,ncg_blanketed,9.0,2.0,400.0,-0.199197268288545,0.1520747501562003,1.0407088983754225,1.7037779745316044,0.8886341482192222,True,1.0
apparent_subcooling_excess_c,load,ncg_blanketed,9.0,3.0,450.0,-0.13984739629847098,0.21985062613264894,1.2846413625612774,1.8307364679218379,1.0647907364286284,True,1.0
apparent_subcooling_excess_c,load,ncg_blanketed,9.0,4.0,500.0,-0.14341265992113628,0.24859414676765956,1.5200567014106043,1.9815434133114962,1.2714625546429448,True,1.0
apparent_subcooling_excess_c,load,ncg_blanketed,9.0,5.0,550.0,-0.21001052360990147,0.21058481981144772,1.7848462773351828,2.304441086257669,1.574261457523735,True,1.0
apparent_subcooling_excess_c,load,ncg_blanketed,9.0,6.0,600.0,-0.3330524160125792,0.16205877087185683,1.9466723500446372,2.3694542480925525,1.7846135791727804,True,1.0
apparent_subcooling_excess_c,load,ncg_blanketed,9.0,7.0,650.0,-0.23591300246370528,0.17401703846892902,2.3236090106955234,2.7392676408554624,2.1495919722265944,True,1.0
apparent_subcooling_excess_c,load,ncg_blanketed,9.0,8.0,700.0,-0.17416752637857424,0.19421807322674356,2.7011010196948106,3.106875335525597,2.506882946468067,True,1.0
apparent_subcooling_excess_c,load,ncg_blanketed,9.0,9.0,750.0,-0.23488673955224293,0.261384640257567,3.2045560793880252,3.605847726703707,2.943171439130458,True,1.0
apparent_subcooling_excess_c,load,ncg_blanketed,9.0,10.0,800.0,-0.20236199388423914,0.2511350215231154,3.7842426808154346,4.153167703221468,3.533107659292319,True,1.0
apparent_subcooling_excess_c,load,ncg_blanketed,9.0,11.0,850.0,-0.24800536620285474,0.13686840476300288,4.244409348604693,4.765153429835481,4.107540943841689,True,1.0
apparent_subcooling_excess_c,load,ncg_blanketed,9.0,12.0,900.0,-0.17031338525097128,0.23330494676902092,4.924608176169022,5.552355964322945,4.691303229400001,True,1.0
apparent_subcooling_excess_c,load,ncg_blanketed,9.0,13.0,950.0,-0.20841462319319204,0.28703349022947,6.037231213316323,6.4182592112229155,5.750197723086853,True,1.0
apparent_subcooling_excess_c,load,ncg_blanketed,9.5,0.0,300.0,-0.22926027457145004,0.3180243285419544,0.8484573514369065,1.2704866008808484,0.5304330228949521,True,1.0
apparent_subcooling_excess_c,load,ncg_blanketed,9.5,1.0,350.0,-0.3237031223672613,0.3372636574498806,0.8103938754157245,1.2612383413964021,0.47313021796584387,True,1.0
apparent_subcooling_excess_c,load,ncg_blanketed,9.5,2.0,400.0,-0.199197268288545,0.1520747501562003,1.0222346677427034,1.3996908053259034,0.8701599175865031,True,1.0
apparent_subcooling_excess_c,load,ncg_blanketed,9.5,3.0,450.0,-0.13984739629847098,0.21985062613264894,1.2964440122961471,1.7036596582095738,1.0765933861634982,True,1.0
apparent_subcooling_excess_c,load,ncg_blanketed,9.5,4.0,500.0,-0.14341265992113628,0.24859414676765956,1.28544827149987,1.8561950384762371,1.0368541247322105,True,1.0
apparent_subcooling_excess_c,load,ncg_blanketed,9.5,5.0,550.0,-0.21001052360990147,0.21058481981144772,1.7308925088181109,2.275303330793614,1.5203076890066631,True,1.0
apparent_subcooling_excess_c,load,ncg_blanketed,9.5,6.0,600.0,-0.3330524160125792,0.16205877087185683,2.0102958322919062,2.5698982588218513,1.8482370614200494,True,1.0
apparent_subcooling_excess_c,load,ncg_blanketed,9.5,7.0,650.0,-0.23591300246370528,0.17401703846892902,2.3533212664098193,2.7811196084376926,2.1793042279408903,True,1.0
apparent_subcooling_excess_c,load,ncg_blanketed,9.5,8.0,700.0,-0.17416752637857424,0.19421807322674356,2.777854861969411,3.3157341190837712,2.5836367887426674,True,1.0
apparent_subcooling_excess_c,load,ncg_blanketed,9.5,9.0,750.0,-0.23488673955224293,0.261384640257567,3.2109821972041512,3.7063775228353695,2.949597556946584,True,1.0
apparent_subcooling_excess_c,load,ncg_blanketed,9.5,10.0,800.0,-0.20236199388423914,0.2511350215231154,3.766328383588185,4.213247705974034,3.5151933620650695,True,1.0
apparent_subcooling_excess_c,load,ncg_blanketed,9.5,11.0,850.0,-0.24800536620285474,0.13686840476300288,4.430476818939196,4.879597843359453,4.293608414176193,True,1.0
apparent_subcooling_excess_c,load,ncg_blanketed,9.5,12.0,900.0,-0.17031338525097128,0.23330494676902092,5.239730099934396,5.694328333490548,5.006425153165375,True,1.0
apparent_subcooling_excess_c,load,ncg_blanketed,9.5,13.0,950.0,-0.20841462319319204,0.28703349022947,6.23472841041708,6.714787064001458,5.94769492018761,True,1.0
apparent_subcooling_excess_c,load,ncg_blanketed,10.0,0.0,300.0,-0.22926027457145004,0.3180243285419544,0.614908148488265,1.1482920403965065,0.29688381994631063,True,1.0
apparent_subcooling_excess_c,load,ncg_blanketed,10.0,1.0,350.0,-0.3237031223672613,0.3372636574498806,0.7031759641166622,1.4247609671852328,0.36591230666678154,True,1.0
apparent_subcooling_excess_c,load,ncg_blanketed,10.0,2.0,400.0,-0.199197268288545,0.1520747501562003,0.9656464269161076,1.4482224696225723,0.8135716767599073,True,1.0
apparent_subcooling_excess_c,load,ncg_blanketed,10.0,3.0,450.0,-0.13984739629847098,0.21985062613264894,1.2341263187654152,1.6740351483949862,1.0142756926327663,True,1.0
apparent_subcooling_excess_c,load,ncg_blanketed,10.0,4.0,500.0,-0.14341265992113628,0.24859414676765956,1.4457054056420102,1.88406784040126,1.1971112588743507,True,1.0
apparent_subcooling_excess_c,load,ncg_blanketed,10.0,5.0,550.0,-0.21001052360990147,0.21058481981144772,1.7127458342429382,2.250724891591269,1.5021610144314905,True,1.0
apparent_subcooling_excess_c,load,ncg_blanketed,10.0,6.0,600.0,-0.3330524160125792,0.16205877087185683,1.9706565054013447,2.3696032407963816,1.808597734529488,True,1.0
apparent_subcooling_excess_c,load,ncg_blanketed,10.0,7.0,650.0,-0.23591300246370528,0.17401703846892902,2.377197420768973,2.805863564118007,2.2031803823000438,True,1.0
apparent_subcooling_excess_c,load,ncg_blanketed,10.0,8.0,700.0,-0.17416752637857424,0.19421807322674356,2.8295615818136794,3.2594199471955028,2.635343508586936,True,1.0
apparent_subcooling_excess_c,load,ncg_blanketed,10.0,9.0,750.0,-0.23488673955224293,0.261384640257567,3.4133310966395696,3.8328822646460106,3.1519464563820025,True,1.0
apparent_subcooling_excess_c,load,ncg_blanketed,10.0,10.0,800.0,-0.20236199388423914,0.2511350215231154,3.943482044943733,4.36381938109847,3.6923470234206177,True,1.0
apparent_subcooling_excess_c,load,ncg_blanketed,10.0,11.0,850.0,-0.24800536620285474,0.13686840476300288,4.535776756455615,5.101202055463919,4.3989083516926115,True,1.0
apparent_subcooling_excess_c,load,ncg_blanketed,10.0,12.0,900.0,-0.17031338525097128,0.23330494676902092,5.490893424128829,6.031971525836022,5.257588477359808,True,1.0
apparent_subcooling_excess_c,load,ncg_blanketed,10.0,13.0,950.0,-0.20841462319319204,0.28703349022947,6.6103474488704865,7.102865074932229,6.323313958641016,True,1.0
apparent_subcooling_excess_c,load,ncg_blanketing_only,0.0,0.0,300.0,-0.22926027457145004,0.3180243285419544,-0.15901428314641408,0.338262306631814,-0.4770386116883685,False,1.0
apparent_subcooling_excess_c,load,ncg_blanketing_only,0.0,1.0,350.0,-0.3237031223672613,0.3372636574498806,-0.31196312695105144,0.15130887298018814,-0.4750119953474494,False,-1.0
apparent_subcooling_excess_c,load,ncg_blanketing_only,0.0,2.0,400.0,-0.199197268288545,0.1520747501562003,-0.2675728479430757,0.2540552982156057,-0.419647598099276,False,1.0
apparent_subcooling_excess_c,load,ncg_blanketing_only,0.0,3.0,450.0,-0.13984739629847098,0.21985062613264894,-0.3750717054514334,0.3741486629497759,-0.5139960592482469,False,-1.0
apparent_subcooling_excess_c,load,ncg_blanketing_only,0.0,4.0,500.0,-0.14341265992113628,0.24859414676765956,-0.10409966659536618,0.16832033349598863,-0.3117329934171249,False,-1.0
apparent_subcooling_excess_c,load,ncg_blanketing_only,0.0,5.0,550.0,-0.21001052360990147,0.21058481981144772,-0.2704556568886949,0.1954859951318313,-0.40549651874173276,False,1.0
apparent_subcooling_excess_c,load,ncg_blanketing_only,0.0,6.0,600.0,-0.3330524160125792,0.16205877087185683,-0.27336512807287905,0.20554673658752098,-0.4354238989447359,False,-1.0
apparent_subcooling_excess_c,load,ncg_blanketing_only,0.0,7.0,650.0,-0.23591300246370528,0.17401703846892902,-0.36166718974398515,0.23452877885365142,-0.4704417813173567,False,1.0
apparent_subcooling_excess_c,load,ncg_blanketing_only,0.0,8.0,700.0,-0.17416752637857424,0.19421807322674356,-0.24988452233652603,0.2790919352431416,-0.4441025955632696,False,-1.0
apparent_subcooling_excess_c,load,ncg_blanketing_only,0.0,9.0,750.0,-0.23488673955224293,0.261384640257567,-0.19224134446454144,0.21774932459290985,-0.4526360641451528,False,1.0
apparent_subcooling_excess_c,load,ncg_blanketing_only,0.0,10.0,800.0,-0.20236199388423914,0.2511350215231154,-0.24060188940695815,0.3159643958509195,-0.49173691093007355,False,1.0
apparent_subcooling_excess_c,load,ncg_blanketing_only,0.0,11.0,850.0,-0.24800536620285474,0.13686840476300288,-0.26826956272657165,0.31164227195563177,-0.40513796748957454,False,-1.0
apparent_subcooling_excess_c,load,ncg_blanketing_only,0.0,12.0,900.0,-0.17031338525097128,0.23330494676902092,-0.3331688134672932,0.33370063009597306,-0.5040140153469443,False,-1.0
apparent_subcooling_excess_c,load,ncg_blanketing_only,0.0,13.0,950.0,-0.20841462319319204,0.28703349022947,-0.19102401273240588,0.3695926166352157,-0.4780575029618759,False,1.0
apparent_subcooling_excess_c,cw,ncg_dalton,0.0,0.0,22.0,-0.28199634714081045,0.333114340979485,4.11288339055722,4.670347293412172,3.7797690495777356,True,1.0
apparent_subcooling_excess_c,cw,ncg_dalton,0.0,1.0,23.0,-0.2139939723153652,0.16637782138567525,4.006875247911827,4.5837639603607565,3.840497426526152,True,1.0
apparent_subcooling_excess_c,cw,ncg_dalton,0.0,2.0,24.0,-0.16627479364021447,0.23471088514669503,3.9644539450274454,4.366437869195275,3.72974305988075,True,1.0
apparent_subcooling_excess_c,cw,ncg_dalton,0.0,3.0,25.0,-0.2574705258590737,0.30038798140070777,3.788481137838206,4.29143722594634,3.4880931564374986,True,1.0
apparent_subcooling_excess_c,cw,ncg_dalton,0.0,4.0,26.0,-0.17274570578263693,0.23025515270863228,3.888315101170909,4.238346040406474,3.6580599484622764,True,1.0
apparent_subcooling_excess_c,cw,ncg_dalton,0.0,5.0,27.0,-0.13562827300736258,0.40084066631507764,3.6993713998050217,4.153105563210126,3.298530733489944,True,1.0
apparent_subcooling_excess_c,cw,ncg_dalton,0.0,6.0,28.0,-0.2331094889835088,0.196784242352263,3.7017594818852766,3.984274834669275,3.504975239533014,True,1.0
apparent_subcooling_excess_c,cw,ncg_dalton,0.0,7.0,29.0,-0.228771632220248,0.2799913985279414,3.500275062312276,4.052692156987983,3.2202836637843344,True,1.0
apparent_subcooling_excess_c,cw,ncg_dalton,0.0,8.0,30.0,-0.24220538483070286,0.24107580367809267,3.4764627396958536,3.8672609460909175,3.235386936017761,True,1.0
apparent_subcooling_excess_c,cw,ncg_dalton,0.0,9.0,31.0,-0.2255149128081908,0.1425743930123109,3.37514590622161,3.719121394359637,3.232571513209299,True,1.0
apparent_subcooling_excess_c,cw,ncg_dalton,0.0,10.0,32.0,-0.2839928880163751,0.2960153527461469,3.344772116115035,3.9757294827968312,3.048756763368888,True,1.0
apparent_subcooling_excess_c,cw,ncg_dalton,0.5,0.0,22.0,-0.28199634714081045,0.333114340979485,3.725177314965619,4.146802712601988,3.3920629739861337,True,1.0
apparent_subcooling_excess_c,cw,ncg_dalton,0.5,1.0,23.0,-0.2139939723153652,0.16637782138567525,3.732219363299378,4.256264427273259,3.5658415419137026,True,1.0
apparent_subcooling_excess_c,cw,ncg_dalton,0.5,2.0,24.0,-0.16627479364021447,0.23471088514669503,3.7600015210834816,4.124338175030306,3.525290635936787,True,1.0
apparent_subcooling_excess_c,cw,ncg_dalton,0.5,3.0,25.0,-0.2574705258590737,0.30038798140070777,3.6217900611600182,4.132220981635961,3.3214020797593102,True,1.0
apparent_subcooling_excess_c,cw,ncg_dalton,0.5,4.0,26.0,-0.17274570578263693,0.23025515270863228,3.6714104660624067,4.156804571003536,3.4411553133537742,True,1.0
apparent_subcooling_excess_c,cw,ncg_dalton,0.5,5.0,27.0,-0.13562827300736258,0.40084066631507764,3.6320301988473505,4.208816315618812,3.231189532532273,True,1.0
apparent_subcooling_excess_c,cw,ncg_dalton,0.5,6.0,28.0,-0.2331094889835088,0.196784242352263,3.5787245195443798,4.143550666954752,3.3819402771921165,True,1.0
apparent_subcooling_excess_c,cw,ncg_dalton,0.5,7.0,29.0,-0.228771632220248,0.2799913985279414,3.5503401427457724,4.0785040014336,3.2703487442178307,True,1.0
apparent_subcooling_excess_c,cw,ncg_dalton,0.5,8.0,30.0,-0.24220538483070286,0.24107580367809267,3.6236414120485643,4.021128192875623,3.382565608370472,True,1.0
apparent_subcooling_excess_c,cw,ncg_dalton,0.5,9.0,31.0,-0.2255149128081908,0.1425743930123109,3.4804676822448273,3.931258954802596,3.3378932892325164,True,1.0
apparent_subcooling_excess_c,cw,ncg_dalton,0.5,10.0,32.0,-0.2839928880163751,0.2960153527461469,3.4637669002233467,4.038772696499974,3.1677515474771996,True,1.0
apparent_subcooling_excess_c,cw,ncg_dalton,1.0,0.0,22.0,-0.28199634714081045,0.333114340979485,3.439908254459818,3.856945582153714,3.106793913480333,True,1.0
apparent_subcooling_excess_c,cw,ncg_dalton,1.0,1.0,23.0,-0.2139939723153652,0.16637782138567525,3.462536439410079,3.803567460465274,3.296158618024404,True,1.0
apparent_subcooling_excess_c,cw,ncg_dalton,1.0,2.0,24.0,-0.16627479364021447,0.23471088514669503,3.510489580726783,3.9039218318143716,3.2757786955800876,True,1.0
apparent_subcooling_excess_c,cw,ncg_dalton,1.0,3.0,25.0,-0.2574705258590737,0.30038798140070777,3.4812418104317713,4.057923557793108,3.1808538290310633,True,1.0
apparent_subcooling_excess_c,cw,ncg_dalton,1.0,4.0,26.0,-0.17274570578263693,0.23025515270863228,3.6350647996786836,3.975316197272523,3.404809646970051,True,1.0
apparent_subcooling_excess_c,cw,ncg_dalton,1.0,5.0,27.0,-0.13562827300736258,0.40084066631507764,3.5996216298314496,4.13482846645983,3.1987809635163718,True,1.0
apparent_subcooling_excess_c,cw,ncg_dalton,1.0,6.0,28.0,-0.2331094889835088,0.196784242352263,3.6488299110093467,4.072728885360215,3.4520456686570835,True,1.0
apparent_subcooling_excess_c,cw,ncg_dalton,1.0,7.0,29.0,-0.228771632220248,0.2799913985279414,3.6862146820423125,4.148208503259908,3.406223283514371,True,1.0
apparent_subcooling_excess_c,cw,ncg_dalton,1.0,8.0,30.0,-0.24220538483070286,0.24107580367809267,3.6994041929363215,4.192804737423825,3.458328389258229,True,1.0
apparent_subcooling_excess_c,cw,ncg_dalton,1.0,9.0,31.0,-0.2255149128081908,0.1425743930123109,3.547727886873052,4.156202393652698,3.405153493860741,True,1.0
apparent_subcooling_excess_c,cw,ncg_dalton,1.0,10.0,32.0,-0.2839928880163751,0.2960153527461469,3.640515159273987,4.2407831144435075,3.34449980652784,True,1.0
apparent_subcooling_excess_c,cw,ncg_dalton,1.5,0.0,22.0,-0.28199634714081045,0.333114340979485,3.139727662830053,3.517598654629083,2.806613321850568,True,1.0
apparent_subcooling_excess_c,cw,ncg_dalton,1.5,1.0,23.0,-0.2139939723153652,0.16637782138567525,3.2632323221405204,3.565532029681645,3.096854500754845,True,1.0
apparent_subcooling_excess_c,cw,ncg_dalton,1.5,2.0,24.0,-0.16627479364021447,0.23471088514669503,3.3072832773249297,3.725312224029156,3.072572392178235,True,1.0
apparent_subcooling_excess_c,cw,ncg_dalton,1.5,3.0,25.0,-0.2574705258590737,0.30038798140070777,3.3222064823878834,3.9482064485146093,3.021818500987176,True,1.0
apparent_subcooling_excess_c,cw,ncg_dalton,1.5,4.0,26.0,-0.17274570578263693,0.23025515270863228,3.481007656238867,4.02560004758205,3.2507525035302347,True,1.0
apparent_subcooling_excess_c,cw,ncg_dalton,1.5,5.0,27.0,-0.13562827300736258,0.40084066631507764,3.674381136129224,3.9386910306107543,3.2735404698141464,True,1.0
apparent_subcooling_excess_c,cw,ncg_dalton,1.5,6.0,28.0,-0.2331094889835088,0.196784242352263,3.6042280457203324,4.029435434564369,3.4074438033680696,True,1.0
apparent_subcooling_excess_c,cw,ncg_dalton,1.5,7.0,29.0,-0.228771632220248,0.2799913985279414,3.654345132037116,4.23413763157108,3.3743537335091744,True,1.0
apparent_subcooling_excess_c,cw,ncg_dalton,1.5,8.0,30.0,-0.24220538483070286,0.24107580367809267,3.809371194266433,4.225644854480351,3.5682953905883403,True,1.0
apparent_subcooling_excess_c,cw,ncg_dalton,1.5,9.0,31.0,-0.2255149128081908,0.1425743930123109,3.7848461549487697,4.292433724445661,3.642271761936459,True,1.0
apparent_subcooling_excess_c,cw,ncg_dalton,1.5,10.0,32.0,-0.2839928880163751,0.2960153527461469,3.913186855404068,4.442016199303256,3.6171715026579214,True,1.0
apparent_subcooling_excess_c,cw,ncg_dalton,2.0,0.0,22.0,-0.28199634714081045,0.333114340979485,2.9040412977552075,3.283640515933509,2.5709269567757227,True,1.0
apparent_subcooling_excess_c,cw,ncg_dalton,2.0,1.0,23.0,-0.2139939723153652,0.16637782138567525,2.950150888871538,3.5274641460887066,2.7837730674858627,True,1.0
apparent_subcooling_excess_c,cw,ncg_dalton,2.0,2.0,24.0,-0.16627479364021447,0.23471088514669503,3.0710270132107955,3.487463796236491,2.8363161280641007,True,1.0
apparent_subcooling_excess_c,cw,ncg_dalton,2.0,3.0,25.0,-0.2574705258590737,0.30038798140070777,3.2082593500386136,3.7711871323491026,2.907871368637906,True,1.0
apparent_subcooling_excess_c,cw,ncg_dalton,2.0,4.0,26.0,-0.17274570578263693,0.23025515270863228,3.330029851533189,3.8913525994106113,3.0997746988245565,True,1.0
apparent_subcooling_excess_c,cw,ncg_dalton,2.0,5.0,27.0,-0.13562827300736258,0.40084066631507764,3.448436720971862,4.0332696254326255,3.0475960546567844,True,1.0
apparent_subcooling_excess_c,cw,ncg_dalton,2.0,6.0,28.0,-0.2331094889835088,0.196784242352263,3.617246424509442,4.0395020424783805,3.420462182157179,True,1.0
apparent_subcooling_excess_c,cw,ncg_dalton,2.0,7.0,29.0,-0.228771632220248,0.2799913985279414,3.7244341720408274,4.203843659456684,3.444442773512886,True,1.0
apparent_subcooling_excess_c,cw,ncg_dalton,2.0,8.0,30.0,-0.24220538483070286,0.24107580367809267,3.9448452630741757,4.3453608329054205,3.7037694593960833,True,1.0
apparent_subcooling_excess_c,cw,ncg_dalton,2.0,9.0,31.0,-0.2255149128081908,0.1425743930123109,4.023015619996109,4.420574409279762,3.880441226983798,True,1.0
apparent_subcooling_excess_c,cw,ncg_dalton,2.0,10.0,32.0,-0.2839928880163751,0.2960153527461469,4.221108675360464,4.628736500295555,3.925093322614317,True,1.0
apparent_subcooling_excess_c,cw,ncg_dalton,2.5,0.0,22.0,-0.28199634714081045,0.333114340979485,2.5817043203790364,3.053927184436148,2.2485899793995516,True,1.0
apparent_subcooling_excess_c,cw,ncg_dalton,2.5,1.0,23.0,-0.2139939723153652,0.16637782138567525,2.655077601722377,3.2154699191000953,2.488699780336702,True,1.0
apparent_subcooling_excess_c,cw,ncg_dalton,2.5,2.0,24.0,-0.16627479364021447,0.23471088514669503,2.9209706970985394,3.3822830325472113,2.686259811951844,True,1.0
apparent_subcooling_excess_c,cw,ncg_dalton,2.5,3.0,25.0,-0.2574705258590737,0.30038798140070777,3.0311262461384305,3.5312872346967303,2.730738264737723,True,1.0
apparent_subcooling_excess_c,cw,ncg_dalton,2.5,4.0,26.0,-0.17274570578263693,0.23025515270863228,3.2882660475351186,3.7023262693230814,3.058010894826486,True,1.0
apparent_subcooling_excess_c,cw,ncg_dalton,2.5,5.0,27.0,-0.13562827300736258,0.40084066631507764,3.46746443994843,3.826938058441959,3.066623773633352,True,1.0
apparent_subcooling_excess_c,cw,ncg_dalton,2.5,6.0,28.0,-0.2331094889835088,0.196784242352263,3.652328314144498,4.025824473423858,3.455544071792235,True,1.0
apparent_subcooling_excess_c,cw,ncg_dalton,2.5,7.0,29.0,-0.228771632220248,0.2799913985279414,3.7458674181143046,4.2570870091086475,3.4658760195863634,True,1.0
apparent_subcooling_excess_c,cw,ncg_dalton,2.5,8.0,30.0,-0.24220538483070286,0.24107580367809267,4.033081334192009,4.532941953122082,3.792005530513917,True,1.0
apparent_subcooling_excess_c,cw,ncg_dalton,2.5,9.0,31.0,-0.2255149128081908,0.1425743930123109,4.1110310414388564,4.6692783497204475,3.9684566484265456,True,1.0
apparent_subcooling_excess_c,cw,ncg_dalton,2.5,10.0,32.0,-0.2839928880163751,0.2960153527461469,4.376587142080149,5.081877274768905,4.0805717893340026,True,1.0
apparent_subcooling_excess_c,cw,ncg_dalton,3.0,0.0,22.0,-0.28199634714081045,0.333114340979485,2.2067312909024652,2.7752153533934987,1.8736169499229802,True,1.0
apparent_subcooling_excess_c,cw,ncg_dalton,3.0,1.0,23.0,-0.2139939723153652,0.16637782138567525,2.474273875600729,3.1584232839928603,2.3078960542150537,True,1.0
apparent_subcooling_excess_c,cw,ncg_dalton,3.0,2.0,24.0,-0.16627479364021447,0.23471088514669503,2.69058133067471,3.2643875530694864,2.4558704455280154,True,1.0
apparent_subcooling_excess_c,cw,ncg_dalton,3.0,3.0,25.0,-0.2574705258590737,0.30038798140070777,2.8934022916135587,3.3810143271778426,2.593014310212851,True,1.0
apparent_subcooling_excess_c,cw,ncg_dalton,3.0,4.0,26.0,-0.17274570578263693,0.23025515270863228,3.2972389938562183,3.7173321477510672,3.066983841147586,True,1.0
apparent_subcooling_excess_c,cw,ncg_dalton,3.0,5.0,27.0,-0.13562827300736258,0.40084066631507764,3.394791361453884,3.8105062728377366,2.993950695138806,True,1.0
apparent_subcooling_excess_c,cw,ncg_dalton,3.0,6.0,28.0,-0.2331094889835088,0.196784242352263,3.6154141668034296,4.066316000431218,3.4186299244511664,True,1.0
apparent_subcooling_excess_c,cw,ncg_dalton,3.0,7.0,29.0,-0.228771632220248,0.2799913985279414,3.8493436486766233,4.386239838265952,3.5693522501486816,True,1.0
apparent_subcooling_excess_c,cw,ncg_dalton,3.0,8.0,30.0,-0.24220538483070286,0.24107580367809267,4.136029194827456,4.542895622795773,3.8949533911493637,True,1.0
apparent_subcooling_excess_c,cw,ncg_dalton,3.0,9.0,31.0,-0.2255149128081908,0.1425743930123109,4.379122657342085,4.860826955445006,4.236548264329775,True,1.0
apparent_subcooling_excess_c,cw,ncg_dalton,3.0,10.0,32.0,-0.2839928880163751,0.2960153527461469,4.7236045373935305,5.111546076249838,4.427589184647384,True,1.0
apparent_subcooling_excess_c,cw,ncg_dalton,3.5,0.0,22.0,-0.28199634714081045,0.333114340979485,2.072544185255738,2.646921157722228,1.739429844276253,True,1.0
apparent_subcooling_excess_c,cw,ncg_dalton,3.5,1.0,23.0,-0.2139939723153652,0.16637782138567525,2.379584115803815,2.7711741440825373,2.2132062944181397,True,1.0
apparent_subcooling_excess_c,cw,ncg_dalton,3.5,2.0,24.0,-0.16627479364021447,0.23471088514669503,2.4367084212713035,3.0582648610954273,2.2019975361246082,True,1.0
apparent_subcooling_excess_c,cw,ncg_dalton,3.5,3.0,25.0,-0.2574705258590737,0.30038798140070777,2.810757804173433,3.216911618069367,2.5103698227727254,True,1.0
apparent_subcooling_excess_c,cw,ncg_dalton,3.5,4.0,26.0,-0.17274570578263693,0.23025515270863228,3.0550249651629695,3.563083088446736,2.8247698124543374,True,1.0
apparent_subcooling_excess_c,cw,ncg_dalton,3.5,5.0,27.0,-0.13562827300736258,0.40084066631507764,3.1652882607102417,3.706440997855866,2.764447594395164,True,1.0
apparent_subcooling_excess_c,cw,ncg_dalton,3.5,6.0,28.0,-0.2331094889835088,0.196784242352263,3.6218192258300177,3.996969532704827,3.4250349834777545,True,1.0
apparent_subcooling_excess_c,cw,ncg_dalton,3.5,7.0,29.0,-0.228771632220248,0.2799913985279414,3.901904624454644,4.365838658969902,3.6219132259267024,True,1.0
apparent_subcooling_excess_c,cw,ncg_dalton,3.5,8.0,30.0,-0.24220538483070286,0.24107580367809267,4.245508423230788,4.6342826288144545,4.004432619552696,True,1.0
apparent_subcooling_excess_c,cw,ncg_dalton,3.5,9.0,31.0,-0.2255149128081908,0.1425743930123109,4.488526412408524,5.022192335784717,4.345952019396213,True,1.0
apparent_subcooling_excess_c,cw,ncg_dalton,3.5,10.0,32.0,-0.2839928880163751,0.2960153527461469,5.0249121890972415,5.312455802022041,4.728896836351095,True,1.0
apparent_subcooling_excess_c,cw,ncg_dalton,4.0,0.0,22.0,-0.28199634714081045,0.333114340979485,1.863865021644472,2.4931809896665422,1.530750680664987,True,1.0
apparent_subcooling_excess_c,cw,ncg_dalton,4.0,1.0,23.0,-0.2139939723153652,0.16637782138567525,2.208104332999568,2.7209117695356584,2.0417265116138927,True,1.0
apparent_subcooling_excess_c,cw,ncg_dalton,4.0,2.0,24.0,-0.16627479364021447,0.23471088514669503,2.3755979023898277,2.8297011793829228,2.1408870172431325,True,1.0
apparent_subcooling_excess_c,cw,ncg_dalton,4.0,3.0,25.0,-0.2574705258590737,0.30038798140070777,2.659586773012966,3.138763397767444,2.3591987916122585,True,1.0
apparent_subcooling_excess_c,cw,ncg_dalton,4.0,4.0,26.0,-0.17274570578263693,0.23025515270863228,3.0458085067043963,3.473264785205334,2.815553353995764,True,1.0
apparent_subcooling_excess_c,cw,ncg_dalton,4.0,5.0,27.0,-0.13562827300736258,0.40084066631507764,3.2911686585686577,3.7985650394904944,2.89032799225358,True,1.0
apparent_subcooling_excess_c,cw,ncg_dalton,4.0,6.0,28.0,-0.2331094889835088,0.196784242352263,3.549553552258054,4.057891212315108,3.352769309905791,True,1.0
apparent_subcooling_excess_c,cw,ncg_dalton,4.0,7.0,29.0,-0.228771632220248,0.2799913985279414,4.002762942692151,4.504397358956847,3.7227715441642095,True,1.0
apparent_subcooling_excess_c,cw,ncg_dalton,4.0,8.0,30.0,-0.24220538483070286,0.24107580367809267,4.435698753025357,4.886599678139419,4.194622949347265,True,1.0
apparent_subcooling_excess_c,cw,ncg_dalton,4.0,9.0,31.0,-0.2255149128081908,0.1425743930123109,4.723119615161481,5.250955624360759,4.580545222149171,True,1.0
apparent_subcooling_excess_c,cw,ncg_dalton,4.0,10.0,32.0,-0.2839928880163751,0.2960153527461469,5.297125922219015,5.716331863847392,5.001110569472869,True,1.0
apparent_subcooling_excess_c,cw,ncg_dalton,4.5,0.0,22.0,-0.28199634714081045,0.333114340979485,1.7786279954323492,2.274985745949736,1.4455136544528642,True,1.0
apparent_subcooling_excess_c,cw,ncg_dalton,4.5,1.0,23.0,-0.2139939723153652,0.16637782138567525,1.9354443542886175,2.4651397449826105,1.7690665329029422,True,1.0
apparent_subcooling_excess_c,cw,ncg_dalton,4.5,2.0,24.0,-0.16627479364021447,0.23471088514669503,2.2835307021130635,2.6803627951357827,2.0488198169663683,True,1.0
apparent_subcooling_excess_c,cw,ncg_dalton,4.5,3.0,25.0,-0.2574705258590737,0.30038798140070777,2.547304112959655,2.922771724035215,2.2469161315589474,True,1.0
apparent_subcooling_excess_c,cw,ncg_dalton,4.5,4.0,26.0,-0.17274570578263693,0.23025515270863228,2.9453875853905758,3.2932336105125675,2.7151324326819433,True,1.0
apparent_subcooling_excess_c,cw,ncg_dalton,4.5,5.0,27.0,-0.13562827300736258,0.40084066631507764,3.251141436444202,3.722445532336435,2.8503007701291247,True,1.0
apparent_subcooling_excess_c,cw,ncg_dalton,4.5,6.0,28.0,-0.2331094889835088,0.196784242352263,3.6071040047538463,4.048222557322702,3.410319762401583,True,1.0
apparent_subcooling_excess_c,cw,ncg_dalton,4.5,7.0,29.0,-0.228771632220248,0.2799913985279414,3.9980824397738055,4.502282901994187,3.718091041245864,True,1.0
apparent_subcooling_excess_c,cw,ncg_dalton,4.5,8.0,30.0,-0.24220538483070286,0.24107580367809267,4.488586118376408,4.961193697156391,4.2475103146983155,True,1.0
apparent_subcooling_excess_c,cw,ncg_dalton,4.5,9.0,31.0,-0.2255149128081908,0.1425743930123109,5.005161202329445,5.523027811165583,4.8625868093171345,True,1.0
apparent_subcooling_excess_c,cw,ncg_dalton,4.5,10.0,32.0,-0.2839928880163751,0.2960153527461469,5.663257017561295,6.079342660610493,5.367241664815149,True,1.0
apparent_subcooling_excess_c,cw,ncg_dalton,5.0,0.0,22.0,-0.28199634714081045,0.333114340979485,1.509372443475912,2.0980420902978674,1.176258102496427,True,1.0
apparent_subcooling_excess_c,cw,ncg_dalton,5.0,1.0,23.0,-0.2139939723153652,0.16637782138567525,1.8031151685740485,2.2874382270237312,1.6367373471883733,True,1.0
apparent_subcooling_excess_c,cw,ncg_dalton,5.0,2.0,24.0,-0.16627479364021447,0.23471088514669503,2.1261064084289534,2.583644135582028,1.8913955232822584,True,1.0
apparent_subcooling_excess_c,cw,ncg_dalton,5.0,3.0,25.0,-0.2574705258590737,0.30038798140070777,2.4508527730321243,2.8727253740375405,2.150464791631417,True,1.0
apparent_subcooling_excess_c,cw,ncg_dalton,5.0,4.0,26.0,-0.17274570578263693,0.23025515270863228,2.821808884370223,3.2924937125180467,2.591553731661591,True,1.0
apparent_subcooling_excess_c,cw,ncg_dalton,5.0,5.0,27.0,-0.13562827300736258,0.40084066631507764,3.1701327147788128,3.6835805494779006,2.7692920484637353,True,1.0
apparent_subcooling_excess_c,cw,ncg_dalton,5.0,6.0,28.0,-0.2331094889835088,0.196784242352263,3.6088844433419127,4.047145492905744,3.4121002009896495,True,1.0
apparent_subcooling_excess_c,cw,ncg_dalton,5.0,7.0,29.0,-0.228771632220248,0.2799913985279414,4.036559713625804,4.612654768542828,3.756568315097863,True,1.0
apparent_subcooling_excess_c,cw,ncg_dalton,5.0,8.0,30.0,-0.24220538483070286,0.24107580367809267,4.67042813459117,5.129662437415722,4.429352330913077,True,1.0
apparent_subcooling_excess_c,cw,ncg_dalton,5.0,9.0,31.0,-0.2255149128081908,0.1425743930123109,5.1917114921582375,5.673028725424303,5.049137099145927,True,1.0
apparent_subcooling_excess_c,cw,ncg_dalton,5.0,10.0,32.0,-0.2839928880163751,0.2960153527461469,5.970779793512342,6.392833400091806,5.674764440766196,True,1.0
apparent_subcooling_excess_c,cw,ncg_dalton,5.5,0.0,22.0,-0.28199634714081045,0.333114340979485,1.4346104618181181,1.9538825321212259,1.1014961208386331,True,1.0
apparent_subcooling_excess_c,cw,ncg_dalton,5.5,1.0,23.0,-0.2139939723153652,0.16637782138567525,1.716264091774157,2.1185747119935536,1.5498862703884817,True,1.0
apparent_subcooling_excess_c,cw,ncg_dalton,5.5,2.0,24.0,-0.16627479364021447,0.23471088514669503,1.9821986219328394,2.5286709552980753,1.7474877367861443,True,1.0
apparent_subcooling_excess_c,cw,ncg_dalton,5.5,3.0,25.0,-0.2574705258590737,0.30038798140070777,2.339436002147419,2.7294126987630714,2.039048020746711,True,1.0
apparent_subcooling_excess_c,cw,ncg_dalton,5.5,4.0,26.0,-0.17274570578263693,0.23025515270863228,2.6778717615728245,3.2262441862975386,2.447616608864192,True,1.0
apparent_subcooling_excess_c,cw,ncg_dalton,5.5,5.0,27.0,-0.13562827300736258,0.40084066631507764,3.079871356847717,3.61329188289612,2.679030690532639,True,1.0
apparent_subcooling_excess_c,cw,ncg_dalton,5.5,6.0,28.0,-0.2331094889835088,0.196784242352263,3.652904565941245,3.9645097696801557,3.4561203235889817,True,1.0
apparent_subcooling_excess_c,cw,ncg_dalton,5.5,7.0,29.0,-0.228771632220248,0.2799913985279414,4.107174504174511,4.741994962883865,3.8271831056465695,True,1.0
apparent_subcooling_excess_c,cw,ncg_dalton,5.5,8.0,30.0,-0.24220538483070286,0.24107580367809267,4.840052749776449,5.178575463266466,4.5989769460983565,True,1.0
apparent_subcooling_excess_c,cw,ncg_dalton,5.5,9.0,31.0,-0.2255149128081908,0.1425743930123109,5.371349140454964,5.848170803364677,5.228774747442653,True,1.0
apparent_subcooling_excess_c,cw,ncg_dalton,5.5,10.0,32.0,-0.2839928880163751,0.2960153527461469,6.268603740241346,6.891646301115357,5.9725883874951995,True,1.0
apparent_subcooling_excess_c,cw,ncg_dalton,6.0,0.0,22.0,-0.28199634714081045,0.333114340979485,1.2801529315169873,1.7752407313395937,0.9470385905375023,True,1.0
apparent_subcooling_excess_c,cw,ncg_dalton,6.0,1.0,23.0,-0.2139939723153652,0.16637782138567525,1.5196961334350645,1.9666409343010403,1.3533183120493892,True,1.0
apparent_subcooling_excess_c,cw,ncg_dalton,6.0,2.0,24.0,-0.16627479364021447,0.23471088514669503,1.8354250762298183,2.3087126069911417,1.6007141910831233,True,1.0
apparent_subcooling_excess_c,cw,ncg_dalton,6.0,3.0,25.0,-0.2574705258590737,0.30038798140070777,2.2034944724247336,2.6059191420246055,1.9031064910240258,True,1.0
apparent_subcooling_excess_c,cw,ncg_dalton,6.0,4.0,26.0,-0.17274570578263693,0.23025515270863228,2.652043173836619,3.0454994384557423,2.4217880211279867,True,1.0
apparent_subcooling_excess_c,cw,ncg_dalton,6.0,5.0,27.0,-0.13562827300736258,0.40084066631507764,3.0345796621115086,3.5294546320563365,2.6337389957964312,True,1.0
apparent_subcooling_excess_c,cw,ncg_dalton,6.0,6.0,28.0,-0.2331094889835088,0.196784242352263,3.5928523705174045,4.085816231919875,3.3960681281651413,True,1.0
apparent_subcooling_excess_c,cw,ncg_dalton,6.0,7.0,29.0,-0.228771632220248,0.2799913985279414,4.154325648445576,4.6979190803026984,3.874334249917635,True,1.0
apparent_subcooling_excess_c,cw,ncg_dalton,6.0,8.0,30.0,-0.24220538483070286,0.24107580367809267,4.948693023508677,5.403601565334071,4.707617219830585,True,1.0
apparent_subcooling_excess_c,cw,ncg_dalton,6.0,9.0,31.0,-0.2255149128081908,0.1425743930123109,5.585804892588936,6.184707353849152,5.443230499576625,True,1.0
apparent_subcooling_excess_c,cw,ncg_dalton,6.0,10.0,32.0,-0.2839928880163751,0.2960153527461469,6.620300137243763,7.209694210998729,6.324284784497617,True,1.0
apparent_subcooling_excess_c,cw,ncg_dalton,6.5,0.0,22.0,-0.28199634714081045,0.333114340979485,1.2715051635272454,1.5946507394579728,0.9383908225477604,True,1.0
apparent_subcooling_excess_c,cw,ncg_dalton,6.5,1.0,23.0,-0.2139939723153652,0.16637782138567525,1.4005521331612028,1.762304499365752,1.2341743117755275,True,1.0
apparent_subcooling_excess_c,cw,ncg_dalton,6.5,2.0,24.0,-0.16627479364021447,0.23471088514669503,1.716601910014389,2.188239296194321,1.481891024867694,True,1.0
apparent_subcooling_excess_c,cw,ncg_dalton,6.5,3.0,25.0,-0.2574705258590737,0.30038798140070777,2.099928313902207,2.6370627921245635,1.7995403325014994,True,1.0
apparent_subcooling_excess_c,cw,ncg_dalton,6.5,4.0,26.0,-0.17274570578263693,0.23025515270863228,2.554152427464772,3.0037203491626085,2.3238972747561393,True,1.0
apparent_subcooling_excess_c,cw,ncg_dalton,6.5,5.0,27.0,-0.13562827300736258,0.40084066631507764,2.946275348082686,3.4412640283088383,2.545434681767609,True,1.0
apparent_subcooling_excess_c,cw,ncg_dalton,6.5,6.0,28.0,-0.2331094889835088,0.196784242352263,3.6693401299271073,4.013285224434572,3.4725558875748446,True,1.0
apparent_subcooling_excess_c,cw,ncg_dalton,6.5,7.0,29.0,-0.228771632220248,0.2799913985279414,4.326588559250487,4.798507738876988,4.046597160722546,True,1.0
apparent_subcooling_excess_c,cw,ncg_dalton,6.5,8.0,30.0,-0.24220538483070286,0.24107580367809267,5.078960376423166,5.582669953714616,4.837884572745073,True,1.0
apparent_subcooling_excess_c,cw,ncg_dalton,6.5,9.0,31.0,-0.2255149128081908,0.1425743930123109,5.866759140298905,6.477815228885389,5.7241847472865945,True,1.0
apparent_subcooling_excess_c,cw,ncg_dalton,6.5,10.0,32.0,-0.2839928880163751,0.2960153527461469,7.025631832650536,7.523091188823764,6.729616479904389,True,1.0
apparent_subcooling_excess_c,cw,ncg_dalton,7.0,0.0,22.0,-0.28199634714081045,0.333114340979485,1.0738562173766009,1.5015812635585786,0.7407418763971159,True,1.0
apparent_subcooling_excess_c,cw,ncg_dalton,7.0,1.0,23.0,-0.2139939723153652,0.16637782138567525,1.2177754557293055,1.666230233613405,1.0513976343436302,True,1.0
apparent_subcooling_excess_c,cw,ncg_dalton,7.0,2.0,24.0,-0.16627479364021447,0.23471088514669503,1.6130577129773838,2.134275723680336,1.3783468278306887,True,1.0
apparent_subcooling_excess_c,cw,ncg_dalton,7.0,3.0,25.0,-0.2574705258590737,0.30038798140070777,2.0183051642140666,2.3442732257323327,1.7179171828133588,True,1.0
apparent_subcooling_excess_c,cw,ncg_dalton,7.0,4.0,26.0,-0.17274570578263693,0.23025515270863228,2.5192779044006612,2.9678183898565162,2.2890227516920287,True,1.0
apparent_subcooling_excess_c,cw,ncg_dalton,7.0,5.0,27.0,-0.13562827300736258,0.40084066631507764,2.985645643387604,3.396515541753864,2.584804977072526,True,1.0
apparent_subcooling_excess_c,cw,ncg_dalton,7.0,6.0,28.0,-0.2331094889835088,0.196784242352263,3.6313139379813806,3.952946028278178,3.4345296956291174,True,1.0
apparent_subcooling_excess_c,cw,ncg_dalton,7.0,7.0,29.0,-0.228771632220248,0.2799913985279414,4.324566395796754,4.903985821019342,4.044574997268813,True,1.0
apparent_subcooling_excess_c,cw,ncg_dalton,7.0,8.0,30.0,-0.24220538483070286,0.24107580367809267,5.19838419764337,5.74006477001854,4.957308393965278,True,1.0
apparent_subcooling_excess_c,cw,ncg_dalton,7.0,9.0,31.0,-0.2255149128081908,0.1425743930123109,6.209953512103329,6.72439301102153,6.067379119091019,True,1.0
apparent_subcooling_excess_c,cw,ncg_dalton,7.0,10.0,32.0,-0.2839928880163751,0.2960153527461469,7.448596436632323,7.914038672500417,7.152581083886177,True,1.0
apparent_subcooling_excess_c,cw,ncg_dalton,7.5,0.0,22.0,-0.28199634714081045,0.333114340979485,0.8963198050527268,1.4108977983927184,0.5632054640732418,True,1.0
apparent_subcooling_excess_c,cw,ncg_dalton,7.5,1.0,23.0,-0.2139939723153652,0.16637782138567525,1.2974388052196353,1.6281483666273655,1.13106098383396,True,1.0
apparent_subcooling_excess_c,cw,ncg_dalton,7.5,2.0,24.0,-0.16627479364021447,0.23471088514669503,1.3917081269263538,1.9045620980321483,1.1569972417796588,True,1.0
apparent_subcooling_excess_c,cw,ncg_dalton,7.5,3.0,25.0,-0.2574705258590737,0.30038798140070777,1.9226747925507184,2.355271729359427,1.6222868111500106,True,1.0
apparent_subcooling_excess_c,cw,ncg_dalton,7.5,4.0,26.0,-0.17274570578263693,0.23025515270863228,2.4049261947619534,2.9270665153230206,2.174671042053321,True,1.0
apparent_subcooling_excess_c,cw,ncg_dalton,7.5,5.0,27.0,-0.13562827300736258,0.40084066631507764,2.9366082566446625,3.4119303238194902,2.535767590329585,True,1.0
apparent_subcooling_excess_c,cw,ncg_dalton,7.5,6.0,28.0,-0.2331094889835088,0.196784242352263,3.621045672248419,4.01464477643812,3.4242614298961556,True,1.0
apparent_subcooling_excess_c,cw,ncg_dalton,7.5,7.0,29.0,-0.228771632220248,0.2799913985279414,4.409320642920694,4.837709236959863,4.1293292443927525,True,1.0
apparent_subcooling_excess_c,cw,ncg_dalton,7.5,8.0,30.0,-0.24220538483070286,0.24107580367809267,5.439004633549106,5.867667177058007,5.197928829871014,True,1.0
apparent_subcooling_excess_c,cw,ncg_dalton,7.5,9.0,31.0,-0.2255149128081908,0.1425743930123109,6.503032927823838,7.070629081518258,6.360458534811528,True,1.0
apparent_subcooling_excess_c,cw,ncg_dalton,7.5,10.0,32.0,-0.2839928880163751,0.2960153527461469,7.996508408330751,8.380281715543362,7.700493055584604,True,1.0
apparent_subcooling_excess_c,cw,ncg_dalton,8.0,0.0,22.0,-0.28199634714081045,0.333114340979485,0.8612984978679123,1.3505863861539447,0.5281841568884273,True,1.0
apparent_subcooling_excess_c,cw,ncg_dalton,8.0,1.0,23.0,-0.2139939723153652,0.16637782138567525,1.0678361598802875,1.6274713118818982,0.9014583384946122,True,1.0
apparent_subcooling_excess_c,cw,ncg_dalton,8.0,2.0,24.0,-0.16627479364021447,0.23471088514669503,1.3261393485300976,1.8526550566512598,1.0914284633834026,True,1.0
apparent_subcooling_excess_c,cw,ncg_dalton,8.0,3.0,25.0,-0.2574705258590737,0.30038798140070777,1.8456108062625605,2.187140113804584,1.5452228248618527,True,1.0
apparent_subcooling_excess_c,cw,ncg_dalton,8.0,4.0,26.0,-0.17274570578263693,0.23025515270863228,2.3679149032698104,2.840735977445128,2.137659750561178,True,1.0
apparent_subcooling_excess_c,cw,ncg_dalton,8.0,5.0,27.0,-0.13562827300736258,0.40084066631507764,2.8344572770998595,3.270597100108424,2.4336166107847816,True,1.0
apparent_subcooling_excess_c,cw,ncg_dalton,8.0,6.0,28.0,-0.2331094889835088,0.196784242352263,3.5804431934962677,4.071596283154222,3.383658951144005,True,1.0
apparent_subcooling_excess_c,cw,ncg_dalton,8.0,7.0,29.0,-0.228771632220248,0.2799913985279414,4.5521951875085325,5.088407940113603,4.272203788980591,True,1.0
apparent_subcooling_excess_c,cw,ncg_dalton,8.0,8.0,30.0,-0.24220538483070286,0.24107580367809267,5.534715991670486,6.117485867936752,5.293640187992393,True,1.0
apparent_subcooling_excess_c,cw,ncg_dalton,8.0,9.0,31.0,-0.2255149128081908,0.1425743930123109,6.8285075323403515,7.2473709439123,6.685933139328041,True,1.0
apparent_subcooling_excess_c,cw,ncg_dalton,8.0,10.0,32.0,-0.2839928880163751,0.2960153527461469,8.578563833792993,8.967659920774098,8.282548481046845,True,1.0
apparent_subcooling_excess_c,cw,ncg_dalton,8.5,0.0,22.0,-0.28199634714081045,0.333114340979485,0.5864930154886379,1.229456245994655,0.25337867450915286,True,1.0
apparent_subcooling_excess_c,cw,ncg_dalton,8.5,1.0,23.0,-0.2139939723153652,0.16637782138567525,0.95853383302638,1.4599570088458618,0.7921560116407047,True,1.0
apparent_subcooling_excess_c,cw,ncg_dalton,8.5,2.0,24.0,-0.16627479364021447,0.23471088514669503,1.3115205952890325,1.7801711817241868,1.0768097101423375,True,1.0
apparent_subcooling_excess_c,cw,ncg_dalton,8.5,3.0,25.0,-0.2574705258590737,0.30038798140070777,1.734587875956466,2.193442804178763,1.4341998945557581,True,1.0
apparent_subcooling_excess_c,cw,ncg_dalton,8.5,4.0,26.0,-0.17274570578263693,0.23025515270863228,2.267077349852546,2.7767184848042428,2.0368221971439135,True,1.0
apparent_subcooling_excess_c,cw,ncg_dalton,8.5,5.0,27.0,-0.13562827300736258,0.40084066631507764,2.7875422355205193,3.328309019690792,2.3867015692054414,True,1.0
apparent_subcooling_excess_c,cw,ncg_dalton,8.5,6.0,28.0,-0.2331094889835088,0.196784242352263,3.5624015756779257,4.035089772576992,3.3656173333256625,True,1.0
apparent_subcooling_excess_c,cw,ncg_dalton,8.5,7.0,29.0,-0.228771632220248,0.2799913985279414,4.505646713960628,5.1098565872001505,4.225655315432687,True,1.0
apparent_subcooling_excess_c,cw,ncg_dalton,8.5,8.0,30.0,-0.24220538483070286,0.24107580367809267,5.779409258420234,6.21201077631192,5.5383334547421414,True,1.0
apparent_subcooling_excess_c,cw,ncg_dalton,8.5,9.0,31.0,-0.2255149128081908,0.1425743930123109,7.167149792471939,7.560683628496297,7.0245753994596285,True,1.0
apparent_subcooling_excess_c,cw,ncg_dalton,8.5,10.0,32.0,-0.2839928880163751,0.2960153527461469,8.980330803939667,9.424677563785528,8.68431545119352,True,1.0
apparent_subcooling_excess_c,cw,ncg_dalton,9.0,0.0,22.0,-0.28199634714081045,0.333114340979485,0.7034434697602139,1.0940112328719072,0.3703291287807289,True,1.0
apparent_subcooling_excess_c,cw,ncg_dalton,9.0,1.0,23.0,-0.2139939723153652,0.16637782138567525,0.8890245141302198,1.5208177715127744,0.7226466927445445,True,1.0
apparent_subcooling_excess_c,cw,ncg_dalton,9.0,2.0,24.0,-0.16627479364021447,0.23471088514669503,1.2736549950236045,1.6006688267056532,1.0389441098769094,True,1.0
apparent_subcooling_excess_c,cw,ncg_dalton,9.0,3.0,25.0,-0.2574705258590737,0.30038798140070777,1.6517656529833022,2.1847731476597376,1.3513776715825945,True,1.0
apparent_subcooling_excess_c,cw,ncg_dalton,9.0,4.0,26.0,-0.17274570578263693,0.23025515270863228,2.20480327032262,2.776593750671477,1.9745481176139876,True,1.0
apparent_subcooling_excess_c,cw,ncg_dalton,9.0,5.0,27.0,-0.13562827300736258,0.40084066631507764,2.8670176902543685,3.2774843744666127,2.4661770239392906,True,1.0
apparent_subcooling_excess_c,cw,ncg_dalton,9.0,6.0,28.0,-0.2331094889835088,0.196784242352263,3.5653940866217884,3.9909347761156893,3.3686098442695256,True,1.0
apparent_subcooling_excess_c,cw,ncg_dalton,9.0,7.0,29.0,-0.228771632220248,0.2799913985279414,4.556418711496647,5.093677946312407,4.276427312968706,True,1.0
apparent_subcooling_excess_c,cw,ncg_dalton,9.0,8.0,30.0,-0.24220538483070286,0.24107580367809267,5.895309099827799,6.51760778573471,5.654233296149706,True,1.0
apparent_subcooling_excess_c,cw,ncg_dalton,9.0,9.0,31.0,-0.2255149128081908,0.1425743930123109,7.309979935871832,8.017391345684224,7.167405542859521,True,1.0
apparent_subcooling_excess_c,cw,ncg_dalton,9.0,10.0,32.0,-0.2839928880163751,0.2960153527461469,9.488287902239643,9.899666713307331,9.192272549493495,True,1.0
apparent_subcooling_excess_c,cw,ncg_dalton,9.5,0.0,22.0,-0.28199634714081045,0.333114340979485,0.585432768560016,1.0474688736891116,0.252318427580531,True,1.0
apparent_subcooling_excess_c,cw,ncg_dalton,9.5,1.0,23.0,-0.2139939723153652,0.16637782138567525,0.8586286319804071,1.4920220053217113,0.6922508105947318,True,1.0
apparent_subcooling_excess_c,cw,ncg_dalton,9.5,2.0,24.0,-0.16627479364021447,0.23471088514669503,1.1626902620515902,1.5388757155759707,0.9279793769048952,True,1.0
apparent_subcooling_excess_c,cw,ncg_dalton,9.5,3.0,25.0,-0.2574705258590737,0.30038798140070777,1.5917382019941146,2.0450268107477054,1.2913502205934069,True,1.0
apparent_subcooling_excess_c,cw,ncg_dalton,9.5,4.0,26.0,-0.17274570578263693,0.23025515270863228,2.083929970990215,2.644923476751681,1.8536748182815825,True,1.0
apparent_subcooling_excess_c,cw,ncg_dalton,9.5,5.0,27.0,-0.13562827300736258,0.40084066631507764,2.7593853804049235,3.1733185672267146,2.358544714089846,True,1.0
apparent_subcooling_excess_c,cw,ncg_dalton,9.5,6.0,28.0,-0.2331094889835088,0.196784242352263,3.604397126367342,3.992990906674521,3.4076128840150792,True,1.0
apparent_subcooling_excess_c,cw,ncg_dalton,9.5,7.0,29.0,-0.228771632220248,0.2799913985279414,4.767775685562913,5.174722076386945,4.487784287034972,True,1.0
apparent_subcooling_excess_c,cw,ncg_dalton,9.5,8.0,30.0,-0.24220538483070286,0.24107580367809267,6.119360511555641,6.698427935625701,5.878284707877548,True,1.0
apparent_subcooling_excess_c,cw,ncg_dalton,9.5,9.0,31.0,-0.2255149128081908,0.1425743930123109,7.768083067589448,8.373484571215048,7.625508674577137,True,1.0
apparent_subcooling_excess_c,cw,ncg_dalton,9.5,10.0,32.0,-0.2839928880163751,0.2960153527461469,10.186739919167149,10.539302620332538,9.890724566421001,True,1.0
apparent_subcooling_excess_c,cw,ncg_dalton,10.0,0.0,22.0,-0.28199634714081045,0.333114340979485,0.5629948788756849,0.9661747620386651,0.2298805378961999,True,1.0
apparent_subcooling_excess_c,cw,ncg_dalton,10.0,1.0,23.0,-0.2139939723153652,0.16637782138567525,0.7530267398359567,1.2166594041086538,0.5866489184502814,True,1.0
apparent_subcooling_excess_c,cw,ncg_dalton,10.0,2.0,24.0,-0.16627479364021447,0.23471088514669503,0.9862639140839056,1.3855922890183934,0.7515530289372105,True,1.0
apparent_subcooling_excess_c,cw,ncg_dalton,10.0,3.0,25.0,-0.2574705258590737,0.30038798140070777,1.4592601828912475,2.036946194023588,1.1588722014905397,True,1.0
apparent_subcooling_excess_c,cw,ncg_dalton,10.0,4.0,26.0,-0.17274570578263693,0.23025515270863228,2.148132974308702,2.5314691030590177,1.9178778216000698,True,1.0
apparent_subcooling_excess_c,cw,ncg_dalton,10.0,5.0,27.0,-0.13562827300736258,0.40084066631507764,2.6732801513865225,3.2472439844525605,2.2724394850714447,True,1.0
apparent_subcooling_excess_c,cw,ncg_dalton,10.0,6.0,28.0,-0.2331094889835088,0.196784242352263,3.516520363544628,4.085631393778654,3.3197361211923653,True,1.0
apparent_subcooling_excess_c,cw,ncg_dalton,10.0,7.0,29.0,-0.228771632220248,0.2799913985279414,4.665919996412468,5.226137320299573,4.385928597884527,True,1.0
apparent_subcooling_excess_c,cw,ncg_dalton,10.0,8.0,30.0,-0.24220538483070286,0.24107580367809267,6.322727939012202,6.7467590399136865,6.081652135334109,True,1.0
apparent_subcooling_excess_c,cw,ncg_dalton,10.0,9.0,31.0,-0.2255149128081908,0.1425743930123109,8.152379004122647,8.619317577445807,8.009804611110336,True,1.0
apparent_subcooling_excess_c,cw,ncg_dalton,10.0,10.0,32.0,-0.2839928880163751,0.2960153527461469,10.773978624557131,11.155944993099972,10.477963271810983,True,1.0
apparent_subcooling_excess_c,cw,ncg_blanketed,0.0,0.0,22.0,-0.28199634714081045,0.333114340979485,2.715351918974224,3.1665560294995605,2.382237577994739,True,1.0
apparent_subcooling_excess_c,cw,ncg_blanketed,0.0,1.0,23.0,-0.2139939723153652,0.16637782138567525,2.617287800493255,3.0864787003490415,2.4509099791075797,True,1.0
apparent_subcooling_excess_c,cw,ncg_blanketed,0.0,2.0,24.0,-0.16627479364021447,0.23471088514669503,2.6257299319539715,2.94095421904838,2.3910190468072763,True,1.0
apparent_subcooling_excess_c,cw,ncg_blanketed,0.0,3.0,25.0,-0.2574705258590737,0.30038798140070777,2.531543279883689,3.003709222142888,2.2311552984829817,True,1.0
apparent_subcooling_excess_c,cw,ncg_blanketed,0.0,4.0,26.0,-0.17274570578263693,0.23025515270863228,2.548325717386657,2.9550269865405614,2.318070564678025,True,1.0
apparent_subcooling_excess_c,cw,ncg_blanketed,0.0,5.0,27.0,-0.13562827300736258,0.40084066631507764,2.4761048451941483,2.8950130359435136,2.0752641788790704,True,1.0
apparent_subcooling_excess_c,cw,ncg_blanketed,0.0,6.0,28.0,-0.2331094889835088,0.196784242352263,2.3451043301537884,2.755249645951616,2.148320087801525,True,1.0
apparent_subcooling_excess_c,cw,ncg_blanketed,0.0,7.0,29.0,-0.228771632220248,0.2799913985279414,2.1789334697245955,2.8595865410298735,1.898942071196654,True,1.0
apparent_subcooling_excess_c,cw,ncg_blanketed,0.0,8.0,30.0,-0.24220538483070286,0.24107580367809267,2.3008497429059585,2.798483262540576,2.059773939227866,True,1.0
apparent_subcooling_excess_c,cw,ncg_blanketed,0.0,9.0,31.0,-0.2255149128081908,0.1425743930123109,2.1708497539116345,2.6660727023881825,2.0282753608993236,True,1.0
apparent_subcooling_excess_c,cw,ncg_blanketed,0.0,10.0,32.0,-0.2839928880163751,0.2960153527461469,2.171275673036741,2.5646736630746148,1.8752603202905942,True,1.0
apparent_subcooling_excess_c,cw,ncg_blanketed,0.5,0.0,22.0,-0.28199634714081045,0.333114340979485,2.4707448667833174,2.8769674306069284,2.137630525803832,True,1.0
apparent_subcooling_excess_c,cw,ncg_blanketed,0.5,1.0,23.0,-0.2139939723153652,0.16637782138567525,2.5115930755147917,2.9190300097031656,2.3452152541291165,True,1.0
apparent_subcooling_excess_c,cw,ncg_blanketed,0.5,2.0,24.0,-0.16627479364021447,0.23471088514669503,2.441873051063508,2.8071992299614887,2.207162165916813,True,1.0
apparent_subcooling_excess_c,cw,ncg_blanketed,0.5,3.0,25.0,-0.2574705258590737,0.30038798140070777,2.3107721588039065,3.0249854912618055,2.010384177403199,True,1.0
apparent_subcooling_excess_c,cw,ncg_blanketed,0.5,4.0,26.0,-0.17274570578263693,0.23025515270863228,2.4462716704056455,2.909243727307844,2.216016517697013,True,1.0
apparent_subcooling_excess_c,cw,ncg_blanketed,0.5,5.0,27.0,-0.13562827300736258,0.40084066631507764,2.3437227379022874,2.831135335794394,1.9428820715872097,True,1.0
apparent_subcooling_excess_c,cw,ncg_blanketed,0.5,6.0,28.0,-0.2331094889835088,0.196784242352263,2.377872830241104,2.7770806407843214,2.1810885878888406,True,1.0
apparent_subcooling_excess_c,cw,ncg_blanketed,0.5,7.0,29.0,-0.228771632220248,0.2799913985279414,2.3223946594739053,2.7504935893912794,2.0424032609459637,True,1.0
apparent_subcooling_excess_c,cw,ncg_blanketed,0.5,8.0,30.0,-0.24220538483070286,0.24107580367809267,2.3021916378424674,2.8050238821497864,2.061115834164375,True,1.0
apparent_subcooling_excess_c,cw,ncg_blanketed,0.5,9.0,31.0,-0.2255149128081908,0.1425743930123109,2.2563656057042487,2.7391448857448015,2.113791212691938,True,1.0
apparent_subcooling_excess_c,cw,ncg_blanketed,0.5,10.0,32.0,-0.2839928880163751,0.2960153527461469,2.431360429659869,2.697252094385096,2.1353450769137226,True,1.0
apparent_subcooling_excess_c,cw,ncg_blanketed,1.0,0.0,22.0,-0.28199634714081045,0.333114340979485,2.2746916756498634,2.6168307213325317,1.9415773346703784,True,1.0
apparent_subcooling_excess_c,cw,ncg_blanketed,1.0,1.0,23.0,-0.2139939723153652,0.16637782138567525,2.299061017060033,2.7989150325344374,2.1326831956743577,True,1.0
apparent_subcooling_excess_c,cw,ncg_blanketed,1.0,2.0,24.0,-0.16627479364021447,0.23471088514669503,2.2619274243066516,2.6934679687518956,2.027216539159957,True,1.0
apparent_subcooling_excess_c,cw,ncg_blanketed,1.0,3.0,25.0,-0.2574705258590737,0.30038798140070777,2.3087462607069997,2.6936999099015475,2.008358279306292,True,1.0
apparent_subcooling_excess_c,cw,ncg_blanketed,1.0,4.0,26.0,-0.17274570578263693,0.23025515270863228,2.4057665659361693,2.827559544463715,2.175511413227537,True,1.0
apparent_subcooling_excess_c,cw,ncg_blanketed,1.0,5.0,27.0,-0.13562827300736258,0.40084066631507764,2.2254072173567923,2.8498543081727874,1.8245665510417146,True,1.0
apparent_subcooling_excess_c,cw,ncg_blanketed,1.0,6.0,28.0,-0.2331094889835088,0.196784242352263,2.4315083527912726,2.7526770944043495,2.23472411043901,True,1.0
apparent_subcooling_excess_c,cw,ncg_blanketed,1.0,7.0,29.0,-0.228771632220248,0.2799913985279414,2.4000738658824012,2.906337199640796,2.12008246735446,True,1.0
apparent_subcooling_excess_c,cw,ncg_blanketed,1.0,8.0,30.0,-0.24220538483070286,0.24107580367809267,2.4154802088819993,2.761398434057811,2.174404405203907,True,1.0
apparent_subcooling_excess_c,cw,ncg_blanketed,1.0,9.0,31.0,-0.2255149128081908,0.1425743930123109,2.3134004385758336,2.758871126480936,2.1708260455635227,True,1.0
apparent_subcooling_excess_c,cw,ncg_blanketed,1.0,10.0,32.0,-0.2839928880163751,0.2960153527461469,2.3525108943577053,2.8360190361717192,2.0564955416115582,True,1.0
apparent_subcooling_excess_c,cw,ncg_blanketed,1.5,0.0,22.0,-0.28199634714081045,0.333114340979485,1.944330111464454,2.4718661094788263,1.611215770484969,True,1.0
apparent_subcooling_excess_c,cw,ncg_blanketed,1.5,1.0,23.0,-0.2139939723153652,0.16637782138567525,2.106256722248353,2.577960700684401,1.9398789008626776,True,1.0
apparent_subcooling_excess_c,cw,ncg_blanketed,1.5,2.0,24.0,-0.16627479364021447,0.23471088514669503,2.154588915237387,2.575131034230017,1.9198780300906921,True,1.0
apparent_subcooling_excess_c,cw,ncg_blanketed,1.5,3.0,25.0,-0.2574705258590737,0.30038798140070777,2.186106298652,2.657212814737049,1.8857183172512924,True,1.0
apparent_subcooling_excess_c,cw,ncg_blanketed,1.5,4.0,26.0,-0.17274570578263693,0.23025515270863228,2.3885232135380603,2.722352774436379,2.1582680608294282,True,1.0
apparent_subcooling_excess_c,cw,ncg_blanketed,1.5,5.0,27.0,-0.13562827300736258,0.40084066631507764,2.322502116179999,2.8681339596737265,1.9216614498649214,True,1.0
apparent_subcooling_excess_c,cw,ncg_blanketed,1.5,6.0,28.0,-0.2331094889835088,0.196784242352263,2.372643130619704,2.729439089796217,2.175858888267441,True,1.0
apparent_subcooling_excess_c,cw,ncg_blanketed,1.5,7.0,29.0,-0.228771632220248,0.2799913985279414,2.4085670033433257,2.839509283852923,2.128575604815384,True,1.0
apparent_subcooling_excess_c,cw,ncg_blanketed,1.5,8.0,30.0,-0.24220538483070286,0.24107580367809267,2.4916322878371417,2.957741814595818,2.2505564841590493,True,1.0
apparent_subcooling_excess_c,cw,ncg_blanketed,1.5,9.0,31.0,-0.2255149128081908,0.1425743930123109,2.4572223730444653,2.973971397308037,2.3146479800321544,True,1.0
apparent_subcooling_excess_c,cw,ncg_blanketed,1.5,10.0,32.0,-0.2839928880163751,0.2960153527461469,2.596646530305255,3.0285473294815546,2.300631177559108,True,1.0
apparent_subcooling_excess_c,cw,ncg_blanketed,2.0,0.0,22.0,-0.28199634714081045,0.333114340979485,1.8030718123985894,2.2801009339752403,1.4699574714191044,True,1.0
apparent_subcooling_excess_c,cw,ncg_blanketed,2.0,1.0,23.0,-0.2139939723153652,0.16637782138567525,1.756877186067212,2.343364701928693,1.5904993646815369,True,1.0
apparent_subcooling_excess_c,cw,ncg_blanketed,2.0,2.0,24.0,-0.16627479364021447,0.23471088514669503,1.9896641628305012,2.397048965646457,1.7549532776838062,True,1.0
apparent_subcooling_excess_c,cw,ncg_blanketed,2.0,3.0,25.0,-0.2574705258590737,0.30038798140070777,1.989854640873554,2.6451562318125754,1.6894666594728462,True,1.0
apparent_subcooling_excess_c,cw,ncg_blanketed,2.0,4.0,26.0,-0.17274570578263693,0.23025515270863228,2.242913460746095,2.5644320659953443,2.012658308037463,True,1.0
apparent_subcooling_excess_c,cw,ncg_blanketed,2.0,5.0,27.0,-0.13562827300736258,0.40084066631507764,2.287705623088457,2.7011498237985627,1.8868649567733795,True,1.0
apparent_subcooling_excess_c,cw,ncg_blanketed,2.0,6.0,28.0,-0.2331094889835088,0.196784242352263,2.3831932640312172,2.7295660017954315,2.186409021678954,True,1.0
apparent_subcooling_excess_c,cw,ncg_blanketed,2.0,7.0,29.0,-0.228771632220248,0.2799913985279414,2.423132083165584,2.9267538153811943,2.1431406846376424,True,1.0
apparent_subcooling_excess_c,cw,ncg_blanketed,2.0,8.0,30.0,-0.24220538483070286,0.24107580367809267,2.513485833675766,3.013407829635635,2.2724100299976735,True,1.0
apparent_subcooling_excess_c,cw,ncg_blanketed,2.0,9.0,31.0,-0.2255149128081908,0.1425743930123109,2.6755316492151064,3.0110261410076165,2.5329572562027955,True,1.0
apparent_subcooling_excess_c,cw,ncg_blanketed,2.0,10.0,32.0,-0.2839928880163751,0.2960153527461469,2.745446164540875,3.327515435534824,2.449430811794728,True,1.0
apparent_subcooling_excess_c,cw,ncg_blanketed,2.5,0.0,22.0,-0.28199634714081045,0.333114340979485,1.6386138396929475,2.116612034710095,1.3054994987134625,True,1.0
apparent_subcooling_excess_c,cw,ncg_blanketed,2.5,1.0,23.0,-0.2139939723153652,0.16637782138567525,1.7729560240125246,2.277559734017486,1.6065782026268494,True,1.0
apparent_subcooling_excess_c,cw,ncg_blanketed,2.5,2.0,24.0,-0.16627479364021447,0.23471088514669503,1.8556696279929827,2.360483337353827,1.6209587428462877,True,1.0
apparent_subcooling_excess_c,cw,ncg_blanketed,2.5,3.0,25.0,-0.2574705258590737,0.30038798140070777,1.9337098110718434,2.4378408184254097,1.6333218296711356,True,1.0
apparent_subcooling_excess_c,cw,ncg_blanketed,2.5,4.0,26.0,-0.17274570578263693,0.23025515270863228,2.1759623070891894,2.5664265099179495,1.945707154380557,True,1.0
apparent_subcooling_excess_c,cw,ncg_blanketed,2.5,5.0,27.0,-0.13562827300736258,0.40084066631507764,2.1915532549574683,2.720818385523404,1.7907125886423907,True,1.0
apparent_subcooling_excess_c,cw,ncg_blanketed,2.5,6.0,28.0,-0.2331094889835088,0.196784242352263,2.426315132606868,2.6981170509392447,2.2295308902546047,True,1.0
apparent_subcooling_excess_c,cw,ncg_blanketed,2.5,7.0,29.0,-0.228771632220248,0.2799913985279414,2.5041811507840293,2.9085990262352244,2.2241897522560876,True,1.0
apparent_subcooling_excess_c,cw,ncg_blanketed,2.5,8.0,30.0,-0.24220538483070286,0.24107580367809267,2.678758523025482,3.107649523829499,2.4376827193473893,True,1.0
apparent_subcooling_excess_c,cw,ncg_blanketed,2.5,9.0,31.0,-0.2255149128081908,0.1425743930123109,2.7418665955598036,3.124488459299122,2.5992922025474927,True,1.0
apparent_subcooling_excess_c,cw,ncg_blanketed,2.5,10.0,32.0,-0.2839928880163751,0.2960153527461469,2.849931977825794,3.334364493343946,2.553916625079647,True,1.0
apparent_subcooling_excess_c,cw,ncg_blanketed,3.0,0.0,22.0,-0.28199634714081045,0.333114340979485,1.462386503532346,1.9667652248168275,1.129272162552861,True,1.0
apparent_subcooling_excess_c,cw,ncg_blanketed,3.0,1.0,23.0,-0.2139939723153652,0.16637782138567525,1.536947087117304,2.083414820058512,1.3705692657316288,True,1.0
apparent_subcooling_excess_c,cw,ncg_blanketed,3.0,2.0,24.0,-0.16627479364021447,0.23471088514669503,1.6821240425787556,2.1593127679042246,1.4474131574320606,True,1.0
apparent_subcooling_excess_c,cw,ncg_blanketed,3.0,3.0,25.0,-0.2574705258590737,0.30038798140070777,1.9000428692326903,2.3962306799161137,1.5996548878319825,True,1.0
apparent_subcooling_excess_c,cw,ncg_blanketed,3.0,4.0,26.0,-0.17274570578263693,0.23025515270863228,2.0432286288694783,2.6031345961275028,1.812973476160846,True,1.0
apparent_subcooling_excess_c,cw,ncg_blanketed,3.0,5.0,27.0,-0.13562827300736258,0.40084066631507764,2.2080809595828996,2.7069305019785492,1.807240293267822,True,1.0
apparent_subcooling_excess_c,cw,ncg_blanketed,3.0,6.0,28.0,-0.2331094889835088,0.196784242352263,2.293670331961446,2.8423602643960706,2.0968860896091828,True,1.0
apparent_subcooling_excess_c,cw,ncg_blanketed,3.0,7.0,29.0,-0.228771632220248,0.2799913985279414,2.5492602902162234,3.0209429573973265,2.2692688916882817,True,1.0
apparent_subcooling_excess_c,cw,ncg_blanketed,3.0,8.0,30.0,-0.24220538483070286,0.24107580367809267,2.760243542103063,3.2237776955509743,2.5191677384249704,True,1.0
apparent_subcooling_excess_c,cw,ncg_blanketed,3.0,9.0,31.0,-0.2255149128081908,0.1425743930123109,2.817279892660075,3.3164161411957025,2.674705499647764,True,1.0
apparent_subcooling_excess_c,cw,ncg_blanketed,3.0,10.0,32.0,-0.2839928880163751,0.2960153527461469,2.9490545610384795,3.4522543957526257,2.6530392082923324,True,1.0
apparent_subcooling_excess_c,cw,ncg_blanketed,3.5,0.0,22.0,-0.28199634714081045,0.333114340979485,1.2868140808220279,1.9183640630613603,0.9536997398425429,True,1.0
apparent_subcooling_excess_c,cw,ncg_blanketed,3.5,1.0,23.0,-0.2139939723153652,0.16637782138567525,1.5007726656996976,1.9570681569328536,1.3343948443140223,True,1.0
apparent_subcooling_excess_c,cw,ncg_blanketed,3.5,2.0,24.0,-0.16627479364021447,0.23471088514669503,1.7101936117653613,1.991481975743633,1.4754827266186663,True,1.0
apparent_subcooling_excess_c,cw,ncg_blanketed,3.5,3.0,25.0,-0.2574705258590737,0.30038798140070777,1.8225878667720048,2.3031571879805313,1.522199885371297,True,1.0
apparent_subcooling_excess_c,cw,ncg_blanketed,3.5,4.0,26.0,-0.17274570578263693,0.23025515270863228,2.0664657378898963,2.456340501456647,1.836210585181264,True,1.0
apparent_subcooling_excess_c,cw,ncg_blanketed,3.5,5.0,27.0,-0.13562827300736258,0.40084066631507764,2.197904202939771,2.6061804978419243,1.7970635366246934,True,1.0
apparent_subcooling_excess_c,cw,ncg_blanketed,3.5,6.0,28.0,-0.2331094889835088,0.196784242352263,2.22073058826513,2.814608089890106,2.023946345912867,True,1.0
apparent_subcooling_excess_c,cw,ncg_blanketed,3.5,7.0,29.0,-0.228771632220248,0.2799913985279414,2.5323471477619686,3.1044425812055305,2.2523557492340274,True,1.0
apparent_subcooling_excess_c,cw,ncg_blanketed,3.5,8.0,30.0,-0.24220538483070286,0.24107580367809267,2.8962153335225174,3.241023600881462,2.6551395298444245,True,1.0
apparent_subcooling_excess_c,cw,ncg_blanketed,3.5,9.0,31.0,-0.2255149128081908,0.1425743930123109,2.9800897561059085,3.4347097350504514,2.8375153630935976,True,1.0
apparent_subcooling_excess_c,cw,ncg_blanketed,3.5,10.0,32.0,-0.2839928880163751,0.2960153527461469,3.3364358020882294,3.700785692688415,3.0404204493420828,True,1.0
apparent_subcooling_excess_c,cw,ncg_blanketed,4.0,0.0,22.0,-0.28199634714081045,0.333114340979485,1.123736727625361,1.581977719366313,0.7906223866458759,True,1.0
apparent_subcooling_excess_c,cw,ncg_blanketed,4.0,1.0,23.0,-0.2139939723153652,0.16637782138567525,1.3429426984249901,1.9779659087056392,1.176564877039315,True,1.0
apparent_subcooling_excess_c,cw,ncg_blanketed,4.0,2.0,24.0,-0.16627479364021447,0.23471088514669503,1.4322764636265006,1.9891699430030838,1.1975655784798056,True,1.0
apparent_subcooling_excess_c,cw,ncg_blanketed,4.0,3.0,25.0,-0.2574705258590737,0.30038798140070777,1.6961867168306428,2.216836836634628,1.395798735429935,True,1.0
apparent_subcooling_excess_c,cw,ncg_blanketed,4.0,4.0,26.0,-0.17274570578263693,0.23025515270863228,1.9080533036515872,2.320567851128456,1.677798150942955,True,1.0
apparent_subcooling_excess_c,cw,ncg_blanketed,4.0,5.0,27.0,-0.13562827300736258,0.40084066631507764,2.1633019514538083,2.5960773385816367,1.7624612851387307,True,1.0
apparent_subcooling_excess_c,cw,ncg_blanketed,4.0,6.0,28.0,-0.2331094889835088,0.196784242352263,2.306017716354507,2.8039148597523758,2.1092334740022443,True,1.0
apparent_subcooling_excess_c,cw,ncg_blanketed,4.0,7.0,29.0,-0.228771632220248,0.2799913985279414,2.5783092702363724,3.0774656373215903,2.2983178717084307,True,1.0
apparent_subcooling_excess_c,cw,ncg_blanketed,4.0,8.0,30.0,-0.24220538483070286,0.24107580367809267,2.9071281320328874,3.3558137054958923,2.6660523283547946,True,1.0
apparent_subcooling_excess_c,cw,ncg_blanketed,4.0,9.0,31.0,-0.2255149128081908,0.1425743930123109,3.2262674978168753,3.527781537226846,3.0836931048045644,True,1.0
apparent_subcooling_excess_c,cw,ncg_blanketed,4.0,10.0,32.0,-0.2839928880163751,0.2960153527461469,3.4684278261220407,3.933447344080861,3.1724124733758936,True,1.0
apparent_subcooling_excess_c,cw,ncg_blanketed,4.5,0.0,22.0,-0.28199634714081045,0.333114340979485,1.1359129173902986,1.5253928948797464,0.8027985764108136,True,1.0
apparent_subcooling_excess_c,cw,ncg_blanketed,4.5,1.0,23.0,-0.2139939723153652,0.16637782138567525,1.3176357967840926,1.6746993734604363,1.1512579753984173,True,1.0
apparent_subcooling_excess_c,cw,ncg_blanketed,4.5,2.0,24.0,-0.16627479364021447,0.23471088514669503,1.411070189466713,1.9295229711612827,1.176359304320018,True,1.0
apparent_subcooling_excess_c,cw,ncg_blanketed,4.5,3.0,25.0,-0.2574705258590737,0.30038798140070777,1.5254072601016953,2.2211824713208284,1.2250192787009875,True,1.0
apparent_subcooling_excess_c,cw,ncg_blanketed,4.5,4.0,26.0,-0.17274570578263693,0.23025515270863228,1.9022608369656722,2.3204422880090885,1.6720056842570399,True,1.0
apparent_subcooling_excess_c,cw,ncg_blanketed,4.5,5.0,27.0,-0.13562827300736258,0.40084066631507764,2.1825027500179854,2.5827711232011366,1.7816620837029078,True,1.0
apparent_subcooling_excess_c,cw,ncg_blanketed,4.5,6.0,28.0,-0.2331094889835088,0.196784242352263,2.3595167767150813,2.8208137116545737,2.162732534362818,True,1.0
apparent_subcooling_excess_c,cw,ncg_blanketed,4.5,7.0,29.0,-0.228771632220248,0.2799913985279414,2.6835009308678752,3.1497216789615496,2.4035095323399336,True,1.0
apparent_subcooling_excess_c,cw,ncg_blanketed,4.5,8.0,30.0,-0.24220538483070286,0.24107580367809267,3.0123623035650735,3.4675680204688835,2.7712864998869806,True,1.0
apparent_subcooling_excess_c,cw,ncg_blanketed,4.5,9.0,31.0,-0.2255149128081908,0.1425743930123109,3.245915868323724,3.830578972686215,3.1033414753114132,True,1.0
apparent_subcooling_excess_c,cw,ncg_blanketed,4.5,10.0,32.0,-0.2839928880163751,0.2960153527461469,3.659569854786023,4.177926661689167,3.363554502039876,True,1.0
apparent_subcooling_excess_c,cw,ncg_blanketed,5.0,0.0,22.0,-0.28199634714081045,0.333114340979485,0.9223733249821047,1.4910864216789073,0.5892589840026197,True,1.0
apparent_subcooling_excess_c,cw,ncg_blanketed,5.0,1.0,23.0,-0.2139939723153652,0.16637782138567525,1.0656435556232355,1.7394006916270557,0.8992657342375603,True,1.0
apparent_subcooling_excess_c,cw,ncg_blanketed,5.0,2.0,24.0,-0.16627479364021447,0.23471088514669503,1.3129534229562658,1.7341439360320228,1.0782425378095708,True,1.0
apparent_subcooling_excess_c,cw,ncg_blanketed,5.0,3.0,25.0,-0.2574705258590737,0.30038798140070777,1.4053217888720408,2.171166584341986,1.104933807471333,True,1.0
apparent_subcooling_excess_c,cw,ncg_blanketed,5.0,4.0,26.0,-0.17274570578263693,0.23025515270863228,1.8911078171174838,2.350135400572011,1.6608526644088515,True,1.0
apparent_subcooling_excess_c,cw,ncg_blanketed,5.0,5.0,27.0,-0.13562827300736258,0.40084066631507764,2.1421677404236408,2.549172122134287,1.7413270741085631,True,1.0
apparent_subcooling_excess_c,cw,ncg_blanketed,5.0,6.0,28.0,-0.2331094889835088,0.196784242352263,2.414412865104508,2.738674294514704,2.217628622752245,True,1.0
apparent_subcooling_excess_c,cw,ncg_blanketed,5.0,7.0,29.0,-0.228771632220248,0.2799913985279414,2.541019390653673,3.0774461404190294,2.2610279921257312,True,1.0
apparent_subcooling_excess_c,cw,ncg_blanketed,5.0,8.0,30.0,-0.24220538483070286,0.24107580367809267,3.083734730324439,3.4934905256063864,2.8426589266463465,True,1.0
apparent_subcooling_excess_c,cw,ncg_blanketed,5.0,9.0,31.0,-0.2255149128081908,0.1425743930123109,3.5105745526648016,3.8863979825567547,3.3680001596524907,True,1.0
apparent_subcooling_excess_c,cw,ncg_blanketed,5.0,10.0,32.0,-0.2839928880163751,0.2960153527461469,3.86705633786085,4.347654137639412,3.5710409851147027,True,1.0
apparent_subcooling_excess_c,cw,ncg_blanketed,5.5,0.0,22.0,-0.28199634714081045,0.333114340979485,0.7347657898156346,1.3371782287888414,0.40165144883614956,True,1.0
apparent_subcooling_excess_c,cw,ncg_blanketed,5.5,1.0,23.0,-0.2139939723153652,0.16637782138567525,1.090084229608832,1.6214435312803712,0.9237064082231567,True,1.0
apparent_subcooling_excess_c,cw,ncg_blanketed,5.5,2.0,24.0,-0.16627479364021447,0.23471088514669503,1.3374526608219992,1.672140280904381,1.1027417756753042,True,1.0
apparent_subcooling_excess_c,cw,ncg_blanketed,5.5,3.0,25.0,-0.2574705258590737,0.30038798140070777,1.5109999214443688,1.9867638341941383,1.210611940043661,True,1.0
apparent_subcooling_excess_c,cw,ncg_blanketed,5.5,4.0,26.0,-0.17274570578263693,0.23025515270863228,1.799668548248916,2.193855862826804,1.5694133955402838,True,1.0
apparent_subcooling_excess_c,cw,ncg_blanketed,5.5,5.0,27.0,-0.13562827300736258,0.40084066631507764,2.0381712463745862,2.5704437300901724,1.6373305800595086,True,1.0
apparent_subcooling_excess_c,cw,ncg_blanketed,5.5,6.0,28.0,-0.2331094889835088,0.196784242352263,2.3490550894188993,2.9063907217499434,2.152270847066636,True,1.0
apparent_subcooling_excess_c,cw,ncg_blanketed,5.5,7.0,29.0,-0.228771632220248,0.2799913985279414,2.6027202867737294,3.156147474436928,2.3227288882457877,True,1.0
apparent_subcooling_excess_c,cw,ncg_blanketed,5.5,8.0,30.0,-0.24220538483070286,0.24107580367809267,3.1141377739820686,3.7055655063520376,2.8730619703039757,True,1.0
apparent_subcooling_excess_c,cw,ncg_blanketed,5.5,9.0,31.0,-0.2255149128081908,0.1425743930123109,3.565610722446577,4.132114518600259,3.4230363294342663,True,1.0
apparent_subcooling_excess_c,cw,ncg_blanketed,5.5,10.0,32.0,-0.2839928880163751,0.2960153527461469,4.131540829042857,4.6320593426620915,3.83552547629671,True,1.0
apparent_subcooling_excess_c,cw,ncg_blanketed,6.0,0.0,22.0,-0.28199634714081045,0.333114340979485,0.7633479013738942,1.2918484791195541,0.4302335603944092,True,1.0
apparent_subcooling_excess_c,cw,ncg_blanketed,6.0,1.0,23.0,-0.2139939723153652,0.16637782138567525,1.0244763285633622,1.4869053449051604,0.858098507177687,True,1.0
apparent_subcooling_excess_c,cw,ncg_blanketed,6.0,2.0,24.0,-0.16627479364021447,0.23471088514669503,1.0910142806849246,1.6149300530527648,0.8563033955382295,True,1.0
apparent_subcooling_excess_c,cw,ncg_blanketed,6.0,3.0,25.0,-0.2574705258590737,0.30038798140070777,1.3773985080368343,1.9899444851470156,1.0770105266361265,True,1.0
apparent_subcooling_excess_c,cw,ncg_blanketed,6.0,4.0,26.0,-0.17274570578263693,0.23025515270863228,1.72006796512973,2.129458645228274,1.4898128124210976,True,1.0
apparent_subcooling_excess_c,cw,ncg_blanketed,6.0,5.0,27.0,-0.13562827300736258,0.40084066631507764,2.0033274453178405,2.4036378134537486,1.6024867790027628,True,1.0
apparent_subcooling_excess_c,cw,ncg_blanketed,6.0,6.0,28.0,-0.2331094889835088,0.196784242352263,2.4494946668933424,2.8286643475875213,2.252710424541079,True,1.0
apparent_subcooling_excess_c,cw,ncg_blanketed,6.0,7.0,29.0,-0.228771632220248,0.2799913985279414,2.732192353104901,3.2469703874273135,2.452200954576959,True,1.0
apparent_subcooling_excess_c,cw,ncg_blanketed,6.0,8.0,30.0,-0.24220538483070286,0.24107580367809267,3.26316771570216,3.726147705136457,3.0220919120240675,True,1.0
apparent_subcooling_excess_c,cw,ncg_blanketed,6.0,9.0,31.0,-0.2255149128081908,0.1425743930123109,3.8537473169977674,4.147454081233914,3.7111729239854565,True,1.0
apparent_subcooling_excess_c,cw,ncg_blanketed,6.0,10.0,32.0,-0.2839928880163751,0.2960153527461469,4.41848556372681,4.93358683128789,4.122470210980663,True,1.0
apparent_subcooling_excess_c,cw,ncg_blanketed,6.5,0.0,22.0,-0.28199634714081045,0.333114340979485,0.7304940261555495,1.0815349382014992,0.3973796851760645,True,1.0
apparent_subcooling_excess_c,cw,ncg_blanketed,6.5,1.0,23.0,-0.2139939723153652,0.16637782138567525,0.8802697093700842,1.4326147889735152,0.713891887984409,True,1.0
apparent_subcooling_excess_c,cw,ncg_blanketed,6.5,2.0,24.0,-0.16627479364021447,0.23471088514669503,1.0998852113993935,1.554703608382656,0.8651743262526985,True,1.0
apparent_subcooling_excess_c,cw,ncg_blanketed,6.5,3.0,25.0,-0.2574705258590737,0.30038798140070777,1.3539647656622478,1.8065478561500177,1.05357678426154,True,1.0
apparent_subcooling_excess_c,cw,ncg_blanketed,6.5,4.0,26.0,-0.17274570578263693,0.23025515270863228,1.7793095178341218,2.154747018530901,1.5490543651254896,True,1.0
apparent_subcooling_excess_c,cw,ncg_blanketed,6.5,5.0,27.0,-0.13562827300736258,0.40084066631507764,1.8084724588903884,2.4045609364088385,1.4076317925753108,True,1.0
apparent_subcooling_excess_c,cw,ncg_blanketed,6.5,6.0,28.0,-0.2331094889835088,0.196784242352263,2.415830320606145,2.8434271307509853,2.219046078253882,True,1.0
apparent_subcooling_excess_c,cw,ncg_blanketed,6.5,7.0,29.0,-0.228771632220248,0.2799913985279414,2.729086550603219,3.375017625457648,2.4490951520752775,True,1.0
apparent_subcooling_excess_c,cw,ncg_blanketed,6.5,8.0,30.0,-0.24220538483070286,0.24107580367809267,3.399255829030797,3.8428847945647755,3.1581800253527046,True,1.0
apparent_subcooling_excess_c,cw,ncg_blanketed,6.5,9.0,31.0,-0.2255149128081908,0.1425743930123109,3.978299632020003,4.327975367449736,3.835725239007692,True,1.0
apparent_subcooling_excess_c,cw,ncg_blanketed,6.5,10.0,32.0,-0.2839928880163751,0.2960153527461469,4.815002584730941,5.159997807447363,4.518987231984794,True,1.0
apparent_subcooling_excess_c,cw,ncg_blanketed,7.0,0.0,22.0,-0.28199634714081045,0.333114340979485,0.5921883681598477,1.078091132566215,0.25907402718036265,True,1.0
apparent_subcooling_excess_c,cw,ncg_blanketed,7.0,1.0,23.0,-0.2139939723153652,0.16637782138567525,0.808188939077481,1.2516630798236787,0.6418111176918058,True,1.0
apparent_subcooling_excess_c,cw,ncg_blanketed,7.0,2.0,24.0,-0.16627479364021447,0.23471088514669503,1.0312474507320415,1.455808811755998,0.7965365655853465,True,1.0
apparent_subcooling_excess_c,cw,ncg_blanketed,7.0,3.0,25.0,-0.2574705258590737,0.30038798140070777,1.3193709221273302,1.6959077511634655,1.0189829407266224,True,1.0
apparent_subcooling_excess_c,cw,ncg_blanketed,7.0,4.0,26.0,-0.17274570578263693,0.23025515270863228,1.683577885501431,2.1180347289250596,1.4533227327927987,True,1.0
apparent_subcooling_excess_c,cw,ncg_blanketed,7.0,5.0,27.0,-0.13562827300736258,0.40084066631507764,1.9547467930711115,2.341579750132033,1.553906126756034,True,1.0
apparent_subcooling_excess_c,cw,ncg_blanketed,7.0,6.0,28.0,-0.2331094889835088,0.196784242352263,2.3724609928392937,2.7871872692900057,2.175676750487031,True,1.0
apparent_subcooling_excess_c,cw,ncg_blanketed,7.0,7.0,29.0,-0.228771632220248,0.2799913985279414,2.78320087705082,3.2708915845989273,2.5032094785228782,True,1.0
apparent_subcooling_excess_c,cw,ncg_blanketed,7.0,8.0,30.0,-0.24220538483070286,0.24107580367809267,3.4786232936709327,4.0676579776014705,3.2375474899928403,True,1.0
apparent_subcooling_excess_c,cw,ncg_blanketed,7.0,9.0,31.0,-0.2255149128081908,0.1425743930123109,4.1450686641473595,4.569177341162839,4.002494271135049,True,1.0
apparent_subcooling_excess_c,cw,ncg_blanketed,7.0,10.0,32.0,-0.2839928880163751,0.2960153527461469,4.930182066049765,5.430450745549133,4.634166713303618,True,1.0
apparent_subcooling_excess_c,cw,ncg_blanketed,7.5,0.0,22.0,-0.28199634714081045,0.333114340979485,0.5014052343131112,1.0357887648688464,0.16829089333362623,True,1.0
apparent_subcooling_excess_c,cw,ncg_blanketed,7.5,1.0,23.0,-0.2139939723153652,0.16637782138567525,0.7484721864789203,1.1277358335620133,0.5820943650932451,True,1.0
apparent_subcooling_excess_c,cw,ncg_blanketed,7.5,2.0,24.0,-0.16627479364021447,0.23471088514669503,0.9480818016974331,1.354039900788117,0.713370916550738,True,1.0
apparent_subcooling_excess_c,cw,ncg_blanketed,7.5,3.0,25.0,-0.2574705258590737,0.30038798140070777,1.1666255352615402,1.6132057286234398,0.8662375538608325,True,1.0
apparent_subcooling_excess_c,cw,ncg_blanketed,7.5,4.0,26.0,-0.17274570578263693,0.23025515270863228,1.5560231845651744,2.0039311529882204,1.3257680318565421,True,1.0
apparent_subcooling_excess_c,cw,ncg_blanketed,7.5,5.0,27.0,-0.13562827300736258,0.40084066631507764,1.820958340496797,2.309333468890056,1.4201176741817194,True,1.0
apparent_subcooling_excess_c,cw,ncg_blanketed,7.5,6.0,28.0,-0.2331094889835088,0.196784242352263,2.3935775738319722,2.8629742919368635,2.196793331479709,True,1.0
apparent_subcooling_excess_c,cw,ncg_blanketed,7.5,7.0,29.0,-0.228771632220248,0.2799913985279414,2.951850888965594,3.33386330898861,2.6718594904376527,True,1.0
apparent_subcooling_excess_c,cw,ncg_blanketed,7.5,8.0,30.0,-0.24220538483070286,0.24107580367809267,3.409605215530094,4.075819630597651,3.1685294118520018,True,1.0
apparent_subcooling_excess_c,cw,ncg_blanketed,7.5,9.0,31.0,-0.2255149128081908,0.1425743930123109,4.334918556827255,4.754775333256289,4.192344163814944,True,1.0
apparent_subcooling_excess_c,cw,ncg_blanketed,7.5,10.0,32.0,-0.2839928880163751,0.2960153527461469,5.349707240854853,5.840565554637445,5.053691888108706,True,1.0
apparent_subcooling_excess_c,cw,ncg_blanketed,8.0,0.0,22.0,-0.28199634714081045,0.333114340979485,0.48459364197936505,1.0207556565027043,0.15147930099988005,True,1.0
apparent_subcooling_excess_c,cw,ncg_blanketed,8.0,1.0,23.0,-0.2139939723153652,0.16637782138567525,0.6496041327689364,1.0867036679089848,0.4832263113832611,True,1.0
apparent_subcooling_excess_c,cw,ncg_blanketed,8.0,2.0,24.0,-0.16627479364021447,0.23471088514669503,0.7729792065232077,1.3025025381349946,0.5382683213765127,True,1.0
apparent_subcooling_excess_c,cw,ncg_blanketed,8.0,3.0,25.0,-0.2574705258590737,0.30038798140070777,1.1424648023549242,1.6137265310820819,0.8420768209542164,True,1.0
apparent_subcooling_excess_c,cw,ncg_blanketed,8.0,4.0,26.0,-0.17274570578263693,0.23025515270863228,1.4042038071512999,1.921481293745901,1.1739486544426676,True,1.0
apparent_subcooling_excess_c,cw,ncg_blanketed,8.0,5.0,27.0,-0.13562827300736258,0.40084066631507764,1.9298810492951675,2.400932295715533,1.5290403829800898,True,1.0
apparent_subcooling_excess_c,cw,ncg_blanketed,8.0,6.0,28.0,-0.2331094889835088,0.196784242352263,2.383875975357132,2.7634671916307116,2.187091733004869,True,1.0
apparent_subcooling_excess_c,cw,ncg_blanketed,8.0,7.0,29.0,-0.228771632220248,0.2799913985279414,2.945444113718401,3.382984831064496,2.66545271519046,True,1.0
apparent_subcooling_excess_c,cw,ncg_blanketed,8.0,8.0,30.0,-0.24220538483070286,0.24107580367809267,3.6877221966041764,4.171066583189902,3.446646392926084,True,1.0
apparent_subcooling_excess_c,cw,ncg_blanketed,8.0,9.0,31.0,-0.2255149128081908,0.1425743930123109,4.457879548455875,5.037961173684144,4.315305155443564,True,1.0
apparent_subcooling_excess_c,cw,ncg_blanketed,8.0,10.0,32.0,-0.2839928880163751,0.2960153527461469,5.639647325399267,6.091694107781484,5.34363197265312,True,1.0
apparent_subcooling_excess_c,cw,ncg_blanketed,8.5,0.0,22.0,-0.28199634714081045,0.333114340979485,0.42856487536249555,0.9811610076816726,0.09545053438301054,True,1.0
apparent_subcooling_excess_c,cw,ncg_blanketed,8.5,1.0,23.0,-0.2139939723153652,0.16637782138567525,0.5740232786952872,1.104296423709649,0.407645457309612,True,1.0
apparent_subcooling_excess_c,cw,ncg_blanketed,8.5,2.0,24.0,-0.16627479364021447,0.23471088514669503,0.8235793440943806,1.2548525431280237,0.5888684589476856,True,1.0
apparent_subcooling_excess_c,cw,ncg_blanketed,8.5,3.0,25.0,-0.2574705258590737,0.30038798140070777,1.0881080484308074,1.624952252682742,0.7877200670300997,True,1.0
apparent_subcooling_excess_c,cw,ncg_blanketed,8.5,4.0,26.0,-0.17274570578263693,0.23025515270863228,1.5318247215677234,1.9266073509758346,1.3015695688590911,True,1.0
apparent_subcooling_excess_c,cw,ncg_blanketed,8.5,5.0,27.0,-0.13562827300736258,0.40084066631507764,1.80372483177812,2.2314399267133727,1.4028841654630424,True,1.0
apparent_subcooling_excess_c,cw,ncg_blanketed,8.5,6.0,28.0,-0.2331094889835088,0.196784242352263,2.254406528644696,2.924940545722893,2.0576222862924327,True,1.0
apparent_subcooling_excess_c,cw,ncg_blanketed,8.5,7.0,29.0,-0.228771632220248,0.2799913985279414,3.0642804943651454,3.4285722064904594,2.784289095837204,True,1.0
apparent_subcooling_excess_c,cw,ncg_blanketed,8.5,8.0,30.0,-0.24220538483070286,0.24107580367809267,3.8676124766688984,4.327162650230926,3.626536672990806,True,1.0
apparent_subcooling_excess_c,cw,ncg_blanketed,8.5,9.0,31.0,-0.2255149128081908,0.1425743930123109,4.649702671164832,5.204527133354798,4.507128278152521,True,1.0
apparent_subcooling_excess_c,cw,ncg_blanketed,8.5,10.0,32.0,-0.2839928880163751,0.2960153527461469,5.9737196873601395,6.59234664157112,5.677704334613993,True,1.0
apparent_subcooling_excess_c,cw,ncg_blanketed,9.0,0.0,22.0,-0.28199634714081045,0.333114340979485,0.3055225964975996,0.8434502238157315,-0.027591744481885394,False,1.0
apparent_subcooling_excess_c,cw,ncg_blanketed,9.0,1.0,23.0,-0.2139939723153652,0.16637782138567525,0.526595173656045,0.951194621167532,0.3602173522703698,True,1.0
apparent_subcooling_excess_c,cw,ncg_blanketed,9.0,2.0,24.0,-0.16627479364021447,0.23471088514669503,0.8426635180217179,1.261167307239959,0.6079526328750229,True,1.0
apparent_subcooling_excess_c,cw,ncg_blanketed,9.0,3.0,25.0,-0.2574705258590737,0.30038798140070777,1.0167414055712731,1.4069961349920679,0.7163534241705654,True,1.0
apparent_subcooling_excess_c,cw,ncg_blanketed,9.0,4.0,26.0,-0.17274570578263693,0.23025515270863228,1.4420767103262144,1.8019734830391727,1.2118215576175821,True,1.0
apparent_subcooling_excess_c,cw,ncg_blanketed,9.0,5.0,27.0,-0.13562827300736258,0.40084066631507764,1.7582536148318253,2.1872351356732267,1.3574129485167477,True,1.0
apparent_subcooling_excess_c,cw,ncg_blanketed,9.0,6.0,28.0,-0.2331094889835088,0.196784242352263,2.4091000025995926,2.730651979636815,2.2123157602473293,True,1.0
apparent_subcooling_excess_c,cw,ncg_blanketed,9.0,7.0,29.0,-0.228771632220248,0.2799913985279414,2.9189512358745158,3.574647548133459,2.638959837346574,True,1.0
apparent_subcooling_excess_c,cw,ncg_blanketed,9.0,8.0,30.0,-0.24220538483070286,0.24107580367809267,3.9778808856749324,4.361620125986641,3.73680508199684,True,1.0
apparent_subcooling_excess_c,cw,ncg_blanketed,9.0,9.0,31.0,-0.2255149128081908,0.1425743930123109,4.972445337130014,5.539217596552454,4.829870944117703,True,1.0
apparent_subcooling_excess_c,cw,ncg_blanketed,9.0,10.0,32.0,-0.2839928880163751,0.2960153527461469,6.475124964982278,6.804942187711742,6.1791096122361315,True,1.0
apparent_subcooling_excess_c,cw,ncg_blanketed,9.5,0.0,22.0,-0.28199634714081045,0.333114340979485,0.2715048499048711,0.7141245492079054,-0.06160949107461389,False,1.0
apparent_subcooling_excess_c,cw,ncg_blanketed,9.5,1.0,23.0,-0.2139939723153652,0.16637782138567525,0.46607737174988184,0.9573306142451916,0.2996995503642066,True,1.0
apparent_subcooling_excess_c,cw,ncg_blanketed,9.5,2.0,24.0,-0.16627479364021447,0.23471088514669503,0.7298041720964403,1.0738922763828953,0.4950932869497453,True,1.0
apparent_subcooling_excess_c,cw,ncg_blanketed,9.5,3.0,25.0,-0.2574705258590737,0.30038798140070777,0.9957773624072574,1.4813873517214382,0.6953893810065497,True,1.0
apparent_subcooling_excess_c,cw,ncg_blanketed,9.5,4.0,26.0,-0.17274570578263693,0.23025515270863228,1.3044022845373306,1.8206120544937308,1.0741471318286984,True,1.0
apparent_subcooling_excess_c,cw,ncg_blanketed,9.5,5.0,27.0,-0.13562827300736258,0.40084066631507764,1.8735740359947477,2.274089310561812,1.47273336967967,True,1.0
apparent_subcooling_excess_c,cw,ncg_blanketed,9.5,6.0,28.0,-0.2331094889835088,0.196784242352263,2.3876648270497682,2.8166205264978625,2.1908805846975055,True,1.0
apparent_subcooling_excess_c,cw,ncg_blanketed,9.5,7.0,29.0,-0.228771632220248,0.2799913985279414,3.057151274960558,3.5279774466566174,2.7771598764326164,True,1.0
apparent_subcooling_excess_c,cw,ncg_blanketed,9.5,8.0,30.0,-0.24220538483070286,0.24107580367809267,4.068924845659433,4.49361134534289,3.8278490419813407,True,1.0
apparent_subcooling_excess_c,cw,ncg_blanketed,9.5,9.0,31.0,-0.2255149128081908,0.1425743930123109,5.223117508885681,5.644021776165155,5.08054311587337,True,1.0
apparent_subcooling_excess_c,cw,ncg_blanketed,9.5,10.0,32.0,-0.2839928880163751,0.2960153527461469,6.846719705445516,7.267654410042402,6.550704352699369,True,1.0
apparent_subcooling_excess_c,cw,ncg_blanketed,10.0,0.0,22.0,-0.28199634714081045,0.333114340979485,0.18950154998937485,0.673058865906285,-0.14361279099011015,False,1.0
apparent_subcooling_excess_c,cw,ncg_blanketed,10.0,1.0,23.0,-0.2139939723153652,0.16637782138567525,0.36847267669480477,0.933495863804571,0.20209485530912952,True,1.0
apparent_subcooling_excess_c,cw,ncg_blanketed,10.0,2.0,24.0,-0.16627479364021447,0.23471088514669503,0.642296925144668,1.1432174338853016,0.40758603999797294,True,1.0
apparent_subcooling_excess_c,cw,ncg_blanketed,10.0,3.0,25.0,-0.2574705258590737,0.30038798140070777,0.9066987949854814,1.3798513526706222,0.6063108135847737,True,1.0
apparent_subcooling_excess_c,cw,ncg_blanketed,10.0,4.0,26.0,-0.17274570578263693,0.23025515270863228,1.3739309741974566,1.750766758346541,1.1436758214888243,True,1.0
apparent_subcooling_excess_c,cw,ncg_blanketed,10.0,5.0,27.0,-0.13562827300736258,0.40084066631507764,1.6602955543024525,2.2244397552713018,1.2594548879873748,True,1.0
apparent_subcooling_excess_c,cw,ncg_blanketed,10.0,6.0,28.0,-0.2331094889835088,0.196784242352263,2.4033701123134943,2.803714318862067,2.2065858699612315,True,1.0
apparent_subcooling_excess_c,cw,ncg_blanketed,10.0,7.0,29.0,-0.228771632220248,0.2799913985279414,3.141073318889094,3.6524390287963575,2.861081920361152,True,1.0
apparent_subcooling_excess_c,cw,ncg_blanketed,10.0,8.0,30.0,-0.24220538483070286,0.24107580367809267,4.23053424457394,4.637592305243611,3.989458440895848,True,1.0
apparent_subcooling_excess_c,cw,ncg_blanketed,10.0,9.0,31.0,-0.2255149128081908,0.1425743930123109,5.416027368231413,5.984135004749177,5.273452975219103,True,1.0
apparent_subcooling_excess_c,cw,ncg_blanketed,10.0,10.0,32.0,-0.2839928880163751,0.2960153527461469,7.218723378289251,7.723241383549821,6.922708025543105,True,1.0
apparent_subcooling_excess_c,cw,ncg_blanketing_only,0.0,0.0,22.0,-0.28199634714081045,0.333114340979485,-0.2127891605624035,0.23761176621061608,-0.5196081133514265,False,1.0
apparent_subcooling_excess_c,cw,ncg_blanketing_only,0.0,1.0,23.0,-0.2139939723153652,0.16637782138567525,-0.17984930856977432,0.16665490824046714,-0.3462271299554496,False,1.0
apparent_subcooling_excess_c,cw,ncg_blanketing_only,0.0,2.0,24.0,-0.16627479364021447,0.23471088514669503,-0.2351545905562762,0.3048870938904733,-0.4698654757029712,False,1.0
apparent_subcooling_excess_c,cw,ncg_blanketing_only,0.0,3.0,25.0,-0.2574705258590737,0.30038798140070777,-0.25000500225786815,0.1831192225663083,-0.440589748425382,False,1.0
apparent_subcooling_excess_c,cw,ncg_blanketing_only,0.0,4.0,26.0,-0.17274570578263693,0.23025515270863228,-0.16179293710205722,0.34310878248904,-0.3920480898106895,False,-1.0
apparent_subcooling_excess_c,cw,ncg_blanketing_only,0.0,5.0,27.0,-0.13562827300736258,0.40084066631507764,-0.15569487865092158,0.2045474958109208,-0.3401757688182834,False,1.0
apparent_subcooling_excess_c,cw,ncg_blanketing_only,0.0,6.0,28.0,-0.2331094889835088,0.196784242352263,-0.2343416853661322,0.13848640684571611,-0.3715958958292249,False,1.0
apparent_subcooling_excess_c,cw,ncg_blanketing_only,0.0,7.0,29.0,-0.228771632220248,0.2799913985279414,-0.2870670738738268,0.24995703794396618,-0.47872867016421417,False,1.0
apparent_subcooling_excess_c,cw,ncg_blanketing_only,0.0,8.0,30.0,-0.24220538483070286,0.24107580367809267,-0.14901295268963533,0.22075793002904986,-0.390088756367728,False,-1.0
apparent_subcooling_excess_c,cw,ncg_blanketing_only,0.0,9.0,31.0,-0.2255149128081908,0.1425743930123109,-0.2481783518665599,0.1681627035160782,-0.3907527448788708,False,-1.0
apparent_subcooling_excess_c,cw,ncg_blanketing_only,0.0,10.0,32.0,-0.2839928880163751,0.2960153527461469,-0.20224835785373552,0.2896615209679356,-0.4982637105998824,False,-1.0
