timestamp,outdoor_wet_bulb_c,chw_supply_temp_c,chw_return_temp_c,cw_supply_temp_c,cw_return_temp_c,chw_flow_kg_s,cw_flow_kg_s,compressor_power_kw,suction_pressure_kpa,discharge_pressure_kpa,cond_liquid_temp_c,cooling_load_kw,cop,fault_severity,condenser_ua_kw_per_k,ncg_partial_pressure_kpa,fault_active
2025-07-01 00:00:00,21.5960,7.0415,10.0993,25.4891,28.4135,40.1376,50.1575,86.9305,347.0839,778.0286,28.4911,513.7550,5.9100,0.0000,200.0000,0.0000,0
2025-07-01 00:05:00,21.6131,6.9921,10.0657,25.5723,28.4878,39.9300,49.7965,89.0821,346.9413,773.8217,28.4725,513.7418,5.7671,0.0000,200.0000,0.0000,0
2025-07-01 00:10:00,21.4296,6.9634,10.0060,25.5554,28.3035,40.0061,49.9785,84.0369,353.1438,771.0957,28.0910,509.5284,6.0632,0.0000,200.0000,0.0000,0
2025-07-01 00:15:00,21.4178,6.9800,9.9198,25.4163,28.1496,40.0483,49.9328,83.2813,347.5457,766.6285,27.9814,492.8449,5.9178,0.0000,200.0000,0.0000,0
2025-07-01 00:20:00,21.4328,6.9401,9.9885,25.2946,28.0828,39.9340,49.7916,82.6457,350.3441,765.4921,27.7779,509.5780,6.1658,0.0000,200.0000,0.0000,0
2025-07-01 00:25:00,21.3345,7.0995,10.0507,25.2474,28.1183,39.9885,49.7819,86.1665,351.7804,762.5257,27.8527,494.0196,5.7333,0.0000,200.0000,0.0000,0
2025-07-01 00:30:00,21.3341,6.9952,10.0488,25.4378,28.0746,39.9300,49.8791,82.4793,349.6188,765.9187,27.9604,510.3981,6.1882,0.0000,200.0000,0.0000,0
2025-07-01 00:35:00,21.2745,7.0322,10.0072,25.2797,28.0660,40.0479,49.9039,83.3207,346.8926,761.2928,27.8964,498.7197,5.9855,0.0000,200.0000,0.0000,0
2025-07-01 00:40:00,21.1984,6.9732,9.9020,25.1059,27.9677,39.8414,50.0425,83.5474,345.6765,761.8926,27.9563,488.4610,5.8465,0.0000,200.0000,0.0000,0
2025-07-01 00:45:00,21.1533,6.9474,10.0038,25.1146,27.9822,40.0686,50.1566,82.4451,349.5473,758.3802,27.8587,512.6460,6.2180,0.0000,200.0000,0.0000,0
2025-07-01 00:50:00,21.0897,6.9883,10.0728,25.0274,27.7976,40.0373,50.0770,80.6473,351.5790,758.6880,27.6768,516.9543,6.4101,0.0000,200.0000,0.0000,0
2025-07-01 00:55:00,20.9829,7.0551,9.9611,25.0485,27.8576,39.9756,50.1126,82.7888,349.0611,761.5739,27.7253,486.2888,5.8738,0.0000,200.0000,0.0000,0
2025-07-01 01:00:00,20.9602,6.9740,9.9611,25.0187,27.8400,40.0539,49.9600,82.6591,350.7704,758.0354,27.8964,500.8461,6.0592,0.0000,200.0000,0.0000,0
2025-07-01 01:05:00,20.9984,6.9565,10.0410,24.9807,27.8783,39.9562,50.0905,81.7528,353.4360,754.6302,27.8103,515.9036,6.3105,0.0000,200.0000,0.0000,0
2025-07-01 01:10:00,20.9998,7.0078,10.0013,25.0469,27.8407,39.9196,49.9777,81.8770,349.9254,753.3560,27.9766,500.2348,6.1096,0.0000,200.0000,0.0000,0
2025-07-01 01:15:00,20.9325,7.0250,10.1752,24.9648,27.7471,40.0652,49.9338,85.5126,345.3827,759.8422,27.9047,528.3307,6.1784,0.0000,200.0000,0.0000,0
2025-07-01 01:20:00,20.8821,7.0821,9.9673,24.9440,27.7122,40.0704,50.2846,81.9961,348.0758,758.8153,27.9176,483.9469,5.9021,0.0000,200.0000,0.0000,0
2025-07-01 01:25:00,20.9421,7.0177,9.9622,24.9212,27.7219,39.9391,49.6504,83.1353,350.6502,755.0776,28.0115,492.2829,5.9215,0.0000,200.0000,0.0000,0
2025-07-01 01:30:00,20.9140,7.0322,10.0462,25.0218,27.6640,39.9288,49.7190,80.5935,347.6329,758.7188,27.9838,503.7697,6.2507,0.0000,200.0000,0.0000,0
2025-07-01 01:35:00,20.8862,7.0360,9.8667,24.8629,27.5773,39.9780,50.0574,80.5972,351.6256,753.0068,27.7863,473.7258,5.8777,0.0000,200.0000,0.0000,0
2025-07-01 01:40:00,20.9267,6.9423,9.9343,24.8616,27.5629,39.9338,49.9603,81.1304,348.3348,750.0523,27.9744,500.1398,6.1646,0.0000,200.0000,0.0000,0
2025-07-01 01:45:00,20.8773,6.9518,9.8919,24.8531,27.5823,40.1830,49.7845,80.1024,349.5422,749.1319,27.8088,494.5438,6.1739,0.0000,200.0000,0.0000,0
2025-07-01 01:50:00,20.9308,6.9458,9.9371,24.8917,27.6240,40.0380,49.8418,77.8351,348.2538,753.4086,27.8975,501.3446,6.4411,0.0000,200.0000,0.0000,0
2025-07-01 01:55:00,20.9201,6.9334,9.9420,24.8153,27.6261,40.0018,49.8613,79.6239,349.0596,752.9879,27.9236,503.7815,6.3270,0.0000,200.0000,0.0000,0
2025-07-01 02:00:00,20.9354,7.0398,9.9500,24.9068,27.6376,39.8881,50.1339,79.0195,349.0344,756.0241,28.1521,485.9184,6.1493,0.0000,200.0000,0.0000,0
2025-07-01 02:05:00,20.9534,7.0145,9.9041,24.8224,27.6515,40.0887,50.1819,80.0434,345.4167,751.1403,27.9262,484.8988,6.0579,0.0000,200.0000,0.0000,0
2025-07-01 02:10:00,20.9166,7.0040,9.9010,24.8952,27.5497,39.9266,50.2459,78.9605,348.4462,750.2382,27.9302,484.1798,6.1319,0.0000,200.0000,0.0000,0
2025-07-01 02:15:00,20.8343,6.8704,10.0080,24.7716,27.4753,39.9217,49.7616,75.9305,347.1408,747.8107,27.8622,524.3342,6.9054,0.0000,200.0000,0.0000,0
2025-07-01 02:20:00,20.9330,7.1028,9.8188,24.9017,27.4966,40.0927,49.7949,74.4353,348.9792,748.5770,27.8548,455.8278,6.1238,0.0000,200.0000,0.0000,0
2025-07-01 02:25:00,21.0236,6.9553,9.7407,25.0006,27.5187,40.0465,49.7847,73.7391,348.6061,747.5702,27.6968,466.9305,6.3322,0.0000,200.0000,0.0000,0
2025-07-01 02:30:00,20.9098,7.1026,9.5870,25.0576,27.4936,39.6996,50.1933,70.0811,352.9172,744.1681,27.5049,412.8591,5.8912,0.0000,200.0000,0.0000,0
2025-07-01 02:35:00,20.9398,6.9275,9.6267,24.9174,27.4492,39.9811,50.0626,70.6972,352.8841,746.1113,27.4923,451.7413,6.3898,0.0000,200.0000,0.0000,0
2025-07-01 02:40:00,21.0222,6.9594,9.6803,25.0056,27.5176,40.0151,50.0120,73.8128,351.6884,748.3901,27.4683,455.7687,6.1747,0.0000,200.0000,0.0000,0
2025-07-01 02:45:00,21.0013,6.8899,9.6461,24.9443,27.4702,39.9592,50.0344,71.0212,348.1838,746.9504,27.4450,461.0351,6.4915,0.0000,200.0000,0.0000,0
2025-07-01 02:50:00,20.9248,7.0181,9.7115,24.9226,27.4769,40.0192,49.9915,73.9765,350.1949,749.8608,27.4773,451.1935,6.0991,0.0000,200.0000,0.0000,0
2025-07-01 02:55:00,20.8932,6.9449,9.7397,24.8612,27.3375,39.7828,49.8318,71.5434,348.2082,741.4436,27.3405,465.4089,6.5053,0.0000,200.0000,0.0000,0
2025-07-01 03:00:00,20.9233,6.9463,9.6718,24.9692,27.3620,39.6603,50.0770,69.7946,350.9518,739.5308,27.1844,452.4779,6.4830,0.0000,200.0000,0.0000,0
2025-07-01 03:05:00,20.8606,6.9314,9.6124,24.9470,27.3806,39.8829,49.9721,71.0228,352.4511,746.5140,27.2625,447.5895,6.3021,0.0000,200.0000,0.0000,0
2025-07-01 03:10:00,20.9726,7.0389,9.5442,25.0961,27.3961,40.0339,49.8200,69.4061,353.2711,742.3387,27.3013,419.8465,6.0491,0.0000,200.0000,0.0000,0
2025-07-01 03:15:00,20.9612,7.0356,9.7063,24.9899,27.3821,39.6130,50.0861,72.2253,351.9429,744.3094,27.2979,442.8538,6.1316,0.0000,200.0000,0.0000,0
2025-07-01 03:20:00,20.9273,7.0906,9.6628,24.8848,27.4173,39.8988,49.9361,71.3897,353.2994,743.9582,27.2310,429.5922,6.0176,0.0000,200.0000,0.0000,0
2025-07-01 03:25:00,20.9912,6.9657,9.5659,24.9021,27.4137,39.7693,50.0341,71.2480,351.4103,743.1483,26.9353,432.8567,6.0753,0.0000,200.0000,0.0000,0
2025-07-01 03:30:00,20.8985,7.0109,9.6373,24.9192,27.3653,39.9709,49.9813,69.6735,350.8441,740.6716,26.9446,439.4366,6.3071,0.0000,200.0000,0.0000,0
2025-07-01 03:35:00,20.9294,6.9355,9.6396,25.0106,27.2743,40.2349,50.1337,70.4865,353.1702,742.2525,26.9684,455.4217,6.4611,0.0000,200.0000,0.0000,0
2025-07-01 03:40:00,20.8786,6.9832,9.4993,24.9273,27.4741,39.9739,50.0330,71.4646,352.9667,746.6302,26.7943,421.0126,5.8912,0.0000,200.0000,0.0000,0
2025-07-01 03:45:00,20.9921,6.9741,9.6194,24.9491,27.4956,39.9871,49.8674,69.5746,349.7719,746.8230,26.8945,442.8006,6.3644,0.0000,200.0000,0.0000,0
2025-07-01 03:50:00,21.0059,7.0232,9.6433,24.9961,27.4384,40.1007,50.0483,72.1072,351.6770,747.6533,26.8781,439.8047,6.0993,0.0000,200.0000,0.0000,0
2025-07-01 03:55:00,20.9296,7.0509,9.6161,24.9892,27.3892,40.0026,50.0532,67.7300,350.9082,741.7572,26.6661,429.5560,6.3422,0.0000,200.0000,0.0000,0
2025-07-01 04:00:00,20.9698,7.0496,9.5055,24.9760,27.1938,39.9742,50.0767,67.5280,347.8804,742.0516,26.6193,410.9633,6.0858,0.0000,200.0000,0.0000,0
2025-07-01 04:05:00,20.9248,6.9579,9.5252,24.9508,27.3165,40.1112,50.1554,68.7574,352.4818,739.6880,26.8150,431.0724,6.2695,0.0000,200.0000,0.0000,0
2025-07-01 04:10:00,20.9869,7.0499,9.6015,25.0095,27.3626,40.0566,49.9076,68.7661,349.0263,738.6782,26.8801,427.8462,6.2218,0.0000,200.0000,0.0000,0
2025-07-01 04:15:00,21.0320,6.9978,9.5421,25.0464,27.3208,40.0346,50.1002,69.8328,352.2686,745.0401,26.9261,426.3933,6.1059,0.0000,200.0000,0.0000,0
2025-07-01 04:20:00,21.1135,6.9838,9.5670,25.1019,27.4307,39.9833,49.7413,69.2931,348.7550,745.3432,27.0162,432.3630,6.2396,0.0000,200.0000,0.0000,0
2025-07-01 04:25:00,21.0664,6.9646,9.4602,25.0101,27.3838,39.9585,49.9820,67.0694,350.5875,741.9990,26.8903,417.4393,6.2240,0.0000,200.0000,0.0000,0
2025-07-01 04:30:00,20.9504,6.9720,9.5097,24.8991,27.3575,40.1101,49.9588,68.7103,350.6467,745.8848,26.9722,426.0852,6.2012,0.0000,200.0000,0.0000,0
2025-07-01 04:35:00,20.9502,7.0871,9.6556,25.0578,27.4322,39.9596,50.2172,70.8814,353.5797,744.1351,27.1850,429.6408,6.0614,0.0000,200.0000,0.0000,0
2025-07-01 04:40:00,20.9590,7.0154,9.6221,24.9308,27.3990,40.1478,49.9765,68.9440,350.1792,745.6737,27.1247,438.0838,6.3542,0.0000,200.0000,0.0000,0
2025-07-01 04:45:00,21.0215,7.0087,9.6797,24.9805,27.4068,39.8743,50.0912,70.7718,348.8954,748.6902,27.1467,445.8275,6.2995,0.0000,200.0000,0.0000,0
2025-07-01 04:50:00,21.1350,6.9869,9.6385,25.0271,27.4061,40.1721,49.7357,73.6987,351.5121,747.1643,27.2563,445.8893,6.0502,0.0000,200.0000,0.0000,0
2025-07-01 04:55:00,21.0471,7.1223,9.7202,25.0565,27.6760,40.0566,49.9472,73.9169,349.5614,750.3482,27.2241,435.6030,5.8931,0.0000,200.0000,0.0000,0
2025-07-01 05:00:00,21.0551,7.0653,9.7968,25.1403,27.6205,39.8838,49.8730,74.2479,351.8356,750.6399,27.2705,456.0361,6.1421,0.0000,200.0000,0.0000,0
2025-07-01 05:05:00,21.1548,6.9639,9.6821,25.2556,27.7467,40.0611,50.3713,75.3206,347.9859,757.8150,27.5605,455.8150,6.0517,0.0000,200.0000,0.0000,0
2025-07-01 05:10:00,21.3019,6.9863,9.8786,25.2841,27.8433,39.9220,49.9000,79.9749,349.9515,758.6928,27.6942,483.3390,6.0436,0.0000,200.0000,0.0000,0
2025-07-01 05:15:00,21.1548,6.9893,9.9674,25.2209,27.9880,40.0040,50.0110,80.1064,353.7613,764.3906,27.6497,498.7124,6.2256,0.0000,200.0000,0.0000,0
2025-07-01 05:20:00,21.2574,7.0073,9.9287,25.2353,27.8562,39.9416,50.0190,79.6062,348.4740,759.8244,27.6889,488.4429,6.1357,0.0000,200.0000,0.0000,0
2025-07-01 05:25:00,21.2330,6.9649,9.8492,25.1623,27.8874,39.9841,49.7616,78.8605,349.3434,757.0313,27.4040,482.7455,6.1215,0.0000,200.0000,0.0000,0
2025-07-01 05:30:00,21.2477,7.0219,9.8898,25.2161,27.9308,40.1130,49.9211,81.5515,345.2586,759.5474,27.5163,481.5428,5.9048,0.0000,200.0000,0.0000,0
2025-07-01 05:35:00,21.2026,7.0726,9.8678,25.3445,27.8711,40.0622,50.0607,80.0606,347.3078,758.7658,27.6262,468.7528,5.8550,0.0000,200.0000,0.0000,0
2025-07-01 05:40:00,21.3423,6.9343,9.8483,25.3231,27.9776,39.8650,50.0129,80.3784,349.6453,758.0283,27.6968,486.2682,6.0497,0.0000,200.0000,0.0000,0
2025-07-01 05:45:00,21.5469,6.9436,9.9777,25.5609,28.3378,39.8718,49.6549,86.7698,347.1336,770.1798,28.2820,506.4049,5.8362,0.0000,200.0000,0.0000,0
2025-07-01 05:50:00,21.4882,6.9758,10.0927,25.4918,28.3911,40.0325,49.9150,87.1793,348.7363,771.1729,28.3690,522.3030,5.9911,0.0000,200.0000,0.0000,0
2025-07-01 05:55:00,21.6856,6.9782,10.0083,25.6440,28.3883,40.0412,50.1531,85.1486,349.0559,771.1244,28.3125,507.8968,5.9648,0.0000,200.0000,0.0000,0
2025-07-01 06:00:00,21.6012,7.0999,9.9059,25.6568,28.3466,39.9191,50.0882,83.4718,345.7148,774.5095,28.5806,468.8801,5.6172,0.0000,200.0000,0.0000,0
2025-07-01 06:05:00,21.7012,7.0501,9.9862,25.7008,28.4199,40.1910,50.1827,83.9929,350.4307,771.5262,28.3861,493.9721,5.8811,0.0000,200.0000,0.0000,0
2025-07-01 06:10:00,21.6039,7.0472,10.0490,25.7355,28.6033,40.0976,49.8522,86.2363,345.3038,771.5846,28.3547,503.8484,5.8427,0.0000,200.0000,0.0000,0
2025-07-01 06:15:00,21.7805,6.9868,10.1162,25.7684,28.4814,39.9249,50.1921,88.3676,346.1401,773.9210,28.5375,523.0132,5.9186,0.0000,200.0000,0.0000,0
2025-07-01 06:20:00,21.8169,6.9857,10.0136,25.8070,28.5379,39.9133,49.9933,85.2412,348.5884,774.9424,28.6944,505.8939,5.9348,0.0000,200.0000,0.0000,0
2025-07-01 06:25:00,21.9076,6.9274,10.0622,25.9203,28.6792,39.9727,50.2388,86.5111,351.0644,779.1978,28.5941,524.5216,6.0631,0.0000,200.0000,0.0000,0
2025-07-01 06:30:00,22.0485,7.0391,10.0659,26.0149,28.8222,39.9602,50.0005,87.5628,345.6514,786.0678,28.7780,506.3059,5.7822,0.0000,200.0000,0.0000,0
2025-07-01 06:35:00,22.0332,7.0246,10.0943,26.0500,28.8753,40.1507,49.6929,87.5611,347.9280,784.4971,28.7807,515.9280,5.8922,0.0000,200.0000,0.0000,0
2025-07-01 06:40:00,21.9875,7.0643,9.9636,25.9744,28.8329,40.1181,50.1274,87.7738,348.0875,784.1583,28.7815,486.8946,5.5472,0.0000,200.0000,0.0000,0
2025-07-01 06:45:00,22.0571,6.9895,10.1511,25.9939,28.9343,40.0042,49.9335,92.8458,348.0243,786.6810,28.9808,529.4351,5.7023,0.0000,200.0000,0.0000,0
2025-07-01 06:50:00,21.9963,6.9929,10.2192,26.0341,29.1304,40.0813,49.9436,93.6044,348.5507,791.7585,29.1231,541.3050,5.7829,0.0000,200.0000,0.0000,0
2025-07-01 06:55:00,22.0919,7.0085,10.2755,26.0353,29.2617,40.0988,49.7820,97.0873,344.8273,792.1595,29.4252,548.3691,5.6482,0.0000,200.0000,0.0000,0
2025-07-01 07:00:00,22.2390,7.0446,10.3237,26.2240,29.1939,40.0070,50.2433,97.8671,347.5453,797.8054,29.5412,549.1481,5.6112,0.0000,200.0000,0.0000,0
2025-07-01 07:05:00,22.3214,6.9265,10.3246,26.2245,29.3001,40.0483,49.9218,98.0729,348.2534,797.1122,29.7211,569.6605,5.8085,0.0000,200.0000,0.0000,0
2025-07-01 07:10:00,22.2276,7.0368,10.3150,26.2393,29.3960,40.0713,50.2363,96.0596,349.1401,794.6413,29.6955,549.8725,5.7243,0.0000,200.0000,0.0000,0
2025-07-01 07:15:00,22.3019,6.9990,10.2519,26.3280,29.3956,40.0585,49.9353,95.8925,346.8604,799.2597,29.8100,545.4693,5.6883,0.0000,200.0000,0.0000,0
2025-07-01 07:20:00,22.3816,6.9471,10.3257,26.4158,29.6604,39.9065,49.8608,99.3989,345.3352,806.3409,29.9975,564.4028,5.6782,0.0000,200.0000,0.0000,0
2025-07-01 07:25:00,22.5335,6.8958,10.4363,26.4797,29.7192,39.9187,50.1979,101.8081,343.9157,805.3970,30.2465,591.6248,5.8112,0.0000,200.0000,0.0000,0
2025-07-01 07:30:00,22.5261,6.9932,10.4848,26.5727,29.8677,39.9654,49.9890,104.3403,341.2432,814.3749,30.2789,584.1270,5.5983,0.0000,200.0000,0.0000,0
2025-07-01 07:35:00,22.7262,7.0724,10.4193,26.7054,29.9393,39.9152,49.9905,105.3790,343.5814,811.2146,30.2801,559.2128,5.3067,0.0000,200.0000,0.0000,0
2025-07-01 07:40:00,22.9028,7.0837,10.5038,26.8431,30.2174,39.8232,49.8078,106.9301,344.0072,817.5195,30.4409,570.1299,5.3318,0.0000,200.0000,0.0000,0
2025-07-01 07:45:00,22.8518,7.0178,10.4575,26.8176,30.1502,40.0811,49.9314,108.8574,343.3089,820.5581,30.4780,577.1117,5.3015,0.0000,200.0000,0.0000,0
2025-07-01 07:50:00,23.0711,7.0981,10.5051,27.0747,30.4062,40.0416,50.0643,107.2387,345.0617,822.5395,30.6942,571.0534,5.3251,0.0000,200.0000,0.0000,0
2025-07-01 07:55:00,23.0588,6.9979,10.5996,26.9688,30.5209,39.8393,49.8051,113.3839,340.0887,827.2341,30.8781,600.6599,5.2976,0.0000,200.0000,0.0000,0
2025-07-01 08:00:00,23.2154,7.0477,10.5850,27.2158,30.6176,39.9711,49.9191,113.8931,342.5993,832.6993,30.9870,591.8591,5.1966,0.0000,200.0000,0.0000,0
2025-07-01 08:05:00,23.1871,6.9774,10.6645,27.2125,30.6813,39.9779,49.9369,112.5106,347.1850,830.5424,30.7624,617.0230,5.4841,0.0000,200.0000,0.0000,0
2025-07-01 08:10:00,23.3280,6.9743,10.5835,27.2981,30.8503,40.0218,50.0100,114.3924,344.7290,834.0116,31.0488,604.6575,5.2858,0.0000,200.0000,0.0000,0
2025-07-01 08:15:00,23.2946,6.9661,10.7010,27.2602,30.8082,39.8702,50.2219,113.8382,343.7712,837.5808,31.4068,623.3355,5.4756,0.0000,200.0000,0.0000,0
2025-07-01 08:20:00,23.5004,6.8970,10.8155,27.4579,31.0396,39.8375,49.9550,117.6394,342.9896,840.9292,31.6108,653.4557,5.5547,0.0000,200.0000,0.0000,0
2025-07-01 08:25:00,23.5823,7.0644,10.7884,27.5808,31.1236,40.0624,49.8964,118.8963,341.2462,845.6870,31.7414,624.5261,5.2527,0.0000,200.0000,0.0000,0
2025-07-01 08:30:00,23.5943,6.9679,10.6615,27.7004,31.1410,39.8159,50.4120,117.3366,339.0521,843.3661,31.6186,615.6007,5.2465,0.0000,200.0000,0.0000,0
2025-07-01 08:35:00,23.6079,6.9599,10.5960,27.6550,31.0425,39.9721,49.9350,117.2686,343.5585,841.6393,31.5587,608.4065,5.1881,0.0000,200.0000,0.0000,0
2025-07-01 08:40:00,23.7534,6.9410,10.5746,27.6251,31.1547,39.9609,49.9714,116.7704,337.8295,846.3259,31.7125,607.8142,5.2052,0.0000,200.0000,0.0000,0
2025-07-01 08:45:00,23.6815,6.9898,10.6976,27.6470,31.2184,39.9852,49.9463,120.6343,341.4596,850.8015,31.8500,620.6017,5.1445,0.0000,200.0000,0.0000,0
2025-07-01 08:50:00,23.6600,7.0882,10.7155,27.7548,31.3775,40.0303,49.9585,120.2340,341.8447,851.7122,31.9302,607.8244,5.0553,0.0000,200.0000,0.0000,0
2025-07-01 08:55:00,23.8542,7.1047,10.7287,27.7789,31.3435,40.1918,50.0117,121.3361,340.8373,854.0169,31.9492,609.7091,5.0250,0.0000,200.0000,0.0000,0
2025-07-01 09:00:00,23.9788,6.9170,10.8040,27.9822,31.6248,39.8081,50.1381,125.8750,345.6208,857.9266,32.1516,647.7299,5.1458,0.0000,200.0000,0.0000,0
2025-07-01 09:05:00,24.1830,6.9823,10.8372,28.0099,31.7498,40.1052,50.0606,126.0038,344.7482,860.1033,32.2405,647.1618,5.1361,0.0000,200.0000,0.0000,0
2025-07-01 09:10:00,24.1056,6.9483,10.8854,28.0720,31.7748,39.6985,50.1616,126.7213,343.0115,865.5716,32.4115,654.2704,5.1631,0.0000,200.0000,0.0000,0
2025-07-01 09:15:00,24.0737,7.0494,10.8372,28.2275,31.8175,40.1672,50.1566,130.3824,338.7871,860.4257,32.1886,636.8770,4.8847,0.0000,200.0000,0.0000,0
2025-07-01 09:20:00,24.2447,7.0143,10.8982,28.1530,31.9003,39.7549,50.0313,130.8550,344.2104,867.6245,32.5146,646.3335,4.9393,0.0000,200.0000,0.0000,0
2025-07-01 09:25:00,24.2606,6.9682,11.0703,28.3751,32.2244,40.2924,50.0564,137.0688,340.4215,880.2092,33.0420,691.8875,5.0477,0.0000,200.0000,0.0000,0
2025-07-01 09:30:00,24.4046,7.0036,11.0513,28.3616,32.2108,39.9532,50.1663,136.0564,337.4391,876.9803,32.9869,676.9540,4.9755,0.0000,200.0000,0.0000,0
2025-07-01 09:35:00,24.5290,6.9761,11.1093,28.4557,32.2569,40.1548,49.8333,136.3466,339.7418,879.0997,32.9667,694.7424,5.0954,0.0000,200.0000,0.0000,0
2025-07-01 09:40:00,24.5606,7.0807,11.0719,28.6099,32.4219,40.1301,50.3747,137.6847,341.2472,884.2422,33.1861,670.4506,4.8695,0.0000,200.0000,0.0000,0
2025-07-01 09:45:00,24.5041,7.0273,10.9726,28.5613,32.4953,39.9476,49.9231,137.3180,338.1884,880.9250,32.9889,659.7351,4.8044,0.0000,200.0000,0.0000,0
2025-07-01 09:50:00,24.6252,7.0335,11.0027,28.6422,32.4336,39.9568,49.9474,135.1644,340.2471,882.5081,32.7801,663.8883,4.9117,0.0000,200.0000,0.0000,0
2025-07-01 09:55:00,24.7499,6.8667,10.9929,28.6324,32.4656,39.8995,49.8182,134.8260,340.7306,881.2708,32.8185,689.1575,5.1115,0.0000,200.0000,0.0000,0
2025-07-01 10:00:00,24.7545,6.9967,10.9537,28.6785,32.5211,40.0945,49.8227,134.5220,337.9416,884.6109,32.9402,664.1322,4.9370,0.0000,200.0000,0.0000,0
2025-07-01 10:05:00,24.6700,7.1042,10.8540,28.7638,32.4717,39.9492,50.1461,132.8341,339.9709,882.6839,32.9658,627.0749,4.7207,0.0000,200.0000,0.0000,0
2025-07-01 10:10:00,24.6660,7.0663,11.1419,28.6726,32.5755,39.9017,50.3405,138.2789,337.3301,887.4730,33.1900,680.7327,4.9229,0.0000,200.0000,0.0000,0
2025-07-01 10:15:00,24.8482,6.9076,10.9834,28.7555,32.7115,40.0645,49.9149,138.4624,341.2562,890.6640,33.2381,683.5523,4.9367,0.0000,200.0000,0.0000,0
2025-07-01 10:20:00,24.8878,6.9843,11.2415,28.9580,32.9353,39.8923,50.0521,144.6422,336.3152,897.9592,33.3294,710.8939,4.9148,0.0000,200.0000,0.0000,0
2025-07-01 10:25:00,25.0214,6.9399,11.2297,28.9144,33.0826,39.9605,50.0330,148.0952,338.6234,897.7052,33.3451,717.5778,4.8454,0.0000,200.0000,0.0000,0
2025-07-01 10:30:00,25.0116,7.0856,11.3593,28.9467,33.1513,40.0129,50.1500,149.9921,334.3756,904.6613,33.6548,715.8278,4.7724,0.0000,200.0000,0.0000,0
2025-07-01 10:35:00,25.0922,7.0122,11.4276,29.1514,33.2407,39.9229,50.3328,152.6735,334.7841,906.5708,33.7864,737.8932,4.8331,0.0000,200.0000,0.0000,0
2025-07-01 10:40:00,25.0427,6.9616,11.4154,29.1022,33.3518,39.9410,50.2281,153.2868,334.3244,913.1675,34.0445,744.6457,4.8579,0.0000,200.0000,0.0000,0
2025-07-01 10:45:00,25.0230,7.0017,11.3766,29.0812,33.2526,40.1842,49.9642,155.2179,335.9703,912.6708,34.1642,735.9104,4.7411,0.0000,200.0000,0.0000,0
2025-07-01 10:50:00,25.1633,6.8696,11.4723,29.0752,33.4092,39.9755,50.0793,155.5559,336.8102,914.4347,34.2677,770.1969,4.9513,0.0000,200.0000,0.0000,0
2025-07-01 10:55:00,25.0989,6.9458,11.4201,29.0844,33.4618,39.9568,50.0942,158.0178,336.9003,918.7444,34.4335,748.3712,4.7360,0.0000,200.0000,0.0000,0
2025-07-01 11:00:00,25.2779,7.0018,11.5047,29.2809,33.6071,39.9790,49.9970,160.9539,332.2651,919.8288,34.7465,753.5719,4.6819,0.0000,200.0000,0.0000,0
2025-07-01 11:05:00,25.3859,7.0423,11.4607,29.3889,33.7293,40.0545,49.8356,161.4349,335.2409,922.7917,34.9761,740.8295,4.5890,0.0000,200.0000,0.0000,0
2025-07-01 11:10:00,25.3731,6.9029,11.4971,29.4453,33.8312,39.8759,49.8802,163.7811,333.8890,925.7696,35.0214,766.8643,4.6823,0.0000,200.0000,0.0000,0
2025-07-01 11:15:00,25.4561,6.9809,11.5383,29.4833,33.9672,40.0513,50.1722,164.9843,336.5634,924.7807,34.7678,764.0595,4.6311,0.0000,200.0000,0.0000,0
2025-07-01 11:20:00,25.6848,7.0505,11.5716,29.6905,34.1768,40.0307,50.1877,164.0593,334.8196,930.5793,34.9977,757.5942,4.6178,0.0000,200.0000,0.0000,0
2025-07-01 11:25:00,25.7916,6.9274,11.5633,29.6745,34.2528,39.7854,49.9689,169.5285,334.4295,941.0780,35.1635,772.0638,4.5542,0.0000,200.0000,0.0000,0
2025-07-01 11:30:00,25.8056,7.0115,11.6555,29.7755,34.2407,40.2153,50.0392,170.3052,333.2434,935.8964,35.1483,781.7905,4.5905,0.0000,200.0000,0.0000,0
2025-07-01 11:35:00,25.8515,7.0033,11.6647,29.8292,34.3899,40.1753,50.1796,173.5622,337.5823,941.6738,35.2526,783.9185,4.5166,0.0000,200.0000,0.0000,0
2025-07-01 11:40:00,25.7724,7.0857,11.8083,29.8674,34.4414,39.9039,49.7444,175.2691,331.2559,943.8966,35.2058,788.8569,4.5008,0.0000,200.0000,0.0000,0
2025-07-01 11:45:00,25.8114,6.9885,11.7850,29.8491,34.5508,39.8653,49.9330,179.4891,332.5577,948.0246,35.4462,800.4305,4.4595,0.0000,200.0000,0.0000,0
2025-07-01 11:50:00,25.8183,6.9914,11.7074,29.8247,34.5314,40.0274,50.3027,175.8452,333.8843,949.5281,35.1538,790.1910,4.4937,0.0000,200.0000,0.0000,0
2025-07-01 11:55:00,25.9003,7.0427,11.7950,29.9233,34.6376,39.8289,50.0449,177.7970,332.9459,950.5712,35.0899,792.3124,4.4563,0.0000,200.0000,0.0000,0
2025-07-01 12:00:00,25.9899,6.9337,11.7462,29.9531,34.6266,40.1637,49.8306,177.9555,331.9140,950.0822,35.1991,809.1119,4.5467,0.0000,200.0000,0.0000,0
2025-07-01 12:05:00,26.0442,6.9890,11.8587,30.0491,34.7874,39.9438,50.0176,178.7296,329.7929,955.3502,35.4930,814.2438,4.5557,0.0000,200.0000,0.0000,0
2025-07-01 12:10:00,25.8167,6.9772,11.8792,29.9230,34.6980,40.1946,50.1532,184.0853,331.3635,955.7014,35.3143,824.7774,4.4804,0.0000,200.0000,0.0000,0
2025-07-01 12:15:00,25.9424,6.9931,11.8721,29.9187,34.7175,39.9011,49.6180,181.4078,330.8235,953.0933,35.3995,814.9249,4.4922,0.0000,200.0000,0.0000,0
2025-07-01 12:20:00,26.0678,7.0424,11.9350,29.9258,34.8023,39.9865,50.0264,183.3812,335.8951,958.2849,35.4489,818.9455,4.4658,0.0000,200.0000,0.0000,0
2025-07-01 12:25:00,26.0785,7.0277,11.7844,30.0876,34.8702,40.1521,49.9441,179.9669,337.6309,955.0250,35.5329,799.4912,4.4424,0.0000,200.0000,0.0000,0
2025-07-01 12:30:00,25.9578,6.9626,11.8658,30.0978,34.8401,39.9612,49.7537,187.3718,332.2376,957.9882,35.5708,820.1961,4.3774,0.0000,200.0000,0.0000,0
2025-07-01 12:35:00,26.1731,7.0068,12.0015,30.0593,34.9896,40.0327,50.0123,188.1474,329.1244,966.2368,35.8071,836.9932,4.4486,0.0000,200.0000,0.0000,0
2025-07-01 12:40:00,26.0364,7.0745,11.9316,30.0785,34.8987,40.1311,49.9795,188.6234,333.3660,962.5133,35.8200,815.9432,4.3258,0.0000,200.0000,0.0000,0
2025-07-01 12:45:00,26.1800,6.9584,11.9244,30.2115,35.0104,39.9333,49.9964,187.6644,329.9850,964.9071,35.8938,830.1216,4.4234,0.0000,200.0000,0.0000,0
2025-07-01 12:50:00,26.3267,7.0073,12.0575,30.3200,35.2696,39.8486,49.9478,191.7552,330.5608,971.2056,36.0944,842.4065,4.3931,0.0000,200.0000,0.0000,0
2025-07-01 12:55:00,26.3535,6.9903,12.1042,30.3312,35.3257,39.8250,49.8468,196.5747,329.9057,977.4540,36.0118,852.5215,4.3369,0.0000,200.0000,0.0000,0
2025-07-01 13:00:00,26.3990,6.9968,12.1011,30.4451,35.5665,40.0700,49.7818,200.9647,329.4808,980.0338,36.4576,856.1546,4.2602,0.0000,200.0000,0.0000,0
2025-07-01 13:05:00,26.5591,6.9185,12.1719,30.5133,35.6025,40.0467,49.8964,202.8400,329.4629,982.6804,36.5676,880.6552,4.3416,0.0000,200.0000,0.0000,0
2025-07-01 13:10:00,26.4959,7.0705,12.1593,30.4722,35.5356,40.1274,50.1289,201.4330,327.5318,984.9308,36.5582,854.7832,4.2435,0.0000,200.0000,0.0000,0
2025-07-01 13:15:00,26.4504,6.9613,12.3381,30.4467,35.5858,39.9671,50.0350,204.9137,328.4001,981.6387,36.4706,899.5555,4.3899,0.0000,200.0000,0.0000,0
2025-07-01 13:20:00,26.4607,7.0513,12.3275,30.4087,35.6202,39.8283,49.9896,207.3518,331.5831,988.8260,36.7315,879.6602,4.2424,0.0000,200.0000,0.0000,0
2025-07-01 13:25:00,26.4593,6.9689,12.3107,30.4993,35.7977,39.7177,49.8440,209.4563,329.0847,988.1490,36.9807,888.1071,4.2401,0.0000,200.0000,0.0000,0
2025-07-01 13:30:00,26.6474,6.9687,12.4378,30.5775,36.0337,40.3442,49.9439,215.9470,328.7915,996.6237,37.1332,923.6230,4.2771,0.0000,200.0000,0.0000,0
2025-07-01 13:35:00,26.5655,7.0607,12.2564,30.6051,35.8549,40.0632,50.1106,211.5187,324.7463,990.5991,37.0304,871.3570,4.1195,0.0000,200.0000,0.0000,0
2025-07-01 13:40:00,26.6177,7.0497,12.2287,30.6619,35.8298,40.0164,50.0757,206.6152,331.5964,988.6584,36.8778,867.5291,4.1988,0.0000,200.0000,0.0000,0
2025-07-01 13:45:00,26.5856,7.0104,12.3338,30.5502,35.9409,40.0334,49.9284,211.9708,327.8058,998.3000,37.1591,892.0867,4.2085,0.0000,200.0000,0.0000,0
2025-07-01 13:50:00,26.5289,7.0381,12.3109,30.6324,35.8602,39.8282,49.6083,208.6487,331.7433,994.8546,37.1629,879.0933,4.2133,0.0000,200.0000,0.0000,0
2025-07-01 13:55:00,26.5978,6.9856,12.2792,30.5779,35.7957,39.9046,49.8988,209.3678,329.8376,993.4773,37.0875,884.2430,4.2234,0.0000,200.0000,0.0000,0
2025-07-01 14:00:00,26.5836,6.9996,12.2594,30.5555,35.7650,40.2092,49.9276,208.4501,328.6983,987.7372,37.0562,885.3081,4.2471,0.0000,200.0000,0.0000,0
2025-07-01 14:05:00,26.5827,6.9669,12.3007,30.7158,35.9375,40.0790,49.8639,208.4529,326.0727,992.5183,37.2415,894.8478,4.2928,0.0000,200.0000,0.0000,0
2025-07-01 14:10:00,26.7469,7.0452,12.1749,30.6836,35.8240,39.9084,49.9380,204.2347,334.6783,991.0392,36.9335,856.9564,4.1959,0.0000,200.0000,0.0000,0
2025-07-01 14:15:00,26.8682,6.9653,12.1703,30.7443,35.8389,39.8528,50.1225,205.1319,331.9194,993.0818,36.9903,868.3107,4.2329,0.0000,200.0000,0.0000,0
2025-07-01 14:20:00,26.7242,7.0743,12.2374,30.7471,35.9025,39.9381,49.9944,206.2801,331.4560,990.4508,36.8721,863.1717,4.1845,0.0000,200.0000,0.0000,0
2025-07-01 14:25:00,26.6938,6.9842,12.2369,30.7571,35.8747,39.9621,50.1485,205.1396,333.6316,990.8020,36.7522,878.6842,4.2833,0.0000,200.0000,0.0000,0
2025-07-01 14:30:00,26.8096,7.0010,12.1677,30.8379,35.8807,40.2459,49.7737,201.4380,331.0622,988.9454,36.8681,870.4239,4.3210,0.0000,200.0000,0.0000,0
2025-07-01 14:35:00,26.9152,7.0379,12.1733,30.8899,36.0398,39.9774,49.9542,203.1489,333.1899,997.0324,36.9029,859.3813,4.2303,0.0000,200.0000,0.0000,0
2025-07-01 14:40:00,26.9842,7.0012,12.0757,30.9198,35.9093,39.8573,49.7091,201.6875,329.7563,993.0431,36.9240,846.6425,4.1978,0.0000,200.0000,0.0000,0
2025-07-01 14:45:00,26.9310,6.9851,12.1333,31.0481,36.1371,39.9930,49.9360,204.6412,331.8024,996.9089,37.0071,861.8697,4.2116,0.0000,200.0000,0.0000,0
2025-07-01 14:50:00,26.9705,6.9985,12.2101,31.0089,36.0580,40.0317,49.8432,206.1811,329.0125,997.9238,37.0031,873.3247,4.2357,0.0000,200.0000,0.0000,0
2025-07-01 14:55:00,26.9777,7.0447,12.2186,30.9252,36.0583,39.8463,50.1922,200.9233,329.6231,997.6744,37.0505,862.9933,4.2951,0.0000,200.0000,0.0000,0
2025-07-01 15:00:00,27.0147,6.9669,12.1424,30.9170,36.0325,40.0483,50.0615,201.4261,330.9064,993.7682,37.0113,867.6350,4.3075,0.0000,200.0000,0.0000,0
2025-07-01 15:05:00,26.9167,6.9937,12.1576,30.9517,35.9964,40.1451,50.1522,205.0786,327.8331,998.2373,37.0003,867.7793,4.2314,0.0000,200.0000,0.0000,0
2025-07-01 15:10:00,27.0052,7.0005,12.1776,31.0084,36.1860,40.0166,49.9356,204.8354,331.1202,995.2878,36.9783,867.2131,4.2337,0.0000,200.0000,0.0000,0
2025-07-01 15:15:00,27.0272,7.0432,12.0689,30.8868,36.1155,39.9044,49.8470,200.6782,330.1600,996.7658,36.9893,839.4874,4.1833,0.0000,200.0000,0.0000,0
2025-07-01 15:20:00,27.0648,6.9950,12.1960,31.0258,36.0642,39.9365,49.8423,202.8345,326.7703,992.5407,36.8645,869.4803,4.2866,0.0000,200.0000,0.0000,0
2025-07-01 15:25:00,27.1008,7.0904,12.1350,31.0635,36.1615,39.8009,50.0398,203.7591,329.8694,997.5942,36.8720,840.4573,4.1248,0.0000,200.0000,0.0000,0
2025-07-01 15:30:00,27.2035,6.9922,12.1262,31.1440,36.2254,39.9839,50.2715,204.4947,329.8247,1003.8084,36.8935,859.2931,4.2020,0.0000,200.0000,0.0000,0
2025-07-01 15:35:00,27.2250,6.9881,12.1688,31.2664,36.4581,40.0373,50.0619,205.2600,332.0818,1006.4022,37.0407,868.2614,4.2301,0.0000,200.0000,0.0000,0
2025-07-01 15:40:00,27.1896,6.9914,12.1312,31.0781,36.1054,39.8924,49.9438,205.2514,331.1015,1001.0460,36.9880,858.2921,4.1817,0.0000,200.0000,0.0000,0
2025-07-01 15:45:00,27.0931,6.9342,12.2882,31.0977,36.2555,40.2328,49.9717,209.4537,332.9104,999.9640,36.9477,901.6959,4.3050,0.0000,200.0000,0.0000,0
2025-07-01 15:50:00,27.2918,6.9482,12.2037,31.1034,36.2549,40.0951,49.9953,206.7289,331.1253,1001.9544,37.0569,882.0813,4.2668,0.0000,200.0000,0.0000,0
2025-07-01 15:55:00,26.9751,6.9735,12.1327,31.0130,35.9826,39.7849,50.3040,202.1824,329.6825,999.2557,36.9272,859.2150,4.2497,0.0000,200.0000,0.0000,0
2025-07-01 16:00:00,26.9341,7.0568,12.0684,30.9420,35.9242,39.7873,50.1850,198.2174,331.3512,991.6582,36.8316,834.6746,4.2109,0.0000,200.0000,0.0000,0
2025-07-01 16:05:00,27.0018,6.9983,12.0159,31.0374,36.0612,39.8819,50.0390,198.0297,330.6662,993.4583,36.7443,837.6614,4.2300,0.0000,200.0000,0.0000,0
2025-07-01 16:10:00,26.8954,6.9758,12.0667,30.8615,35.8321,40.1888,50.0165,195.7755,332.3056,989.0378,36.7139,856.4555,4.3747,0.0000,200.0000,0.0000,0
2025-07-01 16:15:00,26.9556,7.0613,11.9532,30.9267,35.7625,40.1069,50.0449,191.5970,332.3853,982.4035,36.4845,821.2804,4.2865,0.0000,200.0000,0.0000,0
2025-07-01 16:20:00,26.8301,7.0776,11.8348,30.9526,35.7601,40.1948,50.0741,188.7867,331.2234,983.4126,36.3891,800.4309,4.2399,0.0000,200.0000,0.0000,0
2025-07-01 16:25:00,26.8930,7.0628,11.9533,30.8108,35.7130,40.0012,49.9380,189.8867,332.2735,983.2502,36.3880,818.8908,4.3125,0.0000,200.0000,0.0000,0
2025-07-01 16:30:00,26.8942,6.9573,11.9668,30.6900,35.7375,39.9749,49.8734,190.8672,332.9519,983.3713,36.4690,838.2572,4.3918,0.0000,200.0000,0.0000,0
2025-07-01 16:35:00,26.8022,6.9752,11.9909,30.8192,35.5909,39.8503,50.1548,194.2015,329.8949,979.6474,36.4572,836.6783,4.3083,0.0000,200.0000,0.0000,0
2025-07-01 16:40:00,26.7033,7.0907,11.9666,30.7342,35.6041,40.0420,50.0033,191.0498,332.6977,983.0427,36.4174,817.2782,4.2778,0.0000,200.0000,0.0000,0
2025-07-01 16:45:00,26.7692,7.0121,12.0047,30.6555,35.6598,39.9765,50.1423,193.3455,328.6916,981.7828,36.4908,835.4829,4.3212,0.0000,200.0000,0.0000,0
2025-07-01 16:50:00,26.7147,6.9866,12.0692,30.6238,35.5818,39.9718,50.2469,193.8910,333.9758,978.8977,36.5383,850.4351,4.3862,0.0000,200.0000,0.0000,0
2025-07-01 16:55:00,26.7020,7.0359,11.9226,30.6513,35.5945,40.1942,50.0781,192.4792,332.9846,982.0409,36.5065,822.1963,4.2716,0.0000,200.0000,0.0000,0
2025-07-01 17:00:00,26.5719,7.0504,11.8561,30.6266,35.3558,39.9848,50.0538,186.3214,336.0521,972.1472,36.3595,804.3737,4.3171,0.0000,200.0000,0.0000,0
2025-07-01 17:05:00,26.4011,6.9714,11.8264,30.3978,35.1984,40.1597,50.4800,181.3386,331.2008,963.8022,36.1077,816.1558,4.5007,0.0000,200.0000,0.0000,0
2025-07-01 17:10:00,26.3995,7.0110,11.7772,30.4676,35.0397,39.8094,50.0311,179.1508,336.0197,963.6336,36.2809,794.2549,4.4334,0.0000,200.0000,0.0000,0
2025-07-01 17:15:00,26.4141,7.0463,11.7554,30.4067,35.0980,40.3226,49.8364,177.0927,335.7900,961.6871,36.2398,794.8478,4.4883,0.0000,200.0000,0.0000,0
2025-07-01 17:20:00,26.4281,6.9420,11.9133,30.4111,35.1151,39.9552,49.9578,179.4277,333.2085,964.0993,36.2227,831.4687,4.6340,0.0000,200.0000,0.0000,0
2025-07-01 17:25:00,26.4275,7.0006,11.7922,30.4504,35.2228,40.0849,50.2328,179.6911,332.9329,963.6953,36.1374,804.0029,4.4744,0.0000,200.0000,0.0000,0
2025-07-01 17:30:00,26.3272,6.9443,11.8109,30.4077,34.9768,40.1040,49.8059,178.8160,331.5731,965.2287,36.1517,816.9804,4.5688,0.0000,200.0000,0.0000,0
2025-07-01 17:35:00,26.2132,6.9508,11.6989,30.2919,34.8735,39.9403,49.8871,176.6627,331.3720,954.4680,35.9248,793.8388,4.4935,0.0000,200.0000,0.0000,0
2025-07-01 17:40:00,26.2008,6.9718,11.6117,30.2396,34.7270,40.0983,50.1660,174.3744,332.9853,953.4069,35.8043,778.8016,4.4663,0.0000,200.0000,0.0000,0
2025-07-01 17:45:00,26.2507,7.0239,11.6729,30.2389,34.8458,40.1045,49.9593,175.3027,331.7577,954.6592,36.0256,780.4672,4.4521,0.0000,200.0000,0.0000,0
2025-07-01 17:50:00,26.2426,6.9839,11.6469,30.2406,34.7992,39.9144,49.9835,170.2242,338.0797,951.7691,35.6494,779.1084,4.5770,0.0000,200.0000,0.0000,0
2025-07-01 17:55:00,26.2401,6.9676,11.5729,30.2442,34.6791,39.9158,50.1610,165.8983,332.3556,950.2853,35.7124,769.4958,4.6384,0.0000,200.0000,0.0000,0
2025-07-01 18:00:00,26.0276,7.0026,11.5580,30.0398,34.5461,40.0054,49.8925,165.7867,335.7757,942.3138,35.4896,762.8664,4.6015,0.0000,200.0000,0.0000,0
2025-07-01 18:05:00,26.0506,6.9427,11.5612,29.9206,34.4030,39.9861,49.7797,166.4334,336.0757,943.4153,35.4405,773.0662,4.6449,0.0000,200.0000,0.0000,0
2025-07-01 18:10:00,25.8543,7.0214,11.5161,29.8273,34.2447,40.1672,49.7917,164.6872,336.2171,938.1622,35.2462,755.7387,4.5889,0.0000,200.0000,0.0000,0
2025-07-01 18:15:00,25.8260,7.0566,11.4836,29.8356,34.2228,40.0843,50.0873,163.5390,336.7317,933.9817,34.9277,742.8315,4.5422,0.0000,200.0000,0.0000,0
2025-07-01 18:20:00,25.8443,6.9960,11.5091,29.8533,34.1716,39.9915,50.0389,162.3014,337.8927,936.1891,35.0162,755.5076,4.6550,0.0000,200.0000,0.0000,0
2025-07-01 18:25:00,25.7588,6.9899,11.5205,29.9136,34.2011,40.0727,49.8961,164.4955,335.0633,936.1538,34.8720,759.9867,4.6201,0.0000,200.0000,0.0000,0
2025-07-01 18:30:00,25.6720,7.0187,11.3992,29.6437,33.9903,39.7544,49.8262,161.0418,336.3627,928.8821,34.6209,728.9753,4.5266,0.0000,200.0000,0.0000,0
2025-07-01 18:35:00,25.6907,6.8986,11.5245,29.6118,34.0645,39.9262,49.9594,163.8534,335.3039,931.6714,34.5850,773.1412,4.7185,0.0000,200.0000,0.0000,0
2025-07-01 18:40:00,25.5271,7.0268,11.4898,29.5961,33.9949,40.0345,50.1675,164.2196,338.2079,928.6025,34.5777,747.9164,4.5544,0.0000,200.0000,0.0000,0
2025-07-01 18:45:00,25.6388,7.1551,11.5204,29.6227,34.0264,40.1338,49.8746,163.2251,340.0065,928.2841,34.7409,733.3660,4.4930,0.0000,200.0000,0.0000,0
2025-07-01 18:50:00,25.7293,6.9939,11.5589,29.6274,34.1019,40.0240,49.9006,165.5603,332.8442,932.4682,34.8922,764.8249,4.6196,0.0000,200.0000,0.0000,0
2025-07-01 18:55:00,25.5885,6.9940,11.6256,29.5854,34.0640,40.1750,49.8214,163.5883,331.3394,932.6580,34.6698,778.9076,4.7614,0.0000,200.0000,0.0000,0
2025-07-01 19:00:00,25.5137,7.0372,11.5519,29.4285,33.9751,40.1042,49.9449,164.8693,336.3355,928.4009,34.4968,757.9157,4.5971,0.0000,200.0000,0.0000,0
2025-07-01 19:05:00,25.4965,7.0823,11.5699,29.4647,33.8338,39.9414,50.0507,164.4337,337.4332,928.7985,34.4930,750.3069,4.5630,0.0000,200.0000,0.0000,0
2025-07-01 19:10:00,25.3098,7.0487,11.5777,29.3251,33.7693,39.9832,50.3173,162.6121,339.3153,925.0181,34.2680,758.0124,4.6615,0.0000,200.0000,0.0000,0
2025-07-01 19:15:00,25.1954,6.8922,11.4006,29.1193,33.5563,40.0490,50.0327,156.4710,337.7051,913.8857,33.9375,755.8161,4.8304,0.0000,200.0000,0.0000,0
2025-07-01 19:20:00,25.0356,7.0282,11.3634,29.0562,33.3087,39.9462,49.9919,153.9100,339.6430,912.8550,33.7466,724.9156,4.7100,0.0000,200.0000,0.0000,0
2025-07-01 19:25:00,25.1053,7.1286,11.3173,29.1855,33.3656,40.1838,50.1294,151.1242,340.4651,907.7579,34.0873,704.5794,4.6623,0.0000,200.0000,0.0000,0
2025-07-01 19:30:00,24.9731,7.0311,11.3342,28.9629,33.2661,39.8670,50.1044,151.3515,339.8390,904.6027,33.9761,718.1047,4.7446,0.0000,200.0000,0.0000,0
2025-07-01 19:35:00,24.9479,6.9423,11.3289,28.8887,33.1533,40.0379,49.9134,150.9429,338.7444,906.5954,33.7892,735.1868,4.8706,0.0000,200.0000,0.0000,0
2025-07-01 19:40:00,24.9416,7.0141,11.3670,28.9463,33.0591,40.0883,50.3453,149.8121,334.7356,897.7103,33.5175,730.4594,4.8758,0.0000,200.0000,0.0000,0
2025-07-01 19:45:00,24.7954,6.9360,11.2847,28.8084,32.9994,39.9624,49.9963,148.8115,337.2572,903.0597,33.3937,727.4696,4.8885,0.0000,200.0000,0.0000,0
2025-07-01 19:50:00,24.6138,7.0616,11.3654,28.7109,32.9027,39.9353,50.0355,149.9545,337.6934,897.8911,33.3401,719.4497,4.7978,0.0000,200.0000,0.0000,0
2025-07-01 19:55:00,24.7202,6.9522,11.3233,28.7944,32.8663,39.9909,50.0827,149.9374,337.1310,896.1417,33.2877,731.7345,4.8803,0.0000,200.0000,0.0000,0
2025-07-01 20:00:00,24.8179,7.0037,11.2185,28.7964,32.9511,40.0974,50.0519,149.1637,337.4098,896.9227,33.2524,707.4416,4.7427,0.0000,200.0000,0.0000,0
2025-07-01 20:05:00,24.8612,6.9571,11.2885,28.7516,32.8735,39.9400,50.2288,146.6308,340.8289,893.7242,33.1730,724.1539,4.9386,0.0000,200.0000,0.0000,0
2025-07-01 20:10:00,24.7137,6.9727,11.1590,28.7355,32.7531,39.8717,49.9115,144.1637,336.4461,894.4557,32.9909,698.7054,4.8466,0.0000,200.0000,0.0000,0
2025-07-01 20:15:00,24.6354,7.0743,11.1948,28.7128,32.7304,40.1381,50.1175,141.7858,340.0936,887.3031,32.7399,692.3091,4.8828,0.0000,200.0000,0.0000,0
2025-07-01 20:20:00,24.6670,7.0052,11.0703,28.6829,32.5341,40.0479,50.0247,139.9483,339.6764,887.5308,32.6033,681.4739,4.8695,0.0000,200.0000,0.0000,0
2025-07-01 20:25:00,24.5719,6.9720,11.1206,28.5246,32.4799,40.1209,50.1474,141.0358,337.1295,885.7612,32.5815,696.7379,4.9401,0.0000,200.0000,0.0000,0
2025-07-01 20:30:00,24.5247,6.9427,11.0135,28.6089,32.5061,40.0911,49.9678,138.4981,337.0311,882.6822,32.6111,683.1637,4.9327,0.0000,200.0000,0.0000,0
2025-07-01 20:35:00,24.4836,6.9064,11.0421,28.5136,32.3403,40.2616,49.9474,137.4774,336.1243,882.6300,32.4894,697.0028,5.0699,0.0000,200.0000,0.0000,0
2025-07-01 20:40:00,24.5126,6.9374,10.9698,28.4045,32.1110,40.1338,50.1098,132.8401,341.4110,876.0592,32.4093,677.4354,5.0996,0.0000,200.0000,0.0000,0
2025-07-01 20:45:00,24.1571,7.0056,10.7674,28.2756,31.9759,39.9131,50.0537,125.1393,341.2539,868.5015,32.3016,628.5126,5.0225,0.0000,200.0000,0.0000,0
2025-07-01 20:50:00,24.3103,7.0490,10.8226,28.3120,31.9695,40.0564,49.8770,128.9057,339.3612,866.3837,32.1786,632.7410,4.9086,0.0000,200.0000,0.0000,0
2025-07-01 20:55:00,24.0893,6.9720,10.8202,28.1395,31.7687,39.9331,50.2018,124.1937,337.7125,861.4227,32.0017,643.2609,5.1795,0.0000,200.0000,0.0000,0
2025-07-01 21:00:00,23.9932,7.0785,10.6627,28.0009,31.4647,39.9455,50.1099,118.6801,343.6245,851.5456,31.5327,599.3116,5.0498,0.0000,200.0000,0.0000,0
2025-07-01 21:05:00,24.0585,6.9641,10.6159,28.0158,31.4750,39.8305,49.9889,122.1485,341.6043,855.9971,31.7640,608.8676,4.9847,0.0000,200.0000,0.0000,0
2025-07-01 21:10:00,23.8998,6.9881,10.7922,27.9425,31.3999,39.9657,49.9298,117.4504,340.9013,851.3581,31.6905,636.4108,5.4185,0.0000,200.0000,0.0000,0
2025-07-01 21:15:00,23.8171,6.9460,10.6260,27.8224,31.2687,40.0654,50.0546,114.4779,341.1507,846.4181,31.3386,617.1799,5.3913,0.0000,200.0000,0.0000,0
2025-07-01 21:20:00,23.7732,7.0495,10.6233,27.7443,31.1349,39.9921,50.0991,113.4938,342.6926,844.2355,31.1465,598.2671,5.2714,0.0000,200.0000,0.0000,0
2025-07-01 21:25:00,23.7550,7.1049,10.6017,27.7549,31.1878,39.8681,49.7609,113.5439,343.9430,845.3223,31.0180,583.5697,5.1396,0.0000,200.0000,0.0000,0
2025-07-01 21:30:00,23.6050,6.9119,10.5285,27.6229,31.0522,39.8172,50.0564,116.2479,342.2414,842.5701,31.0002,602.7964,5.1854,0.0000,200.0000,0.0000,0
2025-07-01 21:35:00,23.5804,6.9827,10.6763,27.5904,31.1383,40.2534,50.0979,118.4050,340.3503,845.1857,30.8192,622.3780,5.2563,0.0000,200.0000,0.0000,0
2025-07-01 21:40:00,23.4960,7.0632,10.5463,27.5816,30.9474,40.0390,49.6471,112.9306,343.1672,838.4028,30.7498,583.7662,5.1692,0.0000,200.0000,0.0000,0
2025-07-01 21:45:00,23.5264,6.9277,10.6434,27.4383,30.9216,39.9011,50.0294,115.3420,345.0340,837.1550,30.7912,620.6240,5.3807,0.0000,200.0000,0.0000,0
2025-07-01 21:50:00,23.3746,7.0283,10.6468,27.4505,30.8750,40.0554,50.1042,117.2115,342.6838,838.0371,30.6098,606.7208,5.1763,0.0000,200.0000,0.0000,0
2025-07-01 21:55:00,23.3371,7.0611,10.7104,27.2444,30.8156,40.2627,50.0871,117.2917,342.4076,835.9914,30.8353,615.0593,5.2438,0.0000,200.0000,0.0000,0
2025-07-01 22:00:00,23.3310,7.0039,10.6415,27.3350,30.8541,40.0745,50.1204,116.4686,341.7681,838.9925,30.8649,610.2183,5.2393,0.0000,200.0000,0.0000,0
2025-07-01 22:05:00,23.1894,7.0275,10.6762,27.1874,30.6859,39.6656,49.9509,113.8974,341.0266,832.5021,30.6245,605.8239,5.3190,0.0000,200.0000,0.0000,0
2025-07-01 22:10:00,23.2694,7.0880,10.5234,27.1368,30.4658,40.3183,49.8440,112.5973,341.3696,830.6864,30.3344,579.7974,5.1493,0.0000,200.0000,0.0000,0
2025-07-01 22:15:00,23.1502,7.0974,10.5944,27.1353,30.4942,39.7781,49.7300,108.9938,340.7162,826.2972,30.3161,582.2790,5.3423,0.0000,200.0000,0.0000,0
2025-07-01 22:20:00,23.1418,6.9969,10.5451,27.2525,30.4259,39.9753,50.1638,106.7576,346.8031,827.3340,30.2171,593.7391,5.5616,0.0000,200.0000,0.0000,0
2025-07-01 22:25:00,23.1068,6.9734,10.3808,27.0591,30.2016,39.8640,50.1055,101.3228,346.4655,817.2139,29.8753,568.6009,5.6118,0.0000,200.0000,0.0000,0
2025-07-01 22:30:00,22.9030,6.9540,10.2676,26.8995,29.9014,39.9112,50.1753,96.9586,346.4897,810.3906,29.6483,553.6043,5.7097,0.0000,200.0000,0.0000,0
2025-07-01 22:35:00,22.8367,7.0488,10.1983,26.7750,29.8747,40.0341,49.8912,95.1000,346.9271,807.0787,29.5499,527.7897,5.5498,0.0000,200.0000,0.0000,0
2025-07-01 22:40:00,22.7964,6.9314,10.2352,26.7098,29.7391,39.7515,50.1206,96.4129,347.2261,807.4544,29.2682,549.7496,5.7020,0.0000,200.0000,0.0000,0
2025-07-01 22:45:00,22.6754,6.9874,10.1681,26.6485,29.7045,39.9892,49.7746,93.6476,345.1109,802.3071,29.1562,532.4315,5.6855,0.0000,200.0000,0.0000,0
2025-07-01 22:50:00,22.6695,7.0051,10.1140,26.6248,29.5960,40.1377,49.8696,96.1505,345.7750,800.0305,29.2477,522.3320,5.4324,0.0000,200.0000,0.0000,0
2025-07-01 22:55:00,22.7358,6.9748,10.2687,26.6200,29.5959,39.8988,50.0189,96.2619,345.4614,802.1609,29.5444,550.1266,5.7149,0.0000,200.0000,0.0000,0
2025-07-01 23:00:00,22.7110,7.0140,10.2468,26.5805,29.7300,39.8332,50.0995,94.4832,351.4589,804.3098,29.5647,539.0416,5.7052,0.0000,200.0000,0.0000,0
2025-07-01 23:05:00,22.4967,7.1282,10.1670,26.6110,29.5708,39.9833,50.2519,93.9537,348.6558,799.6413,29.4412,508.6022,5.4133,0.0000,200.0000,0.0000,0
2025-07-01 23:10:00,22.5113,6.9939,10.0548,26.5464,29.3822,39.9594,49.9640,94.3905,347.3845,796.2995,29.3897,511.9853,5.4241,0.0000,200.0000,0.0000,0
2025-07-01 23:15:00,22.3869,6.9782,10.0131,26.4661,29.2909,39.9286,49.8701,89.2320,350.3884,791.1733,29.1576,507.2458,5.6846,0.0000,200.0000,0.0000,0
2025-07-01 23:20:00,22.3520,7.0508,9.9353,26.2551,29.2418,39.8574,49.8624,87.4152,350.2680,789.8134,29.0586,481.2673,5.5055,0.0000,200.0000,0.0000,0
2025-07-01 23:25:00,22.2618,7.0120,10.0634,26.2095,29.1187,40.0623,49.8968,88.7328,345.1124,789.6896,29.0992,511.7184,5.7670,0.0000,200.0000,0.0000,0
2025-07-01 23:30:00,22.2394,7.0720,9.9650,26.1982,29.1442,40.0714,50.3332,88.1303,347.1874,785.4295,28.9811,485.2811,5.5064,0.0000,200.0000,0.0000,0
2025-07-01 23:35:00,22.1464,7.0082,10.0371,26.1563,28.9752,39.8721,50.1135,85.8889,347.7860,789.1857,28.7964,505.5295,5.8859,0.0000,200.0000,0.0000,0
2025-07-01 23:40:00,22.1398,6.9876,9.9916,26.0482,28.9466,39.8887,50.1669,88.5669,348.9508,784.5150,29.0289,501.5882,5.6634,0.0000,200.0000,0.0000,0
2025-07-01 23:45:00,22.0276,6.9108,9.8791,26.1388,28.7889,40.0164,49.9642,84.1069,347.9681,781.5386,28.7849,497.2210,5.9118,0.0000,200.0000,0.0000,0
2025-07-01 23:50:00,21.9042,6.9190,9.9624,25.9537,28.7249,39.8842,49.9998,84.9933,348.2189,778.2535,28.7761,508.1109,5.9782,0.0000,200.0000,0.0000,0
2025-07-01 23:55:00,21.9686,6.9082,9.9299,25.8112,28.5500,40.0214,50.1049,83.2695,347.5259,771.3177,28.6041,506.2153,6.0792,0.0000,200.0000,0.0000,0
2025-07-02 00:00:00,21.8115,7.0190,10.0376,25.9269,28.6323,40.1762,49.9241,86.5470,350.1401,775.0652,28.8540,507.6659,5.8658,0.0000,200.0000,0.0000,0
2025-07-02 00:05:00,21.8288,6.9319,9.9044,25.8230,28.6333,39.9928,49.9563,85.0010,345.3863,774.6117,28.6668,497.6278,5.8544,0.0000,200.0000,0.0000,0
2025-07-02 00:10:00,21.6354,7.0628,9.8023,25.7302,28.4247,39.8544,49.8988,77.5981,348.4748,770.6018,28.4282,457.0378,5.8898,0.0000,200.0000,0.0000,0
2025-07-02 00:15:00,21.6099,7.0015,9.6978,25.5666,28.2556,40.0471,49.9329,79.4651,345.8332,762.6310,28.3445,451.9917,5.6879,0.0000,200.0000,0.0000,0
2025-07-02 00:20:00,21.6369,6.9878,9.7326,25.6150,28.4297,39.9787,50.0073,79.8638,347.2566,766.3504,28.4975,459.3475,5.7516,0.0000,200.0000,0.0000,0
2025-07-02 00:25:00,21.5703,6.9578,9.8666,25.5619,28.1498,39.9820,49.8767,79.1421,350.4905,764.0701,28.2627,486.8301,6.1513,0.0000,200.0000,0.0000,0
2025-07-02 00:30:00,21.7018,7.0311,9.8845,25.7589,28.1546,40.0570,50.0429,78.4213,350.4988,766.1075,28.2963,478.4448,6.1010,0.0000,200.0000,0.0000,0
2025-07-02 00:35:00,21.6481,6.9598,9.7200,25.6562,28.1949,40.0829,50.0427,76.5959,349.7392,763.2480,28.1465,463.1284,6.0464,0.0000,200.0000,0.0000,0
2025-07-02 00:40:00,21.5153,6.9507,9.7541,25.5006,28.0571,40.0043,49.9731,77.2772,351.9501,760.0171,28.0557,469.4399,6.0748,0.0000,200.0000,0.0000,0
2025-07-02 00:45:00,21.3372,7.0594,9.7113,25.3770,27.9541,39.9927,49.8759,74.7716,352.9833,755.0441,27.9200,443.9518,5.9374,0.0000,200.0000,0.0000,0
2025-07-02 00:50:00,21.5320,7.0177,9.7395,25.4857,27.8649,40.2476,50.0157,74.6070,350.3892,758.6056,27.7911,458.5592,6.1463,0.0000,200.0000,0.0000,0
2025-07-02 00:55:00,21.2406,6.9883,9.6766,25.2323,27.7725,40.1441,49.9243,74.0387,350.9750,757.4624,27.6452,451.7536,6.1016,0.0000,200.0000,0.0000,0
2025-07-02 01:00:00,21.3115,7.0321,9.7329,25.1567,27.6941,40.1000,50.0070,76.1278,349.4138,753.0764,27.5702,453.3502,5.9551,0.0000,200.0000,0.0000,0
2025-07-02 01:05:00,21.2199,7.0004,9.7733,25.1409,27.7307,40.0157,50.1647,76.1186,351.1328,751.7873,27.6265,464.4693,6.1019,0.0000,200.0000,0.0000,0
2025-07-02 01:10:00,21.2032,7.0192,9.7066,25.2720,27.7011,39.8793,49.8121,73.8202,347.8141,752.0190,27.4852,448.6247,6.0773,0.0000,200.0000,0.0000,0
2025-07-02 01:15:00,21.1320,6.9592,9.7369,25.2697,27.7527,40.1353,50.3260,75.1187,353.5600,754.6327,27.5155,466.6730,6.2125,0.0000,200.0000,0.0000,0
2025-07-02 01:20:00,21.1889,7.1035,9.6904,25.1587,27.7335,40.0173,49.9891,74.1478,352.9752,750.5609,27.5162,433.3292,5.8441,0.0000,200.0000,0.0000,0
2025-07-02 01:25:00,21.1468,6.9710,9.5741,25.1366,27.6440,39.9307,50.0618,71.3177,348.7366,751.8151,27.3019,435.0999,6.1009,0.0000,200.0000,0.0000,0
2025-07-02 01:30:00,21.1744,7.0778,9.5772,25.0909,27.4669,39.9708,49.8871,69.1363,350.1255,748.6119,27.1878,418.1904,6.0488,0.0000,200.0000,0.0000,0
2025-07-02 01:35:00,21.0606,6.9906,9.4949,25.0770,27.4429,39.8841,50.1713,69.0020,352.8472,743.7017,26.9193,418.1104,6.0594,0.0000,200.0000,0.0000,0
2025-07-02 01:40:00,20.9651,7.0404,9.5615,25.0752,27.4467,40.1269,49.9812,68.1419,351.0229,740.5148,27.0529,423.4716,6.2146,0.0000,200.0000,0.0000,0
2025-07-02 01:45:00,21.1904,7.0367,9.5972,25.1737,27.4787,40.0820,49.9409,66.1828,353.0141,743.6273,26.8394,429.6130,6.4913,0.0000,200.0000,0.0000,0
2025-07-02 01:50:00,21.1123,7.0573,9.5021,25.1619,27.4477,40.0218,49.9137,66.9710,351.3521,742.9316,26.9826,409.5771,6.1157,0.0000,200.0000,0.0000,0
2025-07-02 01:55:00,21.0365,6.9580,9.5731,25.0509,27.4184,39.9949,49.9597,68.4147,354.9822,741.8558,26.8576,437.8230,6.3995,0.0000,200.0000,0.0000,0
2025-07-02 02:00:00,20.9845,7.0538,9.4629,25.0403,27.3486,39.9183,50.0628,68.5635,351.7378,743.5059,26.9129,402.5541,5.8713,0.0000,200.0000,0.0000,0
2025-07-02 02:05:00,21.0973,7.0923,9.5121,25.0443,27.4260,39.7444,50.0259,66.9293,356.7029,744.4682,27.0046,402.5754,6.0149,0.0000,200.0000,0.0000,0
2025-07-02 02:10:00,20.8759,6.9871,9.4919,24.9475,27.2906,39.8304,49.9940,67.6514,353.4436,735.6777,26.8342,417.6253,6.1732,0.0000,200.0000,0.0000,0
2025-07-02 02:15:00,20.9496,7.0017,9.6677,25.0370,27.4166,39.9109,49.8933,69.7151,348.8639,746.4768,27.2857,445.3868,6.3887,0.0000,200.0000,0.0000,0
2025-07-02 02:20:00,20.9549,6.9738,9.4567,24.9575,27.2548,39.8928,49.8846,69.0397,355.8753,741.5043,27.0257,414.6252,6.0056,0.0000,200.0000,0.0000,0
2025-07-02 02:25:00,20.9350,6.9827,9.5388,24.9279,27.2668,40.0347,49.9309,68.6499,353.9928,741.2500,26.9110,428.3609,6.2398,0.0000,200.0000,0.0000,0
2025-07-02 02:30:00,20.8258,7.0856,9.6118,24.8393,27.1347,40.0974,50.0690,66.5718,352.5944,740.2517,26.9592,424.0140,6.3693,0.0000,200.0000,0.0000,0
2025-07-02 02:35:00,20.8057,6.9498,9.5315,24.9028,27.1629,39.9846,50.0993,69.2343,352.8620,738.8899,26.8651,432.1172,6.2414,0.0000,200.0000,0.0000,0
2025-07-02 02:40:00,20.9060,6.9529,9.4941,24.8230,27.2083,40.1691,50.1196,67.9232,349.7412,741.5955,26.9504,427.2961,6.2909,0.0000,200.0000,0.0000,0
2025-07-02 02:45:00,20.8358,7.0805,9.6244,24.8557,27.4032,39.9061,49.9998,71.3570,347.6514,742.3927,27.2173,424.9420,5.9552,0.0000,200.0000,0.0000,0
2025-07-02 02:50:00,20.8475,7.0312,9.6040,24.8854,27.3062,39.9837,50.0575,70.5030,351.2852,745.0423,26.9959,430.6101,6.1077,0.0000,200.0000,0.0000,0
2025-07-02 02:55:00,20.7580,7.1060,9.7056,24.7233,27.2430,39.9939,49.9747,70.9887,353.8554,739.0232,26.8625,435.2057,6.1306,0.0000,200.0000,0.0000,0
2025-07-02 03:00:00,20.8178,6.9775,9.6601,24.7552,27.1172,40.1311,49.7387,68.9999,351.8027,743.5932,26.8832,450.6551,6.5312,0.0000,200.0000,0.0000,0
2025-07-02 03:05:00,20.7523,7.0063,9.7930,24.7517,27.3248,40.0127,49.9676,73.4830,353.6902,741.7649,27.0664,466.7541,6.3519,0.0000,200.0000,0.0000,0
2025-07-02 03:10:00,20.6889,6.9670,9.7853,24.7767,27.3204,40.0160,49.9437,74.7707,352.2778,749.9261,27.1655,472.0910,6.3138,0.0000,200.0000,0.0000,0
2025-07-02 03:15:00,20.8375,7.0072,9.7893,24.7468,27.3333,39.8014,49.8441,77.8350,349.4853,744.3351,27.1116,463.5350,5.9554,0.0000,200.0000,0.0000,0
2025-07-02 03:20:00,20.7783,6.9113,9.7697,24.8121,27.3537,39.8920,49.9149,76.3122,352.1877,747.2936,27.2143,477.3259,6.2549,0.0000,200.0000,0.0000,0
2025-07-02 03:25:00,20.7697,7.0342,9.7777,24.7678,27.3971,40.1315,50.0203,75.9411,352.4122,746.1175,27.3672,460.8751,6.0689,0.0000,200.0000,0.0000,0
2025-07-02 03:30:00,20.7463,7.0162,9.7770,24.7380,27.2691,39.7510,49.8300,74.2593,349.8938,745.7579,27.2547,459.3986,6.1864,0.0000,200.0000,0.0000,0
2025-07-02 03:35:00,20.7290,6.9971,9.6924,24.7655,27.2936,40.1612,49.8934,73.2416,349.9684,742.7357,27.0675,453.1173,6.1866,0.0000,200.0000,0.0000,0
2025-07-02 03:40:00,20.5639,6.9805,9.6780,24.7097,27.2498,40.0600,50.2322,73.6216,350.6774,738.7314,27.0263,452.3566,6.1443,0.0000,200.0000,0.0000,0
2025-07-02 03:45:00,20.7699,6.9553,9.6657,24.7812,27.1604,39.9103,49.7596,68.9918,346.1616,734.0292,26.9718,452.8259,6.5635,0.0000,200.0000,0.0000,0
2025-07-02 03:50:00,20.6110,7.0364,9.5681,24.5820,26.9788,39.9002,49.9725,67.5706,351.6755,741.1871,26.7911,422.8529,6.2579,0.0000,200.0000,0.0000,0
2025-07-02 03:55:00,20.6204,6.9414,9.7109,24.5470,27.0993,40.2275,49.8251,71.3978,352.1642,738.7795,26.8526,466.3468,6.5317,0.0000,200.0000,0.0000,0
2025-07-02 04:00:00,20.5693,7.0256,9.6241,24.4902,27.0738,40.1694,49.8873,67.9101,351.2148,730.7624,26.6476,436.9307,6.4340,0.0000,200.0000,0.0000,0
2025-07-02 04:05:00,20.6619,7.1037,9.7559,24.6088,27.0669,39.9857,49.9703,72.3025,351.1993,739.9991,26.8492,443.9277,6.1399,0.0000,200.0000,0.0000,0
2025-07-02 04:10:00,20.6014,7.0743,9.7989,24.5622,27.3264,40.0162,49.8519,76.6963,349.4224,746.0019,27.0986,456.3874,5.9506,0.0000,200.0000,0.0000,0
2025-07-02 04:15:00,20.6692,6.9247,9.8725,24.7885,27.3048,39.9225,50.0861,78.1164,345.3296,744.3821,27.1949,492.6127,6.3061,0.0000,200.0000,0.0000,0
2025-07-02 04:20:00,20.7101,6.9732,9.8921,24.7968,27.4604,40.0162,50.2027,77.8344,352.2989,747.3442,27.4631,488.9430,6.2818,0.0000,200.0000,0.0000,0
2025-07-02 04:25:00,20.8557,7.0211,9.9817,24.7354,27.4788,39.9191,50.1263,80.5981,347.7301,750.8034,27.5973,494.7197,6.1381,0.0000,200.0000,0.0000,0
2025-07-02 04:30:00,20.8154,6.9965,9.9306,24.7162,27.4648,39.9906,50.1537,80.4768,347.3906,752.6928,27.7514,491.1711,6.1033,0.0000,200.0000,0.0000,0
2025-07-02 04:35:00,20.7858,6.9300,9.8817,24.9474,27.7336,40.2172,49.7930,80.3643,351.0130,754.6324,27.6853,496.9111,6.1832,0.0000,200.0000,0.0000,0
2025-07-02 04:40:00,20.8291,7.0193,9.9959,24.8491,27.5774,39.9885,49.9635,81.8516,350.4153,756.8949,27.6046,498.2578,6.0873,0.0000,200.0000,0.0000,0
2025-07-02 04:45:00,20.9193,6.9995,9.9596,24.8750,27.7114,39.8742,50.0701,81.8898,348.8501,757.3419,27.6745,494.0891,6.0336,0.0000,200.0000,0.0000,0
2025-07-02 04:50:00,20.8051,7.0957,10.0520,24.7905,27.7213,39.8360,50.1307,82.2618,349.4417,754.0861,27.5965,492.9724,5.9927,0.0000,200.0000,0.0000,0
2025-07-02 04:55:00,20.7569,6.9873,10.0113,24.8288,27.6290,40.0153,50.2630,81.8197,345.8886,750.0568,27.3905,506.5226,6.1907,0.0000,200.0000,0.0000,0
2025-07-02 05:00:00,20.9059,7.0584,9.8356,24.8397,27.4156,39.9087,50.1604,78.1728,348.8852,748.9418,27.2439,463.9549,5.9350,0.0000,200.0000,0.0000,0
2025-07-02 05:05:00,20.8574,6.9366,9.7978,24.9014,27.4226,40.0296,50.1345,78.2168,351.8912,750.1526,27.0905,479.4278,6.1295,0.0000,200.0000,0.0000,0
2025-07-02 05:10:00,20.8974,6.9486,9.9428,24.9259,27.5448,39.8057,50.3950,79.3229,347.3963,752.1854,27.3740,498.9181,6.2897,0.0000,200.0000,0.0000,0
2025-07-02 05:15:00,20.8833,7.0361,9.8593,24.9179,27.6013,40.0828,50.0144,78.9092,347.0487,753.1211,27.2486,473.6998,6.0031,0.0000,200.0000,0.0000,0
2025-07-02 05:20:00,20.9445,7.0542,9.9856,24.9594,27.6564,39.8728,49.9566,80.1126,348.6698,755.5509,27.3896,489.2810,6.1074,0.0000,200.0000,0.0000,0
2025-07-02 05:25:00,20.9735,6.9521,9.9009,24.9589,27.6393,40.0056,50.0266,79.1366,348.9570,755.7916,27.2736,493.8053,6.2399,0.0000,200.0000,0.0000,0
2025-07-02 05:30:00,21.0680,7.0012,9.9667,24.9911,27.7559,39.9594,49.8627,80.7355,350.0004,756.3980,27.4021,496.0396,6.1440,0.0000,200.0000,0.0000,0
2025-07-02 05:35:00,21.2058,6.9309,9.9531,25.1417,27.8692,40.2062,50.0101,80.5179,345.8133,760.6532,27.4527,508.6411,6.3171,0.0000,200.0000,0.0000,0
2025-07-02 05:40:00,21.1443,6.9909,9.9155,25.1854,27.9226,40.0206,49.7410,81.3773,343.7258,764.1717,27.4895,489.9450,6.0207,0.0000,200.0000,0.0000,0
2025-07-02 05:45:00,21.2851,7.0418,9.8929,25.1737,28.0201,40.2335,49.9206,81.4415,350.5806,756.6158,27.5118,480.1607,5.8958,0.0000,200.0000,0.0000,0
2025-07-02 05:50:00,21.3098,6.9783,9.8713,25.2527,27.9215,40.0673,49.9827,78.7090,347.0019,760.9517,27.3424,485.2283,6.1648,0.0000,200.0000,0.0000,0
2025-07-02 05:55:00,21.3582,6.9875,9.9279,25.2711,27.9208,40.1710,50.1424,79.9444,347.8771,763.7856,27.2864,494.4318,6.1847,0.0000,200.0000,0.0000,0
2025-07-02 06:00:00,21.3643,6.9435,9.8868,25.4490,28.0592,39.9749,50.1667,80.0707,344.5543,761.3138,27.4166,492.5153,6.1510,0.0000,200.0000,0.0000,0
2025-07-02 06:05:00,21.3385,6.9676,9.8358,25.4705,28.0370,40.0415,49.8555,76.5040,351.6323,762.1504,27.0484,480.7448,6.2839,0.0000,200.0000,0.0000,0
2025-07-02 06:10:00,21.4724,7.0879,9.7998,25.4442,28.1401,40.1462,50.3114,77.6060,350.3839,765.3217,27.2889,455.7479,5.8726,0.0000,200.0000,0.0000,0
2025-07-02 06:15:00,21.6464,7.0036,9.8502,25.5695,28.2468,40.1086,50.0223,80.0107,349.9184,764.0512,27.3582,477.9232,5.9732,0.0000,200.0000,0.0000,0
2025-07-02 06:20:00,21.6278,6.9499,9.9093,25.5849,28.2440,40.0637,50.0360,79.8670,350.0778,767.4952,27.3843,496.3136,6.2142,0.0000,200.0000,0.0000,0
2025-07-02 06:25:00,21.6643,6.9843,9.9388,25.7258,28.3397,39.9606,49.7573,81.5334,344.8900,768.8881,27.6881,494.2195,6.0616,0.0000,200.0000,0.0000,0
2025-07-02 06:30:00,21.6858,6.9201,9.9415,25.7262,28.5003,39.9809,49.9070,84.4139,346.5526,772.4778,27.9383,505.6637,5.9903,0.0000,200.0000,0.0000,0
2025-07-02 06:35:00,21.7437,6.9493,9.9930,25.7708,28.7343,40.1365,50.1575,84.2658,347.2499,775.1304,28.2122,511.3723,6.0686,0.0000,200.0000,0.0000,0
2025-07-02 06:40:00,21.9144,7.0680,10.0143,25.9526,28.8038,40.1615,50.0255,87.5294,346.1013,783.2973,28.5116,495.3117,5.6588,0.0000,200.0000,0.0000,0
2025-07-02 06:45:00,21.8206,6.9929,9.9941,25.8917,28.6526,39.9289,50.0162,87.7104,347.4410,777.1232,28.5036,501.6267,5.7191,0.0000,200.0000,0.0000,0
2025-07-02 06:50:00,21.9451,7.0945,10.0975,25.9785,28.8382,39.9107,50.0341,87.3158,347.8215,782.3507,28.7361,501.6944,5.7457,0.0000,200.0000,0.0000,0
2025-07-02 06:55:00,22.0095,6.9952,10.1070,25.8913,28.7393,39.8915,49.7835,88.0254,349.4868,780.6680,28.9508,519.6238,5.9031,0.0000,200.0000,0.0000,0
2025-07-02 07:00:00,22.0501,6.9982,10.1389,26.0678,29.0029,40.0996,49.9855,89.1103,344.2087,785.0220,28.9801,527.1843,5.9161,0.0000,200.0000,0.0000,0
2025-07-02 07:05:00,22.2145,7.0320,10.1616,26.1394,29.2105,39.8885,50.2112,94.3750,346.1981,789.9321,29.1430,522.5578,5.5370,0.0000,200.0000,0.0000,0
2025-07-02 07:10:00,22.1369,6.8664,10.2761,26.1515,29.1758,40.0981,50.1630,94.5411,347.5552,791.8053,29.3292,572.3287,6.0538,0.0000,200.0000,0.0000,0
2025-07-02 07:15:00,22.2253,7.0102,10.2518,26.1875,29.3383,40.0655,49.9812,96.7869,344.0458,795.1882,29.2986,543.6489,5.6170,0.0000,200.0000,0.0000,0
2025-07-02 07:20:00,22.4008,6.9976,10.1879,26.4499,29.4542,39.9346,50.2346,96.4775,345.6643,799.5651,29.4224,533.3192,5.5279,0.0000,200.0000,0.0000,0
2025-07-02 07:25:00,22.4527,7.0743,10.4180,26.5501,29.7391,40.1877,49.8111,99.5250,346.0463,808.4805,29.8234,562.5008,5.6519,0.0000,200.0000,0.0000,0
2025-07-02 07:30:00,22.7253,7.0482,10.4079,26.7057,29.8175,39.8245,49.8542,100.0893,345.2710,808.7205,29.9480,560.0740,5.5957,0.0000,200.0000,0.0000,0
2025-07-02 07:35:00,22.7383,6.9433,10.4064,26.8119,29.9437,40.1991,50.2795,103.1713,346.1166,811.6152,29.9022,582.7507,5.6484,0.0000,200.0000,0.0000,0
2025-07-02 07:40:00,22.8849,7.0621,10.5141,26.8705,30.0928,40.0383,50.0867,107.4857,344.2572,816.1652,30.0888,578.5584,5.3827,0.0000,200.0000,0.0000,0
2025-07-02 07:45:00,22.9123,6.9869,10.5759,26.9245,30.2952,39.7512,49.9567,111.8037,342.9625,823.4382,30.2837,597.2028,5.3415,0.0000,200.0000,0.0000,0
2025-07-02 07:50:00,22.8991,6.9548,10.6460,26.9593,30.3391,40.1910,49.9917,111.3676,340.9244,823.0314,30.4069,621.0055,5.5762,0.0000,200.0000,0.0000,0
2025-07-02 07:55:00,22.8972,7.0099,10.6388,26.9638,30.3312,40.1167,49.8790,110.7863,343.5503,824.8841,30.5178,609.3951,5.5006,0.0000,200.0000,0.0000,0
2025-07-02 08:00:00,23.1702,6.9899,10.4987,27.2385,30.5130,39.9486,50.0415,110.9688,343.5609,828.2526,30.7682,586.7591,5.2876,0.0000,200.0000,0.0000,0
2025-07-02 08:05:00,23.2708,7.0769,10.7718,27.2707,30.6912,39.8842,50.0296,115.9499,340.5073,836.3704,31.2389,616.8761,5.3202,0.0000,200.0000,0.0000,0
2025-07-02 08:10:00,23.4186,7.0170,10.7582,27.4351,30.9655,39.8117,50.0030,117.1774,343.3828,840.7162,31.5657,623.4704,5.3207,0.0000,200.0000,0.0000,0
2025-07-02 08:15:00,23.5433,7.0103,10.7014,27.4899,31.0406,40.2899,49.8260,119.3539,344.5752,842.5323,31.3948,622.5223,5.2158,0.0000,200.0000,0.0000,0
2025-07-02 08:20:00,23.6200,7.0450,10.6461,27.5573,31.0244,39.8892,50.0397,115.8246,340.9578,842.2906,31.6225,601.3007,5.1915,0.0000,200.0000,0.0000,0
2025-07-02 08:25:00,23.5856,7.0546,10.7502,27.5344,31.0853,39.8484,49.9206,119.6685,340.5995,843.3532,31.6235,616.4457,5.1513,0.0000,200.0000,0.0000,0
2025-07-02 08:30:00,23.5362,7.0392,10.7333,27.6220,31.2262,40.0322,49.8521,119.7759,340.3457,848.6144,31.6887,619.0346,5.1683,0.0000,200.0000,0.0000,0
2025-07-02 08:35:00,23.6909,7.0710,10.8723,27.7518,31.3453,39.8035,50.1900,125.0263,337.6323,853.2306,32.0006,633.3663,5.0659,0.0000,200.0000,0.0000,0
2025-07-02 08:40:00,23.7544,7.0304,10.9142,27.8624,31.4564,39.8822,50.3255,127.8173,344.8256,854.1909,32.1046,648.3900,5.0728,0.0000,200.0000,0.0000,0
2025-07-02 08:45:00,23.8928,7.0084,10.8718,27.8719,31.5824,40.1194,50.2914,126.2659,339.7313,861.4060,32.1757,648.8273,5.1386,0.0000,200.0000,0.0000,0
2025-07-02 08:50:00,23.9203,7.0620,10.8151,27.8886,31.7199,40.0557,50.0975,126.8459,339.1500,857.4407,32.2517,629.2999,4.9611,0.0000,200.0000,0.0000,0
2025-07-02 08:55:00,23.8321,6.9955,10.8794,27.8853,31.5585,39.9536,49.9602,126.8813,338.7011,858.7199,32.2552,649.5737,5.1195,0.0000,200.0000,0.0000,0
2025-07-02 09:00:00,23.9817,7.0017,10.8831,27.9250,31.7578,40.0022,49.9894,128.6951,339.7748,863.8331,32.3695,649.9470,5.0503,0.0000,200.0000,0.0000,0
2025-07-02 09:05:00,23.9747,7.0861,10.8585,28.1325,31.7471,39.9469,50.0608,124.7581,339.6370,862.0147,32.3258,630.8096,5.0563,0.0000,200.0000,0.0000,0
2025-07-02 09:10:00,24.1757,7.0811,10.8593,28.1513,31.9115,39.9926,49.9370,131.4046,343.2914,863.2812,32.4585,632.5050,4.8134,0.0000,200.0000,0.0000,0
2025-07-02 09:15:00,24.1623,6.9996,10.9881,28.2935,32.0914,39.9086,50.1978,133.2536,337.3153,873.6664,32.6364,666.3072,5.0003,0.0000,200.0000,0.0000,0
2025-07-02 09:20:00,24.2711,6.9773,11.0210,28.2585,32.0451,39.9304,49.6946,132.2852,336.8610,874.9111,32.6132,675.8945,5.1094,0.0000,200.0000,0.0000,0
2025-07-02 09:25:00,24.3517,7.0732,11.0576,28.3480,32.1817,39.9267,49.9556,134.6818,340.7007,877.7565,32.7487,665.9307,4.9445,0.0000,200.0000,0.0000,0
2025-07-02 09:30:00,24.5587,7.0400,11.0730,28.4575,32.3355,39.9129,50.1202,138.8609,338.6931,878.7070,33.2145,673.8113,4.8524,0.0000,200.0000,0.0000,0
2025-07-02 09:35:00,24.4948,7.0158,11.0699,28.4130,32.4222,40.1253,49.8732,138.6891,338.3329,887.5736,33.0824,680.9495,4.9099,0.0000,200.0000,0.0000,0
2025-07-02 09:40:00,24.5089,6.9839,11.1367,28.4816,32.5554,40.0924,49.9640,140.7400,339.8366,882.9717,33.0455,696.9524,4.9521,0.0000,200.0000,0.0000,0
2025-07-02 09:45:00,24.6006,7.0166,11.1778,28.6461,32.5576,39.8881,50.0890,140.7210,338.8786,884.7941,32.8420,694.8117,4.9375,0.0000,200.0000,0.0000,0
2025-07-02 09:50:00,24.5243,6.9989,11.2056,28.5998,32.6803,39.8567,50.2277,143.7067,338.2241,890.8542,32.7289,701.8434,4.8839,0.0000,200.0000,0.0000,0
2025-07-02 09:55:00,24.6295,6.9668,11.1536,28.7338,32.7340,39.9811,49.8059,143.6824,335.5561,892.1018,32.8617,700.7078,4.8768,0.0000,200.0000,0.0000,0
2025-07-02 10:00:00,24.7729,7.0065,11.1999,28.8255,32.7883,40.2586,49.7948,145.4228,334.9840,893.6337,33.1698,706.6949,4.8596,0.0000,200.0000,0.0000,0
2025-07-02 10:05:00,24.6438,7.0133,11.2983,28.7311,32.7938,39.8767,49.8581,145.2477,336.6112,893.7822,33.1157,715.2711,4.9245,0.0000,200.0000,0.0000,0
2025-07-02 10:10:00,24.9000,6.9812,11.2356,28.9231,32.9567,39.9807,49.7694,145.4764,335.8259,901.5788,33.1637,712.0039,4.8943,0.0000,200.0000,0.0000,0
2025-07-02 10:15:00,24.7867,7.0452,11.1150,28.8400,32.8129,40.0106,49.7800,143.2323,338.7643,895.9887,33.2063,681.6379,4.7590,0.0000,200.0000,0.0000,0
2025-07-02 10:20:00,24.9088,7.0644,11.1481,28.8459,32.8813,39.9870,49.8541,144.6224,335.1035,892.2341,33.0280,683.5460,4.7264,0.0000,200.0000,0.0000,0
2025-07-02 10:25:00,24.9065,7.0485,11.2736,28.9512,32.9937,39.9450,50.1850,144.8327,337.5360,900.6804,33.2330,706.4795,4.8779,0.0000,200.0000,0.0000,0
2025-07-02 10:30:00,24.8853,6.9862,11.1950,28.8935,33.0627,40.1386,49.9532,146.9223,337.3736,899.7792,33.1777,707.1655,4.8132,0.0000,200.0000,0.0000,0
2025-07-02 10:35:00,25.0242,7.0378,11.3073,28.9983,33.2132,40.0545,50.0047,152.1724,337.2660,907.6574,33.4270,715.8553,4.7042,0.0000,200.0000,0.0000,0
2025-07-02 10:40:00,25.1339,7.0039,11.2685,29.0476,33.1588,40.1015,49.8567,150.8619,338.3528,906.5551,33.4344,715.8739,4.7452,0.0000,200.0000,0.0000,0
2025-07-02 10:45:00,25.0739,6.9382,11.2783,29.0649,33.1336,40.0707,50.0950,147.9200,336.9523,910.1869,33.2571,727.9955,4.9215,0.0000,200.0000,0.0000,0
2025-07-02 10:50:00,25.1838,7.0336,11.2981,29.3278,33.3625,40.1073,50.2814,149.9166,336.1504,909.3090,33.5377,715.9612,4.7757,0.0000,200.0000,0.0000,0
2025-07-02 10:55:00,25.2508,7.0073,11.4613,29.1714,33.5734,40.1901,49.8669,156.0467,339.0404,915.9169,33.8206,749.3233,4.8019,0.0000,200.0000,0.0000,0
2025-07-02 11:00:00,25.2587,7.1297,11.5227,29.3510,33.7028,40.1597,50.2587,160.7625,334.9937,923.8390,34.1602,738.5025,4.5937,0.0000,200.0000,0.0000,0
2025-07-02 11:05:00,25.4004,7.0729,11.6845,29.3675,33.9016,40.2790,50.0547,166.8922,337.6518,927.6244,34.4771,777.5630,4.6591,0.0000,200.0000,0.0000,0
2025-07-02 11:10:00,25.4905,7.0356,11.6371,29.4290,33.9714,40.1461,50.0025,169.2054,333.9846,932.9707,34.6364,773.2915,4.5701,0.0000,200.0000,0.0000,0
2025-07-02 11:15:00,25.6932,7.0125,11.7895,29.5558,34.2976,39.9197,50.0600,175.7755,333.2897,935.5542,34.9024,798.2638,4.5414,0.0000,200.0000,0.0000,0
2025-07-02 11:20:00,25.6524,7.0082,11.7490,29.7169,34.2732,40.1017,50.0586,176.8428,333.2408,943.3155,34.9525,795.8239,4.5002,0.0000,200.0000,0.0000,0
2025-07-02 11:25:00,25.6948,6.9498,11.6852,29.7444,34.4519,40.0853,50.2786,177.5318,334.0323,943.6426,34.9819,794.5782,4.4757,0.0000,200.0000,0.0000,0
2025-07-02 11:30:00,25.7350,6.9131,11.8436,29.7730,34.4290,40.2304,50.0780,179.7664,332.3003,947.4557,35.2717,830.3330,4.6190,0.0000,200.0000,0.0000,0
2025-07-02 11:35:00,25.8279,6.9564,11.9550,29.8720,34.6027,39.8839,50.0812,180.7224,333.1530,948.4378,35.5773,834.5412,4.6178,0.0000,200.0000,0.0000,0
2025-07-02 11:40:00,25.9136,6.9976,11.8999,29.9579,34.6544,40.0670,49.9368,181.8160,335.8253,955.2150,35.8203,822.2144,4.5222,0.0000,200.0000,0.0000,0
2025-07-02 11:45:00,25.9820,6.8947,11.8294,30.0255,34.6694,39.9183,50.1259,179.6667,335.5151,951.2219,35.7613,824.5822,4.5895,0.0000,200.0000,0.0000,0
2025-07-02 11:50:00,26.0014,6.9728,11.7418,29.9198,34.5907,40.0615,49.8565,175.8147,335.7899,950.1592,35.7950,799.7522,4.5488,0.0000,200.0000,0.0000,0
2025-07-02 11:55:00,25.9707,6.9876,11.7629,30.0262,34.6844,39.9742,50.0164,178.1640,330.8937,951.7293,35.7880,799.0508,4.4849,0.0000,200.0000,0.0000,0
2025-07-02 12:00:00,26.1487,6.9892,11.8072,30.1243,34.7772,40.0575,50.4325,177.6253,331.3537,954.7260,35.8456,807.8891,4.5483,0.0000,200.0000,0.0000,0
2025-07-02 12:05:00,26.1482,6.9669,11.8125,30.0805,34.7820,39.8308,49.6244,176.5497,334.5167,955.1513,35.7623,807.9167,4.5761,0.0000,200.0000,0.0000,0
2025-07-02 12:10:00,26.1636,6.9829,11.7787,30.0857,34.8354,40.0952,50.0350,174.6834,335.6853,953.5064,35.8294,804.9110,4.6078,0.0000,200.0000,0.0000,0
2025-07-02 12:15:00,26.1329,7.0862,11.7779,30.0475,34.8002,40.0247,50.0407,176.3469,332.8390,955.8509,35.7611,786.0565,4.4574,0.0000,200.0000,0.0000,0
2025-07-02 12:20:00,26.3185,7.0331,11.7922,30.2006,34.9741,40.0183,49.9658,178.5263,332.0595,958.1418,35.9697,797.2266,4.4656,0.0000,200.0000,0.0000,0
2025-07-02 12:25:00,26.0829,6.9720,11.7296,30.1387,34.7436,40.2340,49.9693,176.2237,336.8129,951.6552,35.8822,801.2731,4.5469,0.0000,200.0000,0.0000,0
2025-07-02 12:30:00,26.1702,6.9966,11.7017,30.0962,34.8461,39.9541,50.0137,176.5443,335.2350,954.1450,35.8616,786.9138,4.4573,0.0000,200.0000,0.0000,0
2025-07-02 12:35:00,26.1599,6.9986,11.6823,30.2497,34.8728,40.0411,49.9622,177.1039,335.8567,955.6971,35.9723,785.0390,4.4326,0.0000,200.0000,0.0000,0
2025-07-02 12:40:00,26.3858,6.9616,11.7285,30.3041,34.9571,40.0120,50.0333,179.2656,332.6162,961.4749,35.9633,798.4173,4.4538,0.0000,200.0000,0.0000,0
2025-07-02 12:45:00,26.3111,6.9615,11.7541,30.3342,34.9284,40.0238,49.9269,178.7256,332.7253,958.2445,35.8359,802.9366,4.4926,0.0000,200.0000,0.0000,0
2025-07-02 12:50:00,26.2904,7.0505,11.7064,30.3428,34.9718,40.2666,50.3034,175.8640,335.9076,956.6633,35.7957,784.7795,4.4624,0.0000,200.0000,0.0000,0
2025-07-02 12:55:00,26.3628,6.9790,11.7278,30.2839,35.0418,40.0077,49.9622,180.0717,332.8430,961.7491,35.8583,795.2844,4.4165,0.0000,200.0000,0.0000,0
2025-07-02 13:00:00,26.2863,6.9453,11.7011,30.2963,34.8963,39.9319,50.0854,176.6865,332.9325,952.9996,35.8840,794.9640,4.4993,0.0000,200.0000,0.0000,0
2025-07-02 13:05:00,26.2529,6.9978,11.6717,30.3122,34.9084,40.2245,49.8996,174.8861,332.4509,955.1446,35.7615,786.9788,4.5000,0.0000,200.0000,0.0000,0
2025-07-02 13:10:00,26.3568,7.0059,11.6343,30.2915,34.9107,39.9631,50.1400,176.4887,333.2121,956.8552,36.0466,774.2602,4.3870,0.0000,200.0000,0.0000,0
2025-07-02 13:15:00,26.4374,6.9014,11.6841,30.3458,34.8763,39.8074,50.1100,176.1903,335.9074,963.6229,36.0003,796.9624,4.5233,0.0000,200.0000,0.0000,0
2025-07-02 13:20:00,26.4110,6.9980,11.6788,30.4052,35.0813,39.9111,50.0629,176.0673,331.1997,961.8716,36.1545,782.0231,4.4416,0.0000,200.0000,0.0000,0
2025-07-02 13:25:00,26.3398,7.0434,11.7106,30.2919,34.9711,39.8504,49.8459,178.2442,335.1045,957.5795,36.3507,778.5556,4.3679,0.0000,200.0000,0.0000,0
2025-07-02 13:30:00,26.4034,7.0226,11.8279,30.4379,35.0275,39.7840,49.8871,181.7180,332.1094,962.9444,36.4032,800.2564,4.4038,0.0000,200.0000,0.0000,0
2025-07-02 13:35:00,26.5203,7.1115,11.6994,30.4885,35.1564,39.9564,50.2529,182.9964,333.0011,967.0752,36.3412,767.3677,4.1933,0.0000,200.0000,0.0000,0
2025-07-02 13:40:00,26.6636,7.0626,11.6855,30.7469,35.3413,39.9916,49.8855,183.1775,333.2075,969.9426,36.6191,773.9005,4.2249,0.0000,200.0000,0.0000,0
2025-07-02 13:45:00,26.5772,7.0724,11.7941,30.5031,35.2868,40.1417,50.0961,181.5792,332.9856,969.0564,36.4905,793.3865,4.3694,0.0000,200.0000,0.0000,0
2025-07-02 13:50:00,26.6547,7.1400,11.8210,30.5768,35.2611,40.0755,49.8583,182.1472,332.6745,968.6007,36.4072,785.2699,4.3112,0.0000,200.0000,0.0000,0
2025-07-02 13:55:00,26.5660,7.0379,11.8192,30.6900,35.2957,40.0701,50.1513,183.2799,332.4978,973.6221,36.3979,801.9805,4.3757,0.0000,200.0000,0.0000,0
2025-07-02 14:00:00,26.6256,7.0082,11.8164,30.5597,35.3880,39.8928,49.8970,186.0968,331.8890,970.6567,36.4426,802.9422,4.3146,0.0000,200.0000,0.0000,0
2025-07-02 14:05:00,26.6795,7.0487,11.8596,30.6875,35.6218,40.1062,49.8555,189.6158,335.1758,977.5388,36.8456,807.6802,4.2596,0.0000,200.0000,0.0000,0
2025-07-02 14:10:00,26.8343,6.9720,11.9849,30.7262,35.6973,40.1669,49.8931,192.9497,331.9512,976.8753,36.9300,842.8500,4.3682,0.0000,200.0000,0.0000,0
2025-07-02 14:15:00,26.6060,7.0054,12.0352,30.6170,35.6907,40.0473,49.9169,196.9579,331.0758,984.2282,36.7469,843.1923,4.2811,0.0000,200.0000,0.0000,0
2025-07-02 14:20:00,26.5805,6.9676,12.1246,30.6295,35.5701,40.0507,50.0607,196.2321,330.1196,983.5278,36.7466,864.5877,4.4059,0.0000,200.0000,0.0000,0
2025-07-02 14:25:00,26.5521,7.0199,12.0412,30.5358,35.5880,39.8482,50.0104,196.0931,330.5106,979.0636,36.6906,837.5838,4.2714,0.0000,200.0000,0.0000,0
2025-07-02 14:30:00,26.7457,6.9674,12.0510,30.7239,35.7325,40.1265,49.8357,196.6823,330.0744,983.5914,36.9563,853.8875,4.3415,0.0000,200.0000,0.0000,0
2025-07-02 14:35:00,26.6983,6.9657,12.1733,30.7927,35.7123,40.2137,49.9958,196.5822,332.9206,986.3796,36.8859,876.6187,4.4593,0.0000,200.0000,0.0000,0
2025-07-02 14:40:00,26.7582,7.0207,12.0325,30.7714,35.7320,40.0388,49.8285,195.3937,329.9406,985.6079,36.8598,839.9869,4.2989,0.0000,200.0000,0.0000,0
2025-07-02 14:45:00,26.7104,6.9931,12.0738,30.7680,35.8368,39.9287,50.0965,195.9054,326.9254,987.6866,36.7899,849.1866,4.3347,0.0000,200.0000,0.0000,0
2025-07-02 14:50:00,26.9355,6.9036,12.1354,30.9750,36.0174,39.9806,50.1240,199.5950,331.0804,991.8153,36.7743,875.5852,4.3868,0.0000,200.0000,0.0000,0
2025-07-02 14:55:00,26.9373,6.9272,12.1536,30.9988,36.0209,39.9495,49.9964,199.6831,330.2946,997.8658,36.7895,873.9954,4.3769,0.0000,200.0000,0.0000,0
2025-07-02 15:00:00,26.8841,6.9426,12.0761,30.9064,35.8952,39.9567,50.0407,198.3933,330.1221,990.1069,36.8415,858.6107,4.3278,0.0000,200.0000,0.0000,0
2025-07-02 15:05:00,27.0646,6.9559,12.1156,30.9456,36.0404,40.0778,50.2628,200.9180,332.7648,1000.3653,36.8675,865.6232,4.3083,0.0000,200.0000,0.0000,0
2025-07-02 15:10:00,26.9955,7.0207,12.1184,31.0133,36.0430,40.0335,49.9764,202.4291,325.4148,999.2546,36.9333,854.2750,4.2201,0.0000,200.0000,0.0000,0
2025-07-02 15:15:00,27.1675,7.0109,12.1042,31.1549,36.2083,40.1205,49.8584,204.3943,333.8791,1001.2549,37.0123,855.3765,4.1849,0.0000,200.0000,0.0000,0
2025-07-02 15:20:00,27.0637,7.0533,12.1578,31.1125,36.1967,40.0445,50.0869,204.7568,332.7681,997.0881,37.1753,855.6523,4.1789,0.0000,200.0000,0.0000,0
2025-07-02 15:25:00,26.9953,7.0376,12.2526,30.9547,35.9918,39.8963,49.8301,204.2908,329.3263,996.2200,37.0826,870.9236,4.2632,0.0000,200.0000,0.0000,0
2025-07-02 15:30:00,26.7284,7.0536,12.2223,30.6746,35.7981,39.9399,49.9684,201.3649,329.5964,989.7527,36.9150,864.1495,4.2915,0.0000,200.0000,0.0000,0
2025-07-02 15:35:00,26.6639,7.0304,12.0882,30.6680,35.7368,39.9325,49.9102,196.0079,332.2120,980.8416,36.9319,845.4382,4.3133,0.0000,200.0000,0.0000,0
2025-07-02 15:40:00,26.5934,7.0105,12.1333,30.6852,35.6702,39.9776,49.8947,198.8744,332.1266,980.9688,36.8023,857.2767,4.3106,0.0000,200.0000,0.0000,0
2025-07-02 15:45:00,26.7456,7.0550,12.0074,30.6876,35.6336,40.2154,49.9625,197.6396,330.1112,984.8020,36.8812,833.6986,4.2183,0.0000,200.0000,0.0000,0
2025-07-02 15:50:00,26.8271,7.0460,12.0100,30.8496,35.7801,40.2346,50.1350,197.0485,328.3665,986.0537,36.8356,836.0565,4.2429,0.0000,200.0000,0.0000,0
2025-07-02 15:55:00,26.8431,7.0188,12.0657,30.7740,35.8198,40.1004,50.1659,195.7884,335.8653,985.3851,36.9536,847.1720,4.3270,0.0000,200.0000,0.0000,0
2025-07-02 16:00:00,26.9080,7.0636,12.1628,30.8159,35.9450,40.0143,50.1389,197.0381,332.9927,991.6249,37.1004,854.1164,4.3348,0.0000,200.0000,0.0000,0
2025-07-02 16:05:00,26.7838,6.8827,11.9935,30.8717,35.7691,39.8366,50.0505,196.2286,331.8424,984.4320,36.9955,852.2520,4.3432,0.0000,200.0000,0.0000,0
2025-07-02 16:10:00,26.7265,6.9855,11.9985,30.6861,35.6983,40.0264,49.9613,195.3421,331.9549,982.0614,36.7855,839.9274,4.2998,0.0000,200.0000,0.0000,0
2025-07-02 16:15:00,26.7078,6.9847,12.1116,30.7008,35.6298,39.9052,49.6463,194.6117,333.0060,979.0152,36.6674,856.4114,4.4006,0.0000,200.0000,0.0000,0
2025-07-02 16:20:00,26.6845,7.0576,12.0423,30.5275,35.5965,40.1957,50.0551,196.5592,332.9673,982.4890,36.7940,838.7181,4.2670,0.0000,200.0000,0.0000,0
2025-07-02 16:25:00,26.6102,7.0786,12.1047,30.5902,35.6118,39.8073,49.6581,194.6099,327.5035,976.1986,36.5828,837.5128,4.3035,0.0000,200.0000,0.0000,0
2025-07-02 16:30:00,26.6197,6.9275,12.0236,30.6256,35.6307,40.0461,49.7115,193.1936,330.9762,979.0805,36.7595,854.2784,4.4219,0.0000,200.0000,0.0000,0
2025-07-02 16:35:00,26.4621,7.0706,11.9673,30.6361,35.4909,39.8951,49.9757,189.1876,331.2319,971.5818,36.4794,817.7679,4.3225,0.0000,200.0000,0.0000,0
2025-07-02 16:40:00,26.4485,6.9414,11.9815,30.4429,35.4397,39.9989,50.0397,192.6774,331.4861,974.9779,36.6178,843.8895,4.3798,0.0000,200.0000,0.0000,0
2025-07-02 16:45:00,26.5198,6.9429,11.9650,30.5374,35.4545,40.0799,49.9323,187.2239,333.9794,973.5217,36.3824,842.5720,4.5003,0.0000,200.0000,0.0000,0
2025-07-02 16:50:00,26.3797,6.9883,11.9973,30.4395,35.1975,40.1226,50.2303,189.4322,328.7652,970.8237,36.2013,841.2878,4.4411,0.0000,200.0000,0.0000,0
2025-07-02 16:55:00,26.4089,6.9841,11.8767,30.3691,35.3524,39.9927,50.0693,186.3063,329.6549,968.3575,36.3733,819.0728,4.3964,0.0000,200.0000,0.0000,0
2025-07-02 17:00:00,26.4673,6.9221,11.9156,30.3966,35.3000,40.0913,49.9626,188.8805,330.9522,971.3745,36.2021,838.0171,4.4368,0.0000,200.0000,0.0000,0
2025-07-02 17:05:00,26.3460,7.0325,11.8994,30.4125,35.2351,39.9205,50.2079,184.4585,333.2590,966.0612,36.1069,813.2870,4.4091,0.0000,200.0000,0.0000,0
2025-07-02 17:10:00,26.3334,7.0340,11.8217,30.2711,35.0637,40.0295,50.2348,182.2970,334.8173,966.3454,36.0245,802.2526,4.4008,0.0000,200.0000,0.0000,0
2025-07-02 17:15:00,26.4109,7.0527,11.8329,30.3787,35.2104,40.1203,50.0769,183.3981,336.1810,966.2432,36.0600,802.8097,4.3774,0.0000,200.0000,0.0000,0
2025-07-02 17:20:00,26.4096,6.9783,11.9779,30.5086,35.3572,40.0399,49.8837,186.1194,331.7888,964.9218,36.2494,837.9636,4.5023,0.0000,200.0000,0.0000,0
2025-07-02 17:25:00,26.4996,6.9980,11.9590,30.4541,35.1894,39.9365,49.9175,186.3255,334.2109,971.1175,36.1936,829.3402,4.4510,0.0000,200.0000,0.0000,0
2025-07-02 17:30:00,26.4412,6.9985,11.8985,30.3880,35.2206,39.9665,49.7830,187.0539,333.8333,968.2941,36.2752,819.7710,4.3825,0.0000,200.0000,0.0000,0
2025-07-02 17:35:00,26.4188,7.0844,11.9170,30.4099,35.1151,40.1219,49.9936,187.9711,333.6124,968.2391,36.1442,811.6412,4.3179,0.0000,200.0000,0.0000,0
2025-07-02 17:40:00,26.4076,6.8583,11.8220,30.3470,35.0995,39.8690,49.8425,184.3535,332.6714,965.9838,36.1176,828.4098,4.4936,0.0000,200.0000,0.0000,0
2025-07-02 17:45:00,26.2378,6.9522,11.7971,30.3514,35.0199,39.8867,49.9506,183.4772,332.2446,960.4935,35.9702,808.9456,4.4090,0.0000,200.0000,0.0000,0
2025-07-02 17:50:00,26.2878,7.0003,11.8278,30.2604,35.0034,40.0722,50.0391,180.5573,331.0753,961.9017,35.7678,809.7740,4.4849,0.0000,200.0000,0.0000,0
2025-07-02 17:55:00,26.2379,6.9457,11.8336,30.2963,35.1010,39.9473,49.7024,182.4837,330.8592,961.3985,35.6983,817.3499,4.4790,0.0000,200.0000,0.0000,0
2025-07-02 18:00:00,26.1496,6.9871,11.7964,30.2612,35.0291,39.8256,49.8104,180.2778,333.7154,960.9584,35.6748,801.7563,4.4473,0.0000,200.0000,0.0000,0
2025-07-02 18:05:00,26.2482,6.9937,11.7268,30.2671,34.8245,40.1621,49.9240,180.6565,333.5683,956.4044,35.6455,795.7248,4.4046,0.0000,200.0000,0.0000,0
2025-07-02 18:10:00,26.0281,6.9671,11.6643,30.0413,34.7237,39.8680,49.9921,175.3487,333.2068,953.4793,35.3956,783.8959,4.4705,0.0000,200.0000,0.0000,0
2025-07-02 18:15:00,26.0072,7.0032,11.6707,29.9216,34.5502,39.9761,49.9259,168.6637,335.9244,943.4152,35.2382,781.0574,4.6309,0.0000,200.0000,0.0000,0
2025-07-02 18:20:00,25.9596,7.0314,11.5333,29.8904,34.4089,39.9257,49.9594,169.5941,334.3241,941.6567,35.2682,752.3984,4.4365,0.0000,200.0000,0.0000,0
2025-07-02 18:25:00,25.9072,6.9882,11.5462,29.8966,34.3851,39.9643,49.8941,167.6655,333.1789,940.7527,35.2544,762.5079,4.5478,0.0000,200.0000,0.0000,0
2025-07-02 18:30:00,25.7680,6.9773,11.5006,29.7722,34.3532,39.8938,49.7826,167.5661,334.4964,940.5931,35.0822,755.3640,4.5079,0.0000,200.0000,0.0000,0
2025-07-02 18:35:00,25.7960,6.9917,11.6137,29.8691,34.2544,40.0857,49.9198,167.7249,336.6784,938.8711,35.0008,775.5682,4.6241,0.0000,200.0000,0.0000,0
2025-07-02 18:40:00,25.7962,6.9996,11.3830,29.8324,34.0687,40.0133,49.9680,161.2975,333.9512,934.7367,34.8489,734.1883,4.5518,0.0000,200.0000,0.0000,0
2025-07-02 18:45:00,25.7163,6.9130,11.3562,29.7440,33.9535,40.1180,49.9534,155.3242,337.3700,926.3800,34.5204,746.1721,4.8040,0.0000,200.0000,0.0000,0
2025-07-02 18:50:00,25.5871,7.0231,11.4241,29.6880,33.9439,39.9269,50.0168,154.4360,336.9413,925.5853,34.4870,735.5647,4.7629,0.0000,200.0000,0.0000,0
2025-07-02 18:55:00,25.7383,6.9774,11.4681,29.6364,33.9000,40.2560,50.0628,158.1541,335.1896,926.5407,34.4333,756.7330,4.7848,0.0000,200.0000,0.0000,0
2025-07-02 19:00:00,25.6532,7.0631,11.2543,29.6614,33.8245,39.7714,50.1023,156.5339,336.4459,924.9932,34.1561,697.7655,4.4576,0.0000,200.0000,0.0000,0
2025-07-02 19:05:00,25.5454,7.0296,11.3189,29.5787,33.7569,39.8098,49.9050,152.9126,334.2164,920.6900,34.2372,714.7945,4.6745,0.0000,200.0000,0.0000,0
2025-07-02 19:10:00,25.5422,7.0585,11.2852,29.5146,33.7408,40.2104,49.7636,154.0922,337.3322,915.3943,34.2280,711.4334,4.6169,0.0000,200.0000,0.0000,0
2025-07-02 19:15:00,25.4385,6.9494,11.2942,29.5025,33.6917,40.0569,50.1907,153.7707,334.2282,921.4752,34.1094,728.5221,4.7377,0.0000,200.0000,0.0000,0
2025-07-02 19:20:00,25.4342,6.9814,11.2830,29.5232,33.7064,40.0410,50.0578,151.9604,339.6281,916.6806,33.8714,720.9941,4.7446,0.0000,200.0000,0.0000,0
2025-07-02 19:25:00,25.4290,6.9379,11.3638,29.3545,33.5456,40.0518,49.8568,152.4637,337.1885,916.8679,33.9910,742.0413,4.8670,0.0000,200.0000,0.0000,0
2025-07-02 19:30:00,25.3846,6.9647,11.2759,29.3066,33.4143,40.0685,50.0417,148.8883,336.6845,909.2681,33.8513,723.1026,4.8567,0.0000,200.0000,0.0000,0
2025-07-02 19:35:00,25.3454,7.0626,11.1656,29.2461,33.3097,40.0360,50.1602,147.3504,340.5094,903.7428,33.9619,687.6230,4.6666,0.0000,200.0000,0.0000,0
2025-07-02 19:40:00,25.2435,7.0744,11.1733,29.2206,33.2532,39.8841,50.2594,144.2651,336.6361,899.1967,33.8416,684.3426,4.7436,0.0000,200.0000,0.0000,0
2025-07-02 19:45:00,25.1708,6.9426,10.9511,29.1909,33.0295,40.0982,50.0376,139.2497,337.8104,896.7433,33.8295,672.8240,4.8318,0.0000,200.0000,0.0000,0
2025-07-02 19:50:00,25.2673,6.9771,11.0161,29.2764,33.2372,40.0793,50.1590,141.4529,335.7244,901.3598,33.9623,677.6283,4.7905,0.0000,200.0000,0.0000,0
2025-07-02 19:55:00,25.1836,6.9962,10.9327,29.3164,32.9951,40.1714,49.8186,136.6775,342.6488,900.1291,33.7398,661.9620,4.8432,0.0000,200.0000,0.0000,0
2025-07-02 20:00:00,25.2321,7.0293,10.9719,29.2211,33.1118,40.2117,49.9946,138.0910,343.8242,896.6817,33.7634,663.6402,4.8058,0.0000,200.0000,0.0000,0
2025-07-02 20:05:00,25.1178,6.9120,10.9492,29.1490,32.9756,40.0397,49.9497,136.2626,336.8008,892.4485,33.7737,676.6643,4.9659,0.0000,200.0000,0.0000,0
2025-07-02 20:10:00,25.1847,6.9198,10.9301,29.1561,32.9909,39.8527,50.0514,136.9253,338.6968,892.4460,33.7077,669.0021,4.8859,0.0000,200.0000,0.0000,0
2025-07-02 20:15:00,25.1506,7.0245,10.8918,29.0752,32.9863,40.2127,50.2417,134.5370,340.7654,895.0663,33.7020,650.9897,4.8387,0.0000,200.0000,0.0000,0
2025-07-02 20:20:00,25.1075,6.9025,10.8567,29.1495,32.8363,39.8778,50.0375,131.3343,339.9597,885.8498,33.6059,660.0678,5.0259,0.0000,200.0000,0.0000,0
2025-07-02 20:25:00,25.0397,6.9777,10.8186,29.0177,32.6432,40.0406,49.8593,127.4886,341.4493,888.8405,33.4670,643.7841,5.0497,0.0000,200.0000,0.0000,0
2025-07-02 20:30:00,24.7992,7.0081,10.8543,28.9782,32.6822,39.9692,49.8105,129.4643,340.8276,888.5365,33.1436,643.5059,4.9705,0.0000,200.0000,0.0000,0
2025-07-02 20:35:00,24.8191,7.0208,10.8071,28.8441,32.5744,39.9483,50.2469,129.0080,342.0854,884.3740,33.1820,633.1602,4.9079,0.0000,200.0000,0.0000,0
2025-07-02 20:40:00,24.6723,6.9929,10.8143,28.5780,32.2362,40.0917,50.0771,126.7559,339.5688,875.4536,33.0532,641.3214,5.0595,0.0000,200.0000,0.0000,0
2025-07-02 20:45:00,24.6032,6.9817,10.7766,28.5348,32.2672,40.0293,50.0672,123.3487,342.3564,870.1623,32.8505,635.8784,5.1551,0.0000,200.0000,0.0000,0
2025-07-02 20:50:00,24.6705,7.0422,10.7542,28.7530,32.3237,40.0616,49.9484,127.0944,339.3581,875.8166,33.0631,622.4873,4.8978,0.0000,200.0000,0.0000,0
2025-07-02 20:55:00,24.7671,7.0143,10.7332,28.6995,32.2467,39.9021,50.0402,124.4590,341.1398,875.3370,33.0318,621.1807,4.9910,0.0000,200.0000,0.0000,0
2025-07-02 21:00:00,24.6137,6.9676,10.7882,28.5691,32.1290,39.9791,49.8520,124.6389,338.5397,869.7738,32.9275,639.3783,5.1298,0.0000,200.0000,0.0000,0
2025-07-02 21:05:00,24.5463,7.0019,10.6767,28.5181,32.0890,39.9077,50.0581,122.5795,341.1902,867.0752,32.8935,613.8850,5.0081,0.0000,200.0000,0.0000,0
2025-07-02 21:10:00,24.4750,7.0192,10.8073,28.4771,31.8842,39.9761,49.8238,123.5245,340.9736,865.5646,32.6803,633.9160,5.1319,0.0000,200.0000,0.0000,0
2025-07-02 21:15:00,24.2724,7.0859,10.5646,28.3010,31.7043,39.9857,49.9461,118.8785,344.7045,856.9985,32.6689,582.2631,4.8980,0.0000,200.0000,0.0000,0
2025-07-02 21:20:00,24.1186,7.0393,10.6274,28.0902,31.6323,40.2213,49.9036,119.7183,342.5920,859.2649,32.3444,604.1081,5.0461,0.0000,200.0000,0.0000,0
2025-07-02 21:25:00,23.9684,7.0607,10.5501,28.1720,31.4706,39.9689,49.5114,117.3297,343.3400,851.8982,32.4534,583.8007,4.9757,0.0000,200.0000,0.0000,0
2025-07-02 21:30:00,24.0039,6.9695,10.7259,28.0761,31.5166,39.7449,49.9480,116.7555,342.8955,852.4981,32.4724,624.9631,5.3528,0.0000,200.0000,0.0000,0
2025-07-02 21:35:00,24.0659,6.9738,10.5404,28.0202,31.4180,40.1674,49.8652,114.6721,339.0983,852.3053,32.3666,599.6952,5.2297,0.0000,200.0000,0.0000,0
2025-07-02 21:40:00,23.9654,6.9882,10.5952,27.9235,31.4055,40.0539,49.9684,118.5862,338.9160,853.8997,32.1918,604.7631,5.0998,0.0000,200.0000,0.0000,0
2025-07-02 21:45:00,24.0229,6.9928,10.6242,28.0355,31.4430,39.9843,50.0003,117.4011,342.0887,852.6217,32.1742,607.7979,5.1771,0.0000,200.0000,0.0000,0
2025-07-02 21:50:00,23.9515,6.9496,10.6750,27.9679,31.4648,39.9475,50.2652,119.3687,343.0587,853.0745,31.8956,622.9643,5.2188,0.0000,200.0000,0.0000,0
2025-07-02 21:55:00,23.9639,7.0633,10.6540,27.8266,31.4054,39.8864,50.0457,118.0588,342.0304,849.1697,31.9308,599.5169,5.0781,0.0000,200.0000,0.0000,0
2025-07-02 22:00:00,23.8509,7.0442,10.5837,27.8541,31.2531,40.2326,50.0501,113.2833,341.4256,849.3212,31.6120,596.1126,5.2621,0.0000,200.0000,0.0000,0
2025-07-02 22:05:00,23.7657,6.9847,10.3247,27.8987,31.0808,40.0062,50.0743,109.9531,343.4027,843.3415,31.4741,559.3416,5.0871,0.0000,200.0000,0.0000,0
2025-07-02 22:10:00,23.7435,7.0321,10.5422,27.7191,31.0850,39.7915,50.1308,112.9627,342.9168,837.9375,31.4635,584.6743,5.1758,0.0000,200.0000,0.0000,0
2025-07-02 22:15:00,23.7025,7.0111,10.5840,27.5903,30.9811,40.0393,50.0681,114.5843,344.7711,844.6394,31.4508,598.8290,5.2261,0.0000,200.0000,0.0000,0
2025-07-02 22:20:00,23.4542,7.0360,10.5525,27.4891,30.8527,40.1447,50.0423,110.7511,345.3346,834.4100,31.2221,590.9337,5.3357,0.0000,200.0000,0.0000,0
2025-07-02 22:25:00,23.4487,6.9328,10.5450,27.5602,30.8063,40.0188,50.1067,110.4149,342.9536,834.5465,30.9526,605.1184,5.4804,0.0000,200.0000,0.0000,0
2025-07-02 22:30:00,23.4206,6.9927,10.4973,27.4205,30.7374,39.8918,49.6360,110.3208,343.7383,832.2558,30.9351,585.2267,5.3048,0.0000,200.0000,0.0000,0
2025-07-02 22:35:00,23.3257,6.9971,10.5359,27.3188,30.5536,39.8811,50.3134,108.1908,344.4859,828.3805,30.8652,590.7738,5.4605,0.0000,200.0000,0.0000,0
2025-07-02 22:40:00,23.1919,7.0312,10.4326,27.1923,30.5218,39.8899,50.2385,109.0038,344.8438,826.1425,30.9360,567.9581,5.2104,0.0000,200.0000,0.0000,0
2025-07-02 22:45:00,23.0832,6.9686,10.4620,27.1605,30.2927,40.1826,50.0326,105.8488,347.8240,820.1907,30.6788,587.6127,5.5514,0.0000,200.0000,0.0000,0
2025-07-02 22:50:00,23.0527,6.8750,10.3597,26.9724,30.1751,39.9914,49.7880,103.4640,344.7523,819.9071,30.4838,583.3527,5.6382,0.0000,200.0000,0.0000,0
2025-07-02 22:55:00,22.9867,6.9459,10.3858,26.9513,30.1925,39.7986,50.1816,106.3412,346.6810,818.6689,30.4969,573.0734,5.3890,0.0000,200.0000,0.0000,0
2025-07-02 23:00:00,22.7353,6.9969,10.3948,26.7676,30.0464,40.0461,49.8959,103.6821,342.3592,810.5411,30.2977,569.5916,5.4936,0.0000,200.0000,0.0000,0
2025-07-02 23:05:00,22.6927,7.0032,10.4040,26.7453,29.8328,40.0169,50.0801,100.1308,343.9792,806.6715,30.1533,569.6754,5.6893,0.0000,200.0000,0.0000,0
2025-07-02 23:10:00,22.7574,7.0842,10.2854,26.7144,29.7774,39.9461,49.8076,98.5494,341.4570,804.5760,30.0729,535.2826,5.4316,0.0000,200.0000,0.0000,0
2025-07-02 23:15:00,22.8088,7.0291,10.3198,26.6830,29.8541,39.8776,50.3340,99.0707,346.2889,805.3463,30.0418,549.3046,5.5446,0.0000,200.0000,0.0000,0
2025-07-02 23:20:00,22.6920,7.0041,10.1876,26.6581,29.6827,39.8723,49.7837,98.1001,347.4456,805.2278,29.9680,531.3469,5.4164,0.0000,200.0000,0.0000,0
2025-07-02 23:25:00,22.5966,6.9984,10.2507,26.5106,29.7213,40.1304,50.0103,95.7289,341.2598,800.4318,30.0087,546.3426,5.7072,0.0000,200.0000,0.0000,0
2025-07-02 23:30:00,22.3935,7.0552,10.2238,26.2802,29.4387,40.0297,49.6817,96.9366,346.2685,801.2274,29.7115,530.9512,5.4773,0.0000,200.0000,0.0000,0
2025-07-02 23:35:00,22.3357,6.9705,10.1488,26.3494,29.2085,40.0574,49.9938,90.9174,348.0794,792.6778,29.4989,532.9447,5.8619,0.0000,200.0000,0.0000,0
2025-07-02 23:40:00,22.2890,6.9930,10.1288,26.2760,29.2185,40.0294,49.9362,93.3366,348.1273,791.3276,29.3537,525.4414,5.6295,0.0000,200.0000,0.0000,0
2025-07-02 23:45:00,22.2271,6.9455,10.1531,26.2046,29.1380,40.0393,50.1706,92.4495,344.6239,790.2115,29.2853,537.6027,5.8151,0.0000,200.0000,0.0000,0
2025-07-02 23:50:00,22.1736,7.0709,10.1594,26.2681,29.1450,39.9438,49.9362,93.1331,348.3407,794.1342,29.3019,516.4026,5.5448,0.0000,200.0000,0.0000,0
2025-07-02 23:55:00,22.2960,7.0196,10.0959,26.3010,29.3066,39.9753,50.1708,89.6331,346.9287,788.2079,29.3919,514.7675,5.7431,0.0000,200.0000,0.0000,0
2025-07-03 00:00:00,22.0877,6.9646,10.1671,26.1715,29.0951,40.1398,49.8464,91.2975,348.1726,791.8958,29.2405,538.0938,5.8938,0.0000,200.0000,0.0000,0
2025-07-03 00:05:00,22.0786,6.9943,10.2197,26.1967,29.0668,40.1698,49.9577,91.3176,346.6562,789.8225,29.2416,542.3525,5.9392,0.0000,200.0000,0.0000,0
2025-07-03 00:10:00,22.1430,7.0255,10.0805,26.1632,29.0364,39.8533,49.9607,91.4495,347.8633,787.9065,29.1765,509.6491,5.5730,0.0000,200.0000,0.0000,0
2025-07-03 00:15:00,22.1023,6.9875,9.8808,26.0179,28.7609,39.9750,50.0743,85.1426,350.4518,782.3222,28.7733,484.1594,5.6865,0.0000,200.0000,0.0000,0
2025-07-03 00:20:00,21.9122,6.9733,9.9258,25.9453,28.7015,40.1007,50.0553,82.7108,348.4190,775.1927,28.5429,495.6150,5.9921,0.0000,200.0000,0.0000,0
2025-07-03 00:25:00,21.7639,6.9673,9.8592,25.7329,28.4041,40.2258,50.1083,82.2704,349.6031,772.4084,28.5648,486.9525,5.9189,0.0000,200.0000,0.0000,0
2025-07-03 00:30:00,21.6751,7.0169,9.8109,25.7504,28.2789,40.2138,50.0400,78.6415,352.0175,766.5721,28.4275,470.3204,5.9806,0.0000,200.0000,0.0000,0
2025-07-03 00:35:00,21.8522,6.9821,9.9500,25.6470,28.4918,39.9045,50.0992,82.5311,348.3834,774.7493,28.3512,495.7662,6.0070,0.0000,200.0000,0.0000,0
2025-07-03 00:40:00,21.5651,6.9773,9.8649,25.6764,28.4739,40.1530,49.8653,81.9353,346.6851,768.7430,28.1023,485.3409,5.9235,0.0000,200.0000,0.0000,0
2025-07-03 00:45:00,21.5014,6.9332,9.8067,25.5527,28.1665,40.0070,50.0583,80.3492,350.8474,764.2068,27.8613,481.2312,5.9892,0.0000,200.0000,0.0000,0
2025-07-03 00:50:00,21.5919,7.0039,9.7989,25.4158,28.0927,40.1253,50.2412,78.9755,352.4999,762.9246,27.7994,469.4679,5.9445,0.0000,200.0000,0.0000,0
2025-07-03 00:55:00,21.3550,6.9909,9.8632,25.3029,27.9279,40.0946,49.7480,78.3617,352.3254,760.2411,27.5162,482.0743,6.1519,0.0000,200.0000,0.0000,0
2025-07-03 01:00:00,21.2479,6.9839,9.7460,25.3952,27.9256,39.8483,50.0734,75.8219,351.5534,754.4573,27.4690,460.7301,6.0765,0.0000,200.0000,0.0000,0
2025-07-03 01:05:00,21.2959,7.0099,9.6922,25.3532,27.7853,40.0660,50.1015,77.5401,345.3567,757.8102,27.4988,449.8523,5.8015,0.0000,200.0000,0.0000,0
2025-07-03 01:10:00,21.3230,7.0374,9.6243,25.2853,27.8567,40.1207,50.2192,72.1407,349.3534,752.4526,27.4697,434.4650,6.0225,0.0000,200.0000,0.0000,0
2025-07-03 01:15:00,21.3705,7.0351,9.6489,25.3047,27.7786,39.9976,50.1089,74.5923,349.8066,748.8788,27.4299,437.6372,5.8671,0.0000,200.0000,0.0000,0
2025-07-03 01:20:00,21.3093,7.0276,9.5822,25.1535,27.7191,39.9704,50.0150,74.2757,351.0932,749.0868,27.3307,427.4151,5.7544,0.0000,200.0000,0.0000,0
2025-07-03 01:25:00,21.2329,6.9880,9.5431,25.2487,27.6113,39.8114,50.0645,72.0190,354.5253,751.5755,27.3245,425.8094,5.9125,0.0000,200.0000,0.0000,0
2025-07-03 01:30:00,21.1531,6.9717,9.6797,25.1676,27.6451,40.0820,49.8897,73.1336,348.7654,750.0382,27.2143,454.3625,6.2128,0.0000,200.0000,0.0000,0
2025-07-03 01:35:00,21.2562,6.9478,9.7504,25.1185,27.7409,40.0250,49.9418,74.5400,354.8435,752.1235,27.4383,469.5539,6.2994,0.0000,200.0000,0.0000,0
2025-07-03 01:40:00,21.2034,6.9703,9.6792,25.2434,27.7001,39.8893,49.7996,73.8467,349.7483,753.1588,27.2915,452.3187,6.1251,0.0000,200.0000,0.0000,0
2025-07-03 01:45:00,21.2808,7.0010,9.7969,25.3544,27.8625,39.9609,50.2231,76.4554,348.2764,758.0910,27.7056,467.6928,6.1172,0.0000,200.0000,0.0000,0
2025-07-03 01:50:00,21.1654,6.9607,9.7247,25.3015,27.7533,40.0185,50.0675,74.6178,352.0564,755.2292,27.3581,463.0232,6.2053,0.0000,200.0000,0.0000,0
2025-07-03 01:55:00,21.0906,7.0048,9.8085,25.1652,27.7632,39.9330,49.8626,76.9694,351.6911,751.0042,27.5451,468.6588,6.0889,0.0000,200.0000,0.0000,0
2025-07-03 02:00:00,21.0764,6.9517,9.7378,25.1026,27.6030,40.0003,50.0407,74.4225,351.7306,750.5535,27.5003,466.4957,6.2682,0.0000,200.0000,0.0000,0
2025-07-03 02:05:00,21.0396,6.9170,9.5914,25.1978,27.6147,39.7900,50.1739,76.3667,348.7742,750.9760,27.5020,445.4560,5.8331,0.0000,200.0000,0.0000,0
2025-07-03 02:10:00,21.0588,7.0410,9.6734,25.0435,27.4463,40.1619,50.1489,73.1595,351.6184,745.5357,27.4642,442.5591,6.0492,0.0000,200.0000,0.0000,0
2025-07-03 02:15:00,20.9178,6.9763,9.6743,25.0137,27.4204,40.0019,49.8609,70.2033,348.8554,742.8042,27.2335,451.7736,6.4352,0.0000,200.0000,0.0000,0
2025-07-03 02:20:00,20.8278,6.9581,9.7325,24.9580,27.5971,39.8681,49.5299,76.6600,348.4580,748.5180,27.6152,463.0100,6.0398,0.0000,200.0000,0.0000,0
2025-07-03 02:25:00,20.8942,6.9453,9.7896,24.9809,27.5750,39.7048,50.0593,74.7755,349.5744,749.5725,27.7751,472.7321,6.3220,0.0000,200.0000,0.0000,0
2025-07-03 02:30:00,20.8727,7.0212,9.8086,24.8235,27.4686,40.1235,49.8670,74.7452,348.2626,747.8973,27.5977,468.1787,6.2637,0.0000,200.0000,0.0000,0
2025-07-03 02:35:00,20.7785,7.0687,9.6447,24.7857,27.2724,40.0670,50.0933,71.2039,353.0919,740.4392,27.1375,432.0470,6.0677,0.0000,200.0000,0.0000,0
2025-07-03 02:40:00,20.7482,6.9798,9.6318,24.6118,27.0005,40.0253,50.1425,68.3371,350.5319,734.5402,26.7109,444.3273,6.5020,0.0000,200.0000,0.0000,0
2025-07-03 02:45:00,20.7225,6.9892,9.5618,24.7229,27.1570,40.1036,50.1670,65.1590,351.6720,735.0406,26.6750,431.8753,6.6280,0.0000,200.0000,0.0000,0
2025-07-03 02:50:00,20.8757,7.0536,9.5053,24.8942,27.2642,40.1033,50.2617,66.2633,350.3047,738.3487,26.9116,411.5760,6.2112,0.0000,200.0000,0.0000,0
2025-07-03 02:55:00,20.8787,6.9095,9.5285,24.8491,27.2435,40.0233,50.1855,66.5038,353.9136,742.2033,27.1626,438.7859,6.5979,0.0000,200.0000,0.0000,0
2025-07-03 03:00:00,20.9105,7.0983,9.3611,24.9486,27.3653,39.9695,50.2624,67.6353,350.7965,734.8452,26.8506,378.5832,5.5974,0.0000,200.0000,0.0000,0
2025-07-03 03:05:00,20.8389,7.1222,9.5307,24.9566,27.2104,39.9499,50.2069,69.4367,354.0504,741.2700,26.9538,402.7775,5.8006,0.0000,200.0000,0.0000,0
2025-07-03 03:10:00,20.9161,6.8647,9.5134,24.9177,27.2530,40.0505,50.2199,68.1949,353.6203,741.7827,26.9406,444.0548,6.5116,0.0000,200.0000,0.0000,0
2025-07-03 03:15:00,20.8190,6.9951,9.5733,24.9069,27.1995,40.1676,49.9939,69.6458,350.7482,741.0613,26.9571,433.4936,6.2243,0.0000,200.0000,0.0000,0
2025-07-03 03:20:00,20.8789,6.9641,9.5230,24.8970,27.1930,39.9877,49.8066,68.1815,352.0898,741.1151,26.8952,428.3424,6.2824,0.0000,200.0000,0.0000,0
2025-07-03 03:25:00,20.8205,6.9868,9.5768,24.8381,27.3062,40.1772,50.3723,67.2959,350.8609,737.2772,26.9476,435.5988,6.4729,0.0000,200.0000,0.0000,0
2025-07-03 03:30:00,20.8307,6.9791,9.6238,24.9154,27.2342,40.0448,50.0094,66.4767,352.7998,742.0828,27.0634,443.3343,6.6690,0.0000,200.0000,0.0000,0
2025-07-03 03:35:00,21.0324,7.0406,9.5924,25.0748,27.3492,40.0457,50.1843,68.9308,350.9887,741.3346,27.1416,427.7608,6.2057,0.0000,200.0000,0.0000,0
2025-07-03 03:40:00,20.9560,6.9944,9.7769,24.9028,27.3641,40.2886,49.9175,71.4174,349.9670,745.3456,27.1126,469.2656,6.5707,0.0000,200.0000,0.0000,0
2025-07-03 03:45:00,20.8949,6.9545,9.7599,24.8693,27.5296,40.1983,50.1446,76.1903,350.1843,747.0885,27.3470,472.0765,6.1960,0.0000,200.0000,0.0000,0
2025-07-03 03:50:00,20.9449,6.9914,9.7350,24.8867,27.5928,40.2014,49.6333,76.2551,346.4943,749.8814,27.4824,461.6989,6.0547,0.0000,200.0000,0.0000,0
2025-07-03 03:55:00,20.8430,7.0257,9.7549,24.8970,27.4102,39.9043,49.9384,74.5157,349.6525,745.1986,27.2210,455.8690,6.1178,0.0000,200.0000,0.0000,0
2025-07-03 04:00:00,20.7318,6.9408,9.7597,24.8316,27.2631,40.2631,49.9852,75.2924,351.1415,746.2886,27.1114,475.1032,6.3101,0.0000,200.0000,0.0000,0
2025-07-03 04:05:00,20.8934,6.9177,9.8576,24.8630,27.4642,39.9901,50.0694,75.8009,349.7068,752.8219,27.2603,492.1342,6.4925,0.0000,200.0000,0.0000,0
2025-07-03 04:10:00,20.9005,7.0996,9.7464,24.8247,27.6164,39.9727,50.1608,76.6530,351.6179,747.4808,27.3913,442.8693,5.7776,0.0000,200.0000,0.0000,0
2025-07-03 04:15:00,20.8713,6.9679,9.7506,24.8848,27.5246,39.7409,49.8359,74.2199,349.1946,748.5591,27.3626,462.9193,6.2371,0.0000,200.0000,0.0000,0
2025-07-03 04:20:00,20.8616,6.9931,9.8015,24.9701,27.5600,40.0392,50.0990,75.8460,348.6652,751.9202,27.5720,470.6871,6.2058,0.0000,200.0000,0.0000,0
2025-07-03 04:25:00,20.9238,6.9801,9.8749,24.9384,27.7329,39.8700,50.1840,79.8748,346.6216,752.5699,27.5655,483.1274,6.0486,0.0000,200.0000,0.0000,0
2025-07-03 04:30:00,21.0055,7.0274,9.9877,24.9862,27.8210,40.0490,50.3519,82.9904,347.6319,758.3809,27.6697,496.2862,5.9800,0.0000,200.0000,0.0000,0
2025-07-03 04:35:00,20.9465,7.0886,10.0181,24.9551,27.7626,39.8606,50.1060,84.7250,352.0535,756.2208,27.8261,488.8057,5.7693,0.0000,200.0000,0.0000,0
2025-07-03 04:40:00,21.1328,7.0290,10.0430,25.0575,27.7881,40.2157,49.9311,81.5288,348.6846,757.3767,28.0486,507.3820,6.2233,0.0000,200.0000,0.0000,0
2025-07-03 04:45:00,21.1244,6.9241,9.9311,25.0973,27.7991,40.0662,49.8092,81.0108,347.2682,756.0148,27.9592,504.3326,6.2255,0.0000,200.0000,0.0000,0
2025-07-03 04:50:00,21.2149,6.9308,10.0430,25.1790,27.9184,40.2736,50.2744,83.5202,346.1354,761.0391,28.0775,524.6804,6.2821,0.0000,200.0000,0.0000,0
2025-07-03 04:55:00,21.3106,6.9801,9.9906,25.2788,28.0543,39.8772,50.1106,87.1197,344.3234,766.1672,28.4025,502.5460,5.7685,0.0000,200.0000,0.0000,0
2025-07-03 05:00:00,21.4199,6.9866,9.9735,25.3535,28.0961,40.1859,49.9967,83.4527,345.9910,768.1679,28.2062,502.4563,6.0208,0.0000,200.0000,0.0000,0
2025-07-03 05:05:00,21.3241,6.9139,9.9567,25.3864,28.0968,39.7837,49.7570,84.9761,349.3814,765.5646,28.1682,506.7277,5.9632,0.0000,200.0000,0.0000,0
2025-07-03 05:10:00,21.3681,7.0410,9.9958,25.4498,28.3509,40.0250,49.8603,84.1264,347.1910,767.7408,28.0351,495.0670,5.8848,0.0000,200.0000,0.0000,0
2025-07-03 05:15:00,21.4961,6.9457,10.0806,25.5371,28.2654,39.9242,50.0947,83.6095,345.9208,771.4131,28.0932,523.9194,6.2663,0.0000,200.0000,0.0000,0
2025-07-03 05:20:00,21.4534,7.0747,10.0542,25.4651,28.4078,39.9462,50.0531,86.0172,345.6141,773.3752,28.1453,498.2184,5.7921,0.0000,200.0000,0.0000,0
2025-07-03 05:25:00,21.5211,7.0910,9.9727,25.5712,28.2789,39.9380,49.7081,84.1450,349.3343,770.7997,28.1692,481.7569,5.7253,0.0000,200.0000,0.0000,0
2025-07-03 05:30:00,21.5828,6.9876,10.0003,25.5899,28.4728,39.8902,50.0949,85.4526,347.7524,775.0159,28.1113,503.0623,5.8870,0.0000,200.0000,0.0000,0
2025-07-03 05:35:00,21.6751,7.0219,9.9901,25.5608,28.3608,39.8488,49.7647,84.8795,347.0705,771.6230,28.2110,495.1163,5.8332,0.0000,200.0000,0.0000,0
2025-07-03 05:40:00,21.7200,6.9384,10.0470,25.6603,28.4991,39.9469,50.2031,88.2318,346.8043,777.4798,28.2040,519.8136,5.8915,0.0000,200.0000,0.0000,0
2025-07-03 05:45:00,21.7572,7.0312,10.0639,25.6955,28.6773,40.0139,50.0313,89.5541,351.6704,778.8698,28.3428,507.9746,5.6723,0.0000,200.0000,0.0000,0
2025-07-03 05:50:00,21.5874,6.9751,10.0170,25.6439,28.5928,40.1396,49.9305,88.1225,349.7501,778.3545,28.2572,511.1101,5.8000,0.0000,200.0000,0.0000,0
2025-07-03 05:55:00,21.6779,6.9456,10.0813,25.7266,28.6021,40.0354,50.1485,88.6181,350.0362,781.0228,28.4923,525.5057,5.9300,0.0000,200.0000,0.0000,0
2025-07-03 06:00:00,21.8217,6.9855,10.1090,25.6848,28.5817,40.1400,50.0530,87.1305,344.0881,774.4686,28.4010,524.8268,6.0235,0.0000,200.0000,0.0000,0
2025-07-03 06:05:00,21.7379,6.9767,10.0187,25.6764,28.5101,39.8226,50.1987,86.7630,347.5872,776.7924,28.0127,507.0946,5.8446,0.0000,200.0000,0.0000,0
2025-07-03 06:10:00,21.6289,6.9837,10.0008,25.5551,28.4981,39.9480,50.0121,87.6434,346.4049,774.8727,28.2251,504.5172,5.7565,0.0000,200.0000,0.0000,0
2025-07-03 06:15:00,21.7290,7.0475,10.1495,25.6041,28.6592,40.0853,50.0208,88.5123,348.3701,778.0096,28.4870,520.5072,5.8806,0.0000,200.0000,0.0000,0
2025-07-03 06:20:00,21.6344,6.9607,10.0668,25.6603,28.5496,40.0412,49.9572,87.6860,349.3327,772.9967,28.4156,520.6197,5.9373,0.0000,200.0000,0.0000,0
2025-07-03 06:25:00,21.7637,7.0868,10.1417,25.9152,28.5863,39.8967,50.0394,88.5544,348.0756,775.6227,28.4578,510.1960,5.7614,0.0000,200.0000,0.0000,0
2025-07-03 06:30:00,21.7722,6.9337,10.0350,25.9262,28.5842,40.1121,50.2547,85.2400,346.5522,775.1178,28.2690,520.7345,6.1090,0.0000,200.0000,0.0000,0
2025-07-03 06:35:00,21.8685,7.0808,9.9430,25.8946,28.7336,39.9362,49.9246,85.5302,347.1792,774.5211,28.4257,478.4853,5.5943,0.0000,200.0000,0.0000,0
2025-07-03 06:40:00,22.0167,6.9492,9.8667,26.0340,28.7737,39.9067,50.0972,83.9509,349.7301,778.7291,28.5318,487.3779,5.8055,0.0000,200.0000,0.0000,0
2025-07-03 06:45:00,22.1655,6.9999,10.1168,26.1219,28.9976,40.0584,49.8679,86.6018,349.4277,786.8939,28.7163,522.6433,6.0350,0.0000,200.0000,0.0000,0
2025-07-03 06:50:00,22.3305,6.9755,10.0448,26.2096,29.0711,40.0007,49.6900,89.0994,348.0780,786.9886,28.6984,513.9394,5.7682,0.0000,200.0000,0.0000,0
2025-07-03 06:55:00,22.4187,6.9828,9.9729,26.3442,29.1831,39.9373,50.0311,87.1322,348.3563,790.0298,28.8913,499.8748,5.7370,0.0000,200.0000,0.0000,0
2025-07-03 07:00:00,22.4410,7.0401,10.0375,26.4165,29.3087,39.9332,50.0556,87.1932,348.1917,788.2973,28.8717,501.0568,5.7465,0.0000,200.0000,0.0000,0
2025-07-03 07:05:00,22.3557,7.0750,10.0613,26.3838,29.1810,39.8716,49.9835,90.0321,348.3287,791.5202,28.9845,498.4165,5.5360,0.0000,200.0000,0.0000,0
2025-07-03 07:10:00,22.5056,7.0595,10.1394,26.5243,29.4409,39.9525,49.7756,89.4820,348.8284,796.4296,29.1941,515.0831,5.7563,0.0000,200.0000,0.0000,0
2025-07-03 07:15:00,22.4953,6.9798,10.0905,26.5104,29.4203,40.1320,50.0456,94.5277,348.2465,793.5461,29.2047,522.5772,5.5283,0.0000,200.0000,0.0000,0
2025-07-03 07:20:00,22.6203,7.0092,10.1687,26.5676,29.5676,40.0293,50.0399,93.2769,346.7924,798.4688,29.4632,529.4199,5.6758,0.0000,200.0000,0.0000,0
2025-07-03 07:25:00,22.5782,6.9609,10.0409,26.5847,29.4661,40.1150,49.8667,92.8963,347.0809,795.5021,29.2426,517.2033,5.5675,0.0000,200.0000,0.0000,0
2025-07-03 07:30:00,22.7173,6.9504,10.2134,26.6087,29.6444,40.0619,49.7970,95.0362,346.3460,803.8437,29.4793,547.1991,5.7578,0.0000,200.0000,0.0000,0
2025-07-03 07:35:00,22.8393,6.9427,10.2346,26.7717,29.8944,39.9265,49.9621,98.0583,344.5019,809.3492,29.8331,550.1803,5.6107,0.0000,200.0000,0.0000,0
2025-07-03 07:40:00,22.9805,6.9781,10.3067,26.8659,30.0279,39.8021,50.0979,99.9719,344.0086,813.4467,29.9639,554.5740,5.5473,0.0000,200.0000,0.0000,0
2025-07-03 07:45:00,22.9660,7.0125,10.4453,27.0230,30.2773,39.8888,50.0625,107.1958,345.3693,820.4077,30.2687,573.1931,5.3472,0.0000,200.0000,0.0000,0
2025-07-03 07:50:00,22.9885,6.9044,10.4299,27.0623,30.3639,39.9195,49.8679,105.9619,342.9389,823.0722,30.4310,589.1206,5.5597,0.0000,200.0000,0.0000,0
2025-07-03 07:55:00,23.1242,6.9977,10.4485,27.0172,30.5303,39.9102,50.0205,107.7205,345.5876,825.7236,30.6461,576.5014,5.3518,0.0000,200.0000,0.0000,0
2025-07-03 08:00:00,23.3489,7.0758,10.5112,27.3095,30.6215,40.1177,50.1331,110.1471,344.0228,828.1907,30.8163,576.9086,5.2376,0.0000,200.0000,0.0000,0
2025-07-03 08:05:00,23.3593,7.0561,10.5917,27.2681,30.5749,40.1165,49.8241,110.1660,345.3918,830.0628,31.0534,593.7186,5.3893,0.0000,200.0000,0.0000,0
2025-07-03 08:10:00,23.4080,6.9707,10.5615,27.4699,30.8570,40.2654,50.0095,112.4593,344.4365,835.3242,31.2032,605.2206,5.3817,0.0000,200.0000,0.0000,0
2025-07-03 08:15:00,23.4664,6.9302,10.6324,27.4549,30.9027,39.9084,50.2009,112.6409,344.7225,838.0262,31.4471,618.4826,5.4907,0.0000,200.0000,0.0000,0
2025-07-03 08:20:00,23.5275,7.0230,10.5939,27.6019,31.0672,40.1917,49.8088,115.0852,342.3488,843.3555,31.4341,600.7821,5.2203,0.0000,200.0000,0.0000,0
2025-07-03 08:25:00,23.6860,6.8841,10.6927,27.7129,31.2510,40.1910,50.1733,117.7410,343.1391,845.3011,31.5795,640.7558,5.4421,0.0000,200.0000,0.0000,0
2025-07-03 08:30:00,23.7120,7.0555,10.6246,27.6429,31.1936,39.9721,50.2429,120.8337,343.7265,847.7800,31.6659,597.2002,4.9423,0.0000,200.0000,0.0000,0
2025-07-03 08:35:00,23.7108,6.9893,10.6439,27.7426,31.3121,40.0568,49.9667,119.6922,339.0828,849.6360,31.6584,612.7908,5.1197,0.0000,200.0000,0.0000,0
2025-07-03 08:40:00,23.9128,7.0916,10.6804,27.8850,31.3776,40.1489,49.9485,120.3567,345.5035,854.8570,31.7215,603.1498,5.0114,0.0000,200.0000,0.0000,0
2025-07-03 08:45:00,23.9275,6.9137,10.5606,27.9775,31.4727,39.9929,50.1550,118.7993,347.0554,851.2672,31.6989,610.5355,5.1392,0.0000,200.0000,0.0000,0
2025-07-03 08:50:00,24.0270,7.0459,10.7531,28.0742,31.6075,39.9836,49.9721,121.8036,344.2946,858.2640,31.7809,620.4745,5.0941,0.0000,200.0000,0.0000,0
2025-07-03 08:55:00,24.2790,6.9950,10.6819,28.1307,31.7542,39.9247,49.6470,117.2235,344.1680,858.0685,32.0459,616.1810,5.2565,0.0000,200.0000,0.0000,0
2025-07-03 09:00:00,24.3581,6.9834,10.7558,28.3424,31.9562,39.7168,49.9852,123.9085,342.9691,869.9921,32.2252,627.1690,5.0615,0.0000,200.0000,0.0000,0
2025-07-03 09:05:00,24.4054,6.9315,10.6094,28.3990,31.9880,40.0085,50.0706,122.3368,341.4572,866.9428,32.4698,615.9647,5.0350,0.0000,200.0000,0.0000,0
2025-07-03 09:10:00,24.4001,7.0298,10.6821,28.4032,32.1241,39.9148,50.1110,124.4411,341.4405,864.9573,32.5031,610.2477,4.9039,0.0000,200.0000,0.0000,0
2025-07-03 09:15:00,24.4755,7.0338,10.8061,28.5137,32.0982,39.8710,49.8679,126.5088,343.3216,870.3992,32.6871,629.6021,4.9767,0.0000,200.0000,0.0000,0
2025-07-03 09:20:00,24.4009,7.0893,10.9644,28.5716,32.1675,40.0507,49.9595,128.8681,338.9614,877.6260,32.8598,649.6731,5.0414,0.0000,200.0000,0.0000,0
2025-07-03 09:25:00,24.6404,7.0504,10.8764,28.7032,32.3733,39.8258,50.1465,131.8828,338.4164,880.7047,33.0833,637.8440,4.8364,0.0000,200.0000,0.0000,0
2025-07-03 09:30:00,24.5698,6.9703,11.0426,28.6045,32.4902,40.0967,49.9910,134.8837,339.0283,881.0665,33.1433,683.5196,5.0675,0.0000,200.0000,0.0000,0
2025-07-03 09:35:00,24.6059,6.9498,10.9884,28.6581,32.4781,40.0580,49.7707,134.3791,341.0306,884.4614,33.2075,677.1979,5.0395,0.0000,200.0000,0.0000,0
2025-07-03 09:40:00,24.7029,6.9316,10.9617,28.7653,32.5046,39.9520,50.1856,134.1069,338.4196,881.8913,33.1564,673.9969,5.0258,0.0000,200.0000,0.0000,0
2025-07-03 09:45:00,24.7431,7.0737,11.1100,28.6849,32.5562,39.9924,49.9679,138.2808,338.9678,885.7144,33.3665,675.7234,4.8866,0.0000,200.0000,0.0000,0
2025-07-03 09:50:00,24.6779,6.9611,11.0765,28.7022,32.6130,39.8572,50.1637,138.9759,338.8451,886.2433,33.2081,686.6203,4.9406,0.0000,200.0000,0.0000,0
2025-07-03 09:55:00,24.7921,7.0740,11.0557,28.8916,32.7470,40.0900,49.7907,141.9351,337.0639,895.3440,33.3642,668.1883,4.7077,0.0000,200.0000,0.0000,0
2025-07-03 10:00:00,24.9496,7.0263,11.1648,28.9089,32.9040,40.0225,49.9819,141.9782,334.1779,891.8819,33.4422,693.3486,4.8835,0.0000,200.0000,0.0000,0
2025-07-03 10:05:00,25.0881,7.0165,11.0389,29.0377,32.9927,40.0314,50.0765,139.7901,337.4685,896.7551,33.5197,674.0403,4.8218,0.0000,200.0000,0.0000,0
2025-07-03 10:10:00,25.1431,6.9847,11.1532,29.1755,33.1294,40.0602,49.9869,142.6989,339.5409,901.1342,33.4591,699.0309,4.8986,0.0000,200.0000,0.0000,0
2025-07-03 10:15:00,25.1094,7.0330,11.1231,29.1136,33.1564,39.9229,49.8225,144.3574,339.5162,901.8705,33.5491,683.5202,4.7349,0.0000,200.0000,0.0000,0
2025-07-03 10:20:00,25.2752,6.9992,11.3128,29.1028,33.2445,39.8177,49.6420,149.4523,338.8447,903.9515,33.8169,718.9791,4.8108,0.0000,200.0000,0.0000,0
2025-07-03 10:25:00,25.0803,6.9815,11.2735,29.2173,33.2402,40.1149,50.2285,150.8005,338.9356,905.9475,33.8997,720.7027,4.7792,0.0000,200.0000,0.0000,0
2025-07-03 10:30:00,25.2730,7.0348,11.2814,29.3640,33.3381,40.0826,50.0372,150.5189,336.4648,911.6166,34.0983,712.5171,4.7337,0.0000,200.0000,0.0000,0
2025-07-03 10:35:00,25.3884,6.9928,11.3061,29.3071,33.7058,39.9358,50.1750,151.4205,335.7147,913.2230,34.1356,721.0577,4.7620,0.0000,200.0000,0.0000,0
2025-07-03 10:40:00,25.4362,6.9601,11.3007,29.5264,33.7440,40.0491,50.1393,153.5903,337.9323,914.0498,34.3035,727.6917,4.7379,0.0000,200.0000,0.0000,0
2025-07-03 10:45:00,25.7082,7.0300,11.3329,29.5364,33.9367,40.1510,50.0895,155.4560,336.7022,924.2584,34.4952,723.2043,4.6521,0.0000,200.0000,0.0000,0
2025-07-03 10:50:00,25.8308,6.9968,11.2649,29.7702,33.9189,40.1366,49.9518,154.2265,339.3107,923.1645,34.2748,717.0919,4.6496,0.0000,200.0000,0.0000,0
2025-07-03 10:55:00,25.7865,7.0244,11.4291,29.8810,34.0479,39.9323,50.0735,157.6629,337.5010,930.1529,34.5166,736.2641,4.6699,0.0000,200.0000,0.0000,0
2025-07-03 11:00:00,25.8849,6.9773,11.5014,29.8821,34.2527,39.8213,50.2149,163.8929,338.2570,937.0480,34.8932,754.1252,4.6013,0.0000,200.0000,0.0000,0
2025-07-03 11:05:00,25.9429,6.9395,11.5028,29.9530,34.3472,39.8419,50.0125,169.4852,334.2278,941.1773,34.8663,761.0486,4.4904,0.0000,200.0000,0.0000,0
2025-07-03 11:10:00,25.9785,7.0868,11.5018,30.0219,34.4279,39.9626,50.2853,167.4112,337.2281,943.0944,34.9030,738.5700,4.4117,0.0000,200.0000,0.0000,0
2025-07-03 11:15:00,26.1108,7.0773,11.5364,30.0289,34.6961,40.1755,49.7751,170.0339,338.8663,945.8921,35.0455,749.9019,4.4103,0.0000,200.0000,0.0000,0
2025-07-03 11:20:00,26.0960,7.0442,11.6797,30.1090,34.6893,39.9126,49.7590,170.8806,334.6952,947.4119,34.9594,774.4800,4.5323,0.0000,200.0000,0.0000,0
2025-07-03 11:25:00,26.2185,6.9806,11.6468,30.2091,34.7594,39.9284,50.1482,174.5523,335.1417,953.7434,35.0831,779.9082,4.4680,0.0000,200.0000,0.0000,0
2025-07-03 11:30:00,26.3318,6.9850,11.7649,30.3872,34.9300,39.9260,49.8772,179.5022,331.9175,956.4224,35.2206,798.8739,4.4505,0.0000,200.0000,0.0000,0
2025-07-03 11:35:00,26.2193,7.0691,11.7576,30.2190,34.9704,39.9362,50.3065,179.5048,335.5600,959.8092,35.2969,783.7855,4.3664,0.0000,200.0000,0.0000,0
2025-07-03 11:40:00,26.1732,6.9823,11.7211,30.2066,34.8204,39.9987,50.2006,176.5270,336.2411,955.0788,35.1709,793.4424,4.4947,0.0000,200.0000,0.0000,0
2025-07-03 11:45:00,26.1770,6.9684,11.7734,30.2180,34.9209,39.8464,50.2381,178.6667,332.7774,955.0644,35.2229,801.4618,4.4858,0.0000,200.0000,0.0000,0
2025-07-03 11:50:00,26.1743,7.0936,11.7542,30.0793,34.7946,40.1301,50.1327,177.1724,334.9802,952.9519,34.9815,782.9033,4.4189,0.0000,200.0000,0.0000,0
2025-07-03 11:55:00,26.2561,6.9976,11.5688,30.3000,34.8660,39.9826,49.8618,174.5016,334.7048,955.4937,34.9836,765.0624,4.3843,0.0000,200.0000,0.0000,0
2025-07-03 12:00:00,26.3338,7.0884,11.6759,30.3098,34.9131,40.2975,49.7511,177.6542,335.0229,955.6392,35.3366,773.8415,4.3559,0.0000,200.0000,0.0000,0
2025-07-03 12:05:00,26.3650,6.9301,11.6685,30.4087,34.9523,39.8592,50.2243,175.2631,336.2249,958.8478,35.4085,790.6005,4.5109,0.0000,200.0000,0.0000,0
2025-07-03 12:10:00,26.5823,7.0259,11.7452,30.4672,35.0321,40.1908,49.7751,175.3391,335.5106,961.4650,35.5007,793.9663,4.5282,0.0000,200.0000,0.0000,0
2025-07-03 12:15:00,26.5912,7.1036,11.8783,30.5935,35.2711,40.1670,50.2377,181.4247,333.1485,974.5415,35.8972,802.8209,4.4251,0.0000,200.0000,0.0000,0
2025-07-03 12:20:00,26.6300,7.0015,11.7278,30.5979,35.2517,39.9506,50.1004,182.1561,335.0772,972.1252,35.9734,790.3961,4.3391,0.0000,200.0000,0.0000,0
2025-07-03 12:25:00,26.7298,6.9868,11.7799,30.6238,35.3927,39.9526,49.9886,182.1207,335.6231,968.4339,35.8982,801.6015,4.4015,0.0000,200.0000,0.0000,0
2025-07-03 12:30:00,26.6476,6.9416,11.7310,30.6840,35.4619,39.8894,50.0663,183.5799,332.1952,971.8035,36.0578,799.7264,4.3563,0.0000,200.0000,0.0000,0
2025-07-03 12:35:00,26.6957,7.0541,11.9704,30.7051,35.4679,39.8908,50.0698,188.3384,332.6212,976.5867,36.0826,820.9353,4.3588,0.0000,200.0000,0.0000,0
2025-07-03 12:40:00,26.7695,6.9615,12.0650,30.7226,35.7152,39.9999,49.9696,194.2252,328.1321,984.8228,36.3517,854.5258,4.3997,0.0000,200.0000,0.0000,0
2025-07-03 12:45:00,26.9556,6.9953,12.1221,30.8205,35.8899,40.0025,50.2139,198.2719,332.1191,987.4585,36.6621,858.4940,4.3299,0.0000,200.0000,0.0000,0
2025-07-03 12:50:00,26.8139,6.9383,12.1606,30.8109,35.7951,39.8077,50.2087,204.3747,333.0198,990.0925,36.6855,870.2149,4.2579,0.0000,200.0000,0.0000,0
2025-07-03 12:55:00,26.9358,7.0778,12.1821,30.8277,35.8901,40.2752,50.0233,200.6763,330.3700,988.4412,36.5109,860.5360,4.2882,0.0000,200.0000,0.0000,0
2025-07-03 13:00:00,26.9457,7.0577,12.2225,30.8782,36.0686,39.9689,49.9100,203.7448,330.7636,992.8570,36.4250,864.1126,4.2412,0.0000,200.0000,0.0000,0
2025-07-03 13:05:00,26.8490,6.9984,12.1604,30.9385,35.8944,40.0079,50.1959,199.2936,330.5284,988.6015,36.3998,864.4860,4.3378,0.0000,200.0000,0.0000,0
2025-07-03 13:10:00,26.7024,6.9423,12.0624,30.8579,35.6258,39.9249,49.6966,194.3022,330.7011,983.9686,36.2467,855.6972,4.4040,0.0000,200.0000,0.0000,0
2025-07-03 13:15:00,26.8998,7.0768,12.0341,30.7941,35.8625,39.9680,50.0666,196.9752,331.8379,985.4512,36.4324,829.3808,4.2106,0.0000,200.0000,0.0000,0
2025-07-03 13:20:00,26.6622,6.9817,12.0956,30.6913,35.6854,39.9571,50.1109,196.4049,329.7596,986.9600,36.3395,855.3543,4.3551,0.0000,200.0000,0.0000,0
2025-07-03 13:25:00,26.8340,6.9447,12.0953,30.7010,35.7718,39.9996,49.8757,197.3871,330.8795,986.2887,36.2818,862.4000,4.3691,0.0000,200.0000,0.0000,0
2025-07-03 13:30:00,26.7025,6.9119,12.1489,30.7454,35.7497,39.9982,50.1461,202.8576,328.7150,985.5405,36.4295,876.8535,4.3225,0.0000,200.0000,0.0000,0
2025-07-03 13:35:00,26.6878,6.9677,12.1238,30.8004,35.8948,40.0966,49.9960,202.5376,331.8384,991.3054,36.5251,865.4153,4.2729,0.0000,200.0000,0.0000,0
2025-07-03 13:40:00,26.8595,6.9273,12.2208,30.8885,35.9526,40.0273,49.9181,204.3472,330.9574,990.7844,36.8041,886.9604,4.3405,0.0000,200.0000,0.0000,0
2025-07-03 13:45:00,26.9495,6.9689,12.2534,31.0167,36.0274,40.0845,50.1445,205.7325,329.5688,998.0238,36.7392,886.7101,4.3100,0.0000,200.0000,0.0000,0
2025-07-03 13:50:00,26.8755,7.0372,12.1692,30.8868,36.0074,39.9988,49.8371,206.1588,330.2160,999.4436,36.7508,859.2750,4.1680,0.0000,200.0000,0.0000,0
2025-07-03 13:55:00,26.8596,6.9812,12.2327,30.8591,36.0011,40.0278,50.1304,208.6651,329.3895,996.1433,36.8250,879.9221,4.2169,0.0000,200.0000,0.0000,0
2025-07-03 14:00:00,26.8108,7.0178,12.2749,30.8793,35.9960,39.9710,49.7026,208.8783,332.0279,995.9276,36.8493,879.6174,4.2111,0.0000,200.0000,0.0000,0
2025-07-03 14:05:00,26.8037,6.9638,12.2484,30.8396,36.0600,40.1204,50.0429,204.7216,329.1223,995.1828,36.6167,887.5037,4.3352,0.0000,200.0000,0.0000,0
2025-07-03 14:10:00,26.8173,7.0033,12.1657,30.8738,35.9604,40.0387,50.0066,204.3945,331.5296,992.7216,36.6778,865.2381,4.2332,0.0000,200.0000,0.0000,0
2025-07-03 14:15:00,26.7721,7.0960,12.2677,30.7281,35.7996,39.9810,49.9190,202.3729,328.9943,991.1331,36.6846,865.5311,4.2769,0.0000,200.0000,0.0000,0
2025-07-03 14:20:00,26.7000,6.9826,12.2085,30.7844,35.8901,39.9775,50.0584,203.9158,331.9233,993.2297,36.5833,874.5322,4.2887,0.0000,200.0000,0.0000,0
2025-07-03 14:25:00,26.7236,7.0192,12.2449,30.6329,35.8079,39.9869,49.9881,204.2703,332.1238,992.2874,36.4402,874.7057,4.2821,0.0000,200.0000,0.0000,0
2025-07-03 14:30:00,26.5978,6.9217,12.2758,30.6164,35.7697,40.0037,50.1582,203.8547,332.4601,990.2717,36.3888,896.5675,4.3981,0.0000,200.0000,0.0000,0
2025-07-03 14:35:00,26.6902,7.0760,12.2242,30.6201,35.8977,39.9932,50.0840,207.6847,332.7669,992.3902,36.5769,861.8705,4.1499,0.0000,200.0000,0.0000,0
2025-07-03 14:40:00,26.7203,6.9761,12.2261,30.6706,35.9022,39.9329,50.0679,207.2652,330.5380,990.1839,36.5758,877.5735,4.2341,0.0000,200.0000,0.0000,0
2025-07-03 14:45:00,26.6469,7.0525,12.0636,30.7034,35.8414,40.0918,50.0438,202.0069,333.2554,986.3091,36.2316,840.9859,4.1632,0.0000,200.0000,0.0000,0
2025-07-03 14:50:00,26.6756,6.9938,12.2096,30.6200,35.8835,40.0994,49.9292,203.8557,333.2986,992.7387,36.5218,875.4984,4.2947,0.0000,200.0000,0.0000,0
2025-07-03 14:55:00,26.7821,7.0306,12.1407,30.7699,35.9876,40.2141,49.9547,204.4003,327.8309,991.2027,36.5154,860.2104,4.2085,0.0000,200.0000,0.0000,0
2025-07-03 15:00:00,26.7664,7.0336,12.2876,30.6420,35.8620,39.9276,50.0372,209.7840,328.5905,992.6193,36.3593,878.1427,4.1859,0.0000,200.0000,0.0000,0
2025-07-03 15:05:00,26.7148,6.9774,12.1838,30.7253,35.8073,40.0800,49.9740,203.1570,327.4985,990.0598,36.3168,873.5046,4.2997,0.0000,200.0000,0.0000,0
2025-07-03 15:10:00,26.6820,7.0546,12.1104,30.7894,35.8460,39.7709,50.1667,200.7593,332.9179,990.0771,36.4187,841.6995,4.1926,0.0000,200.0000,0.0000,0
2025-07-03 15:15:00,26.4983,6.9621,12.1007,30.6184,35.7505,40.0995,50.0140,198.8851,327.9259,985.9049,36.3303,862.5544,4.3369,0.0000,200.0000,0.0000,0
2025-07-03 15:20:00,26.5281,7.0389,12.0811,30.4685,35.4914,39.8252,50.0564,194.4822,327.8816,973.7131,36.1082,840.5761,4.3221,0.0000,200.0000,0.0000,0
2025-07-03 15:25:00,26.4789,6.9805,11.9742,30.4720,35.4126,39.8819,49.7896,191.9206,329.3421,979.3449,36.0986,833.6785,4.3439,0.0000,200.0000,0.0000,0
2025-07-03 15:30:00,26.6074,7.0175,12.0202,30.6246,35.4489,40.0399,50.1415,192.3520,328.2273,974.4427,36.1789,838.4927,4.3592,0.0000,200.0000,0.0000,0
2025-07-03 15:35:00,26.4953,6.9769,12.1000,30.4982,35.5253,39.9254,49.9128,195.8801,331.8108,979.4922,36.1255,856.2097,4.3711,0.0000,200.0000,0.0000,0
2025-07-03 15:40:00,26.5916,7.0025,11.8720,30.5381,35.4160,39.9090,49.8436,189.9630,329.9240,977.2415,35.8866,813.4951,4.2824,0.0000,200.0000,0.0000,0
2025-07-03 15:45:00,26.6304,6.9463,12.0213,30.5316,35.4431,39.9418,50.2469,191.5418,328.5059,978.3003,36.1009,848.5297,4.4300,0.0000,200.0000,0.0000,0
2025-07-03 15:50:00,26.4898,7.0124,11.9471,30.4380,35.3573,40.0876,50.1046,196.5661,331.4549,974.9071,35.7818,828.0748,4.2127,0.0000,200.0000,0.0000,0
2025-07-03 15:55:00,26.4270,7.0022,12.1135,30.4637,35.4142,39.8881,50.1466,198.1298,330.8687,977.5534,35.7824,853.4397,4.3075,0.0000,200.0000,0.0000,0
2025-07-03 16:00:00,26.3419,6.9730,12.0858,30.3508,35.5063,39.9935,50.0682,199.3520,326.8996,978.4392,35.7290,855.9518,4.2937,0.0000,200.0000,0.0000,0
2025-07-03 16:05:00,26.4518,6.9972,12.1597,30.4888,35.4016,39.9546,49.9860,196.8065,329.6549,978.6729,35.8495,863.4266,4.3872,0.0000,200.0000,0.0000,0
2025-07-03 16:10:00,26.4642,7.0067,12.0076,30.5170,35.5470,40.0984,49.9581,196.1731,331.1134,975.5207,35.6723,839.4147,4.2789,0.0000,200.0000,0.0000,0
2025-07-03 16:15:00,26.4950,6.9692,11.9837,30.5661,35.4535,40.1018,50.1169,195.0360,330.5433,978.0300,35.5464,841.7663,4.3160,0.0000,200.0000,0.0000,0
2025-07-03 16:20:00,26.3952,6.9936,12.1252,30.4146,35.4574,39.7798,50.1699,199.4031,330.1826,975.8361,35.9315,854.5034,4.2853,0.0000,200.0000,0.0000,0
2025-07-03 16:25:00,26.2889,6.9497,11.9999,30.3423,35.2168,40.1254,49.9898,193.0037,333.9783,973.8652,35.6125,848.2531,4.3950,0.0000,200.0000,0.0000,0
2025-07-03 16:30:00,26.4622,7.1173,11.9601,30.2983,35.3158,39.9267,50.3109,192.0991,335.7957,971.7452,35.7737,809.3909,4.2134,0.0000,200.0000,0.0000,0
2025-07-03 16:35:00,26.2723,7.0530,11.9758,30.3374,35.2576,40.0284,49.9704,188.4185,331.5588,968.0791,35.6649,824.8679,4.3779,0.0000,200.0000,0.0000,0
2025-07-03 16:40:00,26.2342,7.0137,11.8134,30.2685,35.1614,39.8873,49.7909,186.2268,329.8333,964.9811,35.4825,801.3995,4.3034,0.0000,200.0000,0.0000,0
2025-07-03 16:45:00,26.2026,7.0586,11.7883,30.2385,34.9629,40.0445,49.7418,182.1206,332.5889,962.6358,35.3750,792.8200,4.3533,0.0000,200.0000,0.0000,0
2025-07-03 16:50:00,26.2354,6.9010,11.7713,30.1751,34.8768,40.3062,49.7468,180.9540,333.7668,959.7252,35.3013,821.7101,4.5410,0.0000,200.0000,0.0000,0
2025-07-03 16:55:00,26.1818,6.8721,11.8726,30.2187,34.8885,40.0153,49.9379,182.5605,333.0120,958.6443,35.4995,837.6062,4.5881,0.0000,200.0000,0.0000,0
2025-07-03 17:00:00,26.1851,6.9800,11.8711,30.1962,34.8508,39.9448,49.9652,181.0258,334.5494,958.9713,35.5572,817.8252,4.5177,0.0000,200.0000,0.0000,0
2025-07-03 17:05:00,26.0904,6.9311,11.8156,30.0993,34.8136,39.9721,50.1024,178.0233,338.1182,957.9275,35.3384,817.2955,4.5909,0.0000,200.0000,0.0000,0
2025-07-03 17:10:00,26.0381,6.9882,11.7023,29.9952,34.7142,39.8237,49.9957,174.9096,330.6718,951.1660,35.2334,785.8611,4.4930,0.0000,200.0000,0.0000,0
2025-07-03 17:15:00,25.8954,7.0103,11.5291,30.0728,34.5643,40.1739,50.1265,169.6472,333.5604,946.5082,35.0964,759.9230,4.4794,0.0000,200.0000,0.0000,0
2025-07-03 17:20:00,25.9853,7.0460,11.7006,29.9937,34.4458,40.0375,50.0067,173.4262,337.4122,942.9808,35.0918,780.0889,4.4981,0.0000,200.0000,0.0000,0
2025-07-03 17:25:00,25.8439,6.9431,11.7495,29.7958,34.4922,39.8741,50.0020,172.6749,333.3262,942.1097,35.0172,802.2563,4.6460,0.0000,200.0000,0.0000,0
2025-07-03 17:30:00,25.8516,7.0200,11.7464,29.8586,34.3455,39.8780,49.9134,171.4782,335.8792,944.3075,35.0840,788.9829,4.6011,0.0000,200.0000,0.0000,0
2025-07-03 17:35:00,25.6491,7.0007,11.6313,29.5741,34.2105,40.0018,50.2134,168.4481,336.1759,935.0024,34.9740,775.3751,4.6031,0.0000,200.0000,0.0000,0
2025-07-03 17:40:00,25.7268,7.0174,11.5438,29.7837,34.2592,40.1118,49.7703,168.7491,337.4270,937.4395,34.9410,760.0168,4.5038,0.0000,200.0000,0.0000,0
2025-07-03 17:45:00,25.7057,6.9740,11.4665,29.6458,34.0679,39.8619,50.0452,163.9157,339.6671,935.2298,34.7989,749.6186,4.5732,0.0000,200.0000,0.0000,0
2025-07-03 17:50:00,25.7703,7.0692,11.6419,29.6705,34.0896,40.1336,49.9728,165.5355,336.0854,933.7760,34.7184,768.2093,4.6408,0.0000,200.0000,0.0000,0
2025-07-03 17:55:00,25.5911,6.9948,11.4930,29.5547,34.0266,39.9890,50.1173,165.8450,331.7774,930.0710,34.6353,752.9733,4.5402,0.0000,200.0000,0.0000,0
2025-07-03 18:00:00,25.5267,7.0887,11.4917,29.4780,33.9831,39.8884,49.9969,165.0796,333.9866,932.4197,34.6234,735.1857,4.4535,0.0000,200.0000,0.0000,0
2025-07-03 18:05:00,25.4784,6.9605,11.4772,29.5529,33.9086,39.9439,50.0013,158.3214,340.7162,927.0846,34.6906,755.2198,4.7702,0.0000,200.0000,0.0000,0
2025-07-03 18:10:00,25.4246,7.0371,11.3575,29.3544,33.7012,40.2098,49.9600,156.3457,333.9266,920.6974,34.6339,727.1917,4.6512,0.0000,200.0000,0.0000,0
2025-07-03 18:15:00,25.3136,6.9970,11.2514,29.3079,33.4880,39.8334,50.2090,151.5619,338.3010,916.1400,34.3132,709.3876,4.6805,0.0000,200.0000,0.0000,0
2025-07-03 18:20:00,25.3099,6.9836,11.3770,29.2201,33.3793,39.9122,50.0004,152.4469,332.3584,910.5229,34.1731,734.0066,4.8148,0.0000,200.0000,0.0000,0
2025-07-03 18:25:00,25.1413,7.0316,11.3386,29.3149,33.4144,40.1143,50.2954,150.3575,334.5645,912.8710,34.0073,723.2142,4.8100,0.0000,200.0000,0.0000,0
2025-07-03 18:30:00,25.1456,6.9850,11.3066,29.2330,33.3721,40.0260,50.0408,153.1266,338.9589,910.3586,34.0690,724.0673,4.7286,0.0000,200.0000,0.0000,0
2025-07-03 18:35:00,25.0103,6.8669,11.3353,29.0488,33.3567,39.9051,50.0033,154.8725,336.7181,908.5688,34.0697,746.4060,4.8195,0.0000,200.0000,0.0000,0
2025-07-03 18:40:00,25.0810,6.8469,11.4810,29.1118,33.3964,40.1158,49.9782,155.3182,336.0057,916.6083,33.9762,778.1807,5.0102,0.0000,200.0000,0.0000,0
2025-07-03 18:45:00,24.9676,7.0636,11.4242,29.0860,33.2730,40.1215,50.0846,155.0887,334.7525,907.2293,33.9388,732.3598,4.7222,0.0000,200.0000,0.0000,0
2025-07-03 18:50:00,24.9669,7.0615,11.4650,29.0833,33.2932,40.0398,49.9117,154.7600,332.6327,910.4001,34.0853,738.0449,4.7690,0.0000,200.0000,0.0000,0
2025-07-03 18:55:00,24.9783,7.0944,11.4478,28.9691,33.2681,39.9265,50.0219,154.9337,337.9482,909.8529,33.9866,727.5929,4.6962,0.0000,200.0000,0.0000,0
2025-07-03 19:00:00,24.8458,6.9991,11.3494,28.9332,33.1633,39.9450,50.0012,153.6977,336.2177,907.3568,33.9784,727.4069,4.7327,0.0000,200.0000,0.0000,0
2025-07-03 19:05:00,24.8346,6.9354,11.3457,28.8738,33.0905,40.0342,50.0488,151.7251,333.7731,904.3738,33.8489,739.0974,4.8713,0.0000,200.0000,0.0000,0
2025-07-03 19:10:00,24.9037,6.9790,11.4230,28.8168,33.0867,39.8426,50.0525,152.2590,337.0441,902.4349,33.9522,741.1644,4.8678,0.0000,200.0000,0.0000,0
2025-07-03 19:15:00,24.8481,7.0006,11.3731,28.7424,32.8924,40.1593,50.0603,147.4095,338.5550,900.3516,33.6788,735.0453,4.9864,0.0000,200.0000,0.0000,0
2025-07-03 19:20:00,24.6821,6.9496,11.3240,28.6389,33.0207,40.2040,50.0142,153.1554,336.0414,901.8793,33.6324,736.1728,4.8067,0.0000,200.0000,0.0000,0
2025-07-03 19:25:00,24.5295,7.0824,11.4351,28.6491,32.8430,39.9717,50.2353,151.3270,336.7567,898.0622,33.4151,728.2997,4.8128,0.0000,200.0000,0.0000,0
2025-07-03 19:30:00,24.4580,7.1120,11.4023,28.5158,32.8216,40.0427,50.0634,153.5251,336.5951,896.7905,33.3927,719.1396,4.6842,0.0000,200.0000,0.0000,0
2025-07-03 19:35:00,24.4996,7.0239,11.3646,28.5514,32.8576,40.1423,50.3909,153.5644,335.0419,895.1770,33.4814,729.3847,4.7497,0.0000,200.0000,0.0000,0
2025-07-03 19:40:00,24.5713,6.9995,11.4088,28.5805,32.7824,40.2347,50.0075,152.7748,336.7289,901.4390,33.2776,742.6382,4.8610,0.0000,200.0000,0.0000,0
2025-07-03 19:45:00,24.6591,6.9353,11.1891,28.7266,32.6742,40.1868,50.1438,147.7570,339.2125,893.8405,33.2250,715.5968,4.8431,0.0000,200.0000,0.0000,0
2025-07-03 19:50:00,24.6700,7.0773,11.2265,28.6253,32.6708,39.7917,49.8911,145.7098,339.8663,893.1434,33.1921,691.1172,4.7431,0.0000,200.0000,0.0000,0
2025-07-03 19:55:00,24.5497,7.0038,11.1276,28.5729,32.5178,39.9621,50.2101,142.5053,340.0429,885.3562,32.8390,689.8387,4.8408,0.0000,200.0000,0.0000,0
2025-07-03 20:00:00,24.4237,6.9855,11.1267,28.4306,32.4902,40.0601,49.8944,140.9975,337.2395,882.4698,32.7570,694.4389,4.9252,0.0000,200.0000,0.0000,0
2025-07-03 20:05:00,24.4694,7.0241,11.1381,28.4552,32.4238,39.9407,50.0684,140.4442,339.9436,885.9850,32.9782,687.8258,4.8975,0.0000,200.0000,0.0000,0
2025-07-03 20:10:00,24.4514,6.9707,10.9844,28.4681,32.3756,40.2139,49.9603,137.2541,340.4642,879.6217,32.7096,675.6437,4.9226,0.0000,200.0000,0.0000,0
2025-07-03 20:15:00,24.3849,7.0073,11.0940,28.3562,32.1327,40.1955,50.0678,136.8514,338.2748,878.5302,32.5524,687.6107,5.0245,0.0000,200.0000,0.0000,0
2025-07-03 20:20:00,24.4663,6.9279,10.9508,28.3543,32.1113,39.9021,49.9648,130.4423,339.4896,870.2366,32.2483,671.9445,5.1513,0.0000,200.0000,0.0000,0
2025-07-03 20:25:00,24.2536,7.0544,10.8857,28.3861,32.0360,39.9805,49.8816,126.2249,342.8356,870.2933,31.9921,641.2147,5.0799,0.0000,200.0000,0.0000,0
2025-07-03 20:30:00,24.2707,6.9948,10.7060,28.2424,31.8270,39.9101,49.9593,122.1228,344.8980,864.2796,31.7935,620.0147,5.0770,0.0000,200.0000,0.0000,0
2025-07-03 20:35:00,24.3500,7.0579,10.6714,28.2894,31.7862,39.9766,50.2312,121.5503,338.6451,861.8936,31.7042,604.6772,4.9747,0.0000,200.0000,0.0000,0
2025-07-03 20:40:00,24.1103,6.9899,10.7681,28.2190,31.6684,39.9729,50.0701,120.2725,345.7003,859.6091,31.5162,632.1903,5.2563,0.0000,200.0000,0.0000,0
2025-07-03 20:45:00,24.1637,6.9932,10.6170,28.1547,31.5284,40.1145,49.8067,118.3729,345.0286,859.1247,31.3540,608.5063,5.1406,0.0000,200.0000,0.0000,0
2025-07-03 20:50:00,24.0811,6.9394,10.6517,28.1623,31.5536,39.8934,50.1643,115.3373,342.9785,853.3328,31.4486,619.9289,5.3749,0.0000,200.0000,0.0000,0
2025-07-03 20:55:00,23.9378,7.0380,10.6732,27.9527,31.4722,39.6860,49.8663,118.8666,342.2899,854.5051,31.3213,603.9012,5.0805,0.0000,200.0000,0.0000,0
2025-07-03 21:00:00,23.7010,6.9562,10.5809,27.7726,31.2242,39.8075,50.1115,116.1573,343.5065,848.1587,31.2548,603.9978,5.1998,0.0000,200.0000,0.0000,0
2025-07-03 21:05:00,23.7572,6.9757,10.6993,27.6270,31.1964,39.8766,50.0830,117.2132,341.2734,845.2690,31.2375,621.5612,5.3028,0.0000,200.0000,0.0000,0
2025-07-03 21:10:00,23.6338,7.0001,10.7878,27.5818,31.0674,39.9213,50.0924,120.4577,341.4256,844.9968,31.0004,632.9660,5.2547,0.0000,200.0000,0.0000,0
2025-07-03 21:15:00,23.6733,7.0061,10.7948,27.6665,31.1238,40.0225,50.2780,119.0121,339.0530,849.2869,30.9855,634.7454,5.3335,0.0000,200.0000,0.0000,0
2025-07-03 21:20:00,23.5007,6.9147,10.8090,27.6314,31.1919,39.8704,49.8757,120.9130,338.2495,846.4459,30.9750,649.9567,5.3754,0.0000,200.0000,0.0000,0
2025-07-03 21:25:00,23.4874,6.9885,10.8147,27.5114,31.0862,39.8547,50.0916,119.7762,346.5180,844.9050,30.8387,638.3400,5.3294,0.0000,200.0000,0.0000,0
2025-07-03 21:30:00,23.3352,7.0398,10.7316,27.4365,30.8730,39.8885,50.1889,118.1640,342.0823,840.9691,30.7476,616.4341,5.2168,0.0000,200.0000,0.0000,0
2025-07-03 21:35:00,23.2079,6.9811,10.6635,27.1641,30.7174,39.8661,49.9035,117.1675,342.6123,833.9174,30.6505,614.5124,5.2447,0.0000,200.0000,0.0000,0
2025-07-03 21:40:00,23.3009,6.9888,10.7924,27.1869,30.6960,39.9335,49.8881,116.0819,342.3044,835.4217,30.5499,635.8148,5.4773,0.0000,200.0000,0.0000,0
2025-07-03 21:45:00,23.0430,7.0081,10.5737,27.0992,30.4433,39.9283,49.9569,114.9632,341.0109,828.8270,30.1443,595.9505,5.1838,0.0000,200.0000,0.0000,0
2025-07-03 21:50:00,22.9441,6.9937,10.5992,26.9590,30.3876,40.0827,50.0487,113.3429,341.8847,829.1071,30.3808,604.9590,5.3374,0.0000,200.0000,0.0000,0
2025-07-03 21:55:00,22.9389,6.9485,10.6372,26.9782,30.3443,39.8813,49.7884,111.2030,343.1841,829.7972,30.1097,615.8134,5.5377,0.0000,200.0000,0.0000,0
2025-07-03 22:00:00,22.7448,6.9982,10.5945,26.8491,30.1672,39.9571,50.0827,108.6257,343.3916,820.3626,29.8045,601.5184,5.5375,0.0000,200.0000,0.0000,0
2025-07-03 22:05:00,22.7710,7.0497,10.4755,26.8447,30.1408,39.9346,49.7887,105.5682,342.6669,819.1711,29.9370,572.6811,5.4248,0.0000,200.0000,0.0000,0
2025-07-03 22:10:00,22.7611,6.9474,10.4653,26.7967,30.0873,40.0971,50.1940,103.3512,345.5456,820.4540,29.7698,590.4670,5.7132,0.0000,200.0000,0.0000,0
2025-07-03 22:15:00,22.7492,6.9813,10.2711,26.7221,29.8800,39.9815,50.0771,101.8615,345.3284,813.1412,29.6467,550.5927,5.4053,0.0000,200.0000,0.0000,0
2025-07-03 22:20:00,22.8139,6.9309,10.3211,26.8559,29.9319,40.1261,50.2870,101.4243,345.9412,811.5946,29.8831,569.4401,5.6144,0.0000,200.0000,0.0000,0
2025-07-03 22:25:00,22.6450,7.0471,10.2094,26.6477,29.7200,39.8617,50.1003,99.2885,346.9184,804.8236,29.4949,527.6736,5.3146,0.0000,200.0000,0.0000,0
2025-07-03 22:30:00,22.5557,6.9954,10.2608,26.5466,29.5620,39.9941,49.9543,95.9291,345.8360,800.2665,29.3885,546.6849,5.6988,0.0000,200.0000,0.0000,0
2025-07-03 22:35:00,22.4453,6.9575,10.0724,26.4796,29.4561,39.9309,49.8802,92.4474,346.4327,793.7825,29.3436,520.6595,5.6320,0.0000,200.0000,0.0000,0
2025-07-03 22:40:00,22.5612,7.0046,10.0530,26.5902,29.4913,39.8529,50.0358,93.4074,350.0065,800.3443,29.3915,508.5409,5.4443,0.0000,200.0000,0.0000,0
2025-07-03 22:45:00,22.5579,6.9398,10.0511,26.5525,29.2403,39.9919,49.9955,90.6061,345.9088,791.9056,29.2882,520.8434,5.7484,0.0000,200.0000,0.0000,0
2025-07-03 22:50:00,22.4276,6.9483,10.0191,26.4790,29.3052,40.2080,50.1779,85.0233,344.5407,792.1266,29.0030,516.8356,6.0788,0.0000,200.0000,0.0000,0
2025-07-03 22:55:00,22.2517,6.9270,9.9598,26.3023,29.0688,39.8977,49.8607,84.7798,349.3839,785.7937,28.7779,506.5219,5.9746,0.0000,200.0000,0.0000,0
2025-07-03 23:00:00,22.3501,6.9467,10.0016,26.2889,29.0466,39.9847,50.3031,87.7321,346.9701,787.7763,29.1287,511.3271,5.8283,0.0000,200.0000,0.0000,0
2025-07-03 23:05:00,22.2732,7.0679,9.9720,26.2173,29.0796,39.8425,50.1912,87.2159,346.3056,785.5738,28.9910,484.3574,5.5535,0.0000,200.0000,0.0000,0
2025-07-03 23:10:00,22.2396,6.9633,9.9759,26.2325,29.0102,39.8249,49.9695,84.7198,349.8874,788.4533,28.9051,502.2100,5.9279,0.0000,200.0000,0.0000,0
2025-07-03 23:15:00,22.1205,7.0233,9.8957,25.9535,28.7862,39.9055,50.2697,85.7896,348.1271,782.4751,28.5222,479.8136,5.5929,0.0000,200.0000,0.0000,0
2025-07-03 23:20:00,21.9773,6.9582,10.0004,25.9697,28.7339,39.9460,49.8825,87.1606,345.7094,779.4951,28.5213,508.7067,5.8364,0.0000,200.0000,0.0000,0
2025-07-03 23:25:00,22.0051,7.0380,9.9457,25.9207,28.7038,39.9513,50.0308,82.5989,352.5793,774.8317,28.3928,486.2743,5.8872,0.0000,200.0000,0.0000,0
2025-07-03 23:30:00,21.8958,6.9487,9.9247,25.8924,28.5238,39.9729,49.8085,83.6080,345.7781,775.4536,28.3301,497.9655,5.9560,0.0000,200.0000,0.0000,0
2025-07-03 23:35:00,21.6692,7.0020,9.9171,25.8417,28.4023,39.8022,50.2770,82.1469,348.6480,769.5335,28.1471,485.7002,5.9126,0.0000,200.0000,0.0000,0
2025-07-03 23:40:00,21.5610,7.0026,9.8834,25.5189,28.4239,39.9249,49.7529,83.5543,344.7090,766.8802,28.1195,481.4508,5.7621,0.0000,200.0000,0.0000,0
2025-07-03 23:45:00,21.6487,7.1164,9.9343,25.8041,28.3935,40.0602,49.7839,81.3729,349.3770,771.2241,28.2592,472.5413,5.8071,0.0000,200.0000,0.0000,0
2025-07-03 23:50:00,21.6113,7.0315,9.9426,25.6424,28.3993,39.8370,49.9048,84.3975,347.1984,773.3247,28.2038,485.4454,5.7519,0.0000,200.0000,0.0000,0
2025-07-03 23:55:00,21.5766,6.9704,9.8623,25.5985,28.3132,39.9574,50.1983,82.1183,350.5849,766.4584,28.0848,483.7089,5.8904,0.0000,200.0000,0.0000,0
2025-07-04 00:00:00,21.5742,7.0343,9.8650,25.4727,28.2005,40.0351,50.1432,82.6610,348.9673,766.9866,28.0668,474.3900,5.7390,0.0000,200.0000,0.0000,1
2025-07-04 00:05:00,21.5653,7.1069,9.8306,25.5524,28.1550,39.9061,50.0183,81.7730,351.8241,763.9916,28.0246,454.9849,5.5640,0.0009,200.0000,0.0775,1
2025-07-04 00:10:00,21.3937,6.9185,9.8895,25.3804,28.0484,40.0410,50.1528,79.2662,348.4301,762.8347,27.8914,497.9627,6.2822,0.0017,200.0000,0.1550,1
2025-07-04 00:15:00,21.3752,6.9579,9.7404,25.3944,27.9433,39.8175,49.9827,81.3624,346.3595,762.9389,27.7305,463.7873,5.7003,0.0026,200.0000,0.2325,1
2025-07-04 00:20:00,21.2463,6.9882,9.6895,25.2536,27.9150,40.1066,50.0634,77.1352,350.6423,756.7759,27.6252,453.5265,5.8796,0.0035,200.0000,0.3100,1
2025-07-04 00:25:00,21.3261,6.9791,9.6794,25.3263,27.7966,40.0439,50.2478,74.8604,350.0225,753.2234,27.6802,452.6302,6.0463,0.0043,200.0000,0.3875,1
2025-07-04 00:30:00,21.3784,6.9834,9.7551,25.4194,27.9121,40.0067,49.9630,72.8193,347.0677,752.9409,27.6411,464.1722,6.3743,0.0052,200.0000,0.4650,1
2025-07-04 00:35:00,21.2736,6.9348,9.7481,25.2526,27.8023,40.1350,49.8850,72.6138,348.4210,755.9643,27.4221,472.6464,6.5090,0.0061,200.0000,0.5425,1
2025-07-04 00:40:00,21.2917,7.0702,9.6406,25.2451,27.7425,39.9605,50.0706,73.3335,348.8307,751.0923,27.4339,429.9634,5.8631,0.0070,200.0000,0.6200,1
2025-07-04 00:45:00,21.2373,6.9289,9.7576,25.2319,27.5992,39.9259,50.1110,72.7854,353.6865,752.8374,27.3515,472.7721,6.4954,0.0078,200.0000,0.6975,1
2025-07-04 00:50:00,21.2387,6.9900,9.7303,25.1674,27.6730,40.1647,50.0166,74.3198,352.2170,753.3477,27.1651,460.7302,6.1993,0.0087,200.0000,0.7750,1
2025-07-04 00:55:00,21.0852,7.0523,9.5649,25.2131,27.5150,40.2209,50.1505,71.9990,350.4335,748.0670,27.1851,423.0287,5.8755,0.0096,200.0000,0.8525,1
2025-07-04 01:00:00,21.0466,6.9985,9.4655,25.0745,27.4797,39.9168,49.9698,69.7217,352.3373,746.3798,27.0010,412.2136,5.9123,0.0104,200.0000,0.9300,1
2025-07-04 01:05:00,21.0795,6.9510,9.6392,25.0868,27.4267,39.9864,50.0191,71.8524,346.8898,750.7798,27.0451,449.9547,6.2622,0.0113,200.0000,1.0075,1
2025-07-04 01:10:00,21.1557,6.9326,9.7760,25.1995,27.6507,40.1254,50.0562,74.5245,349.1984,752.3134,27.4301,477.5926,6.4085,0.0122,200.0000,1.0850,1
2025-07-04 01:15:00,21.1970,6.9885,9.7447,25.1755,27.7123,39.9906,50.0431,73.7854,351.5850,749.8346,27.1662,461.3922,6.2532,0.0130,200.0000,1.1625,1
2025-07-04 01:20:00,21.1179,6.9621,9.5628,24.9685,27.5424,40.0714,50.2420,70.0452,351.6033,747.6754,27.0670,436.2267,6.2278,0.0139,200.0000,1.2400,1
2025-07-04 01:25:00,20.9591,7.0103,9.6634,25.0043,27.3897,40.0936,50.0554,70.0725,350.4476,747.8330,26.8652,445.2896,6.3547,0.0148,200.0000,1.3175,1
2025-07-04 01:30:00,21.0439,6.9299,9.4158,24.9158,27.2859,39.9325,49.9544,68.4391,351.8551,746.2992,26.8895,415.5357,6.0716,0.0156,200.0000,1.3950,1
2025-07-04 01:35:00,21.0199,7.0407,9.4549,25.0961,27.2574,40.0503,50.0792,65.7326,353.0574,741.8463,26.7350,404.7572,6.1576,0.0165,200.0000,1.4725,1
2025-07-04 01:40:00,21.0768,7.0058,9.4153,25.2426,27.4369,39.9993,50.1513,67.4642,352.6731,742.7462,26.6219,403.4410,5.9801,0.0174,200.0000,1.5500,1
2025-07-04 01:45:00,21.1436,7.0095,9.4802,25.1888,27.3797,39.8540,50.1161,65.1278,354.5267,745.5496,26.5288,412.1930,6.3290,0.0182,200.0000,1.6275,1
2025-07-04 01:50:00,21.2420,7.0721,9.4355,25.2160,27.5078,39.8812,50.1078,63.0777,353.8775,740.2370,26.7024,394.5544,6.2551,0.0191,200.0000,1.7050,1
2025-07-04 01:55:00,21.2735,6.9781,9.4815,25.1745,27.4781,39.9217,49.7753,66.8626,353.7340,746.1911,26.7872,418.3473,6.2568,0.0200,200.0000,1.7825,1
2025-07-04 02:00:00,21.2009,6.9637,9.3115,25.1849,27.4312,40.1114,49.6261,64.3762,356.5961,743.7034,26.7946,394.2136,6.1236,0.0209,200.0000,1.8599,1
2025-07-04 02:05:00,21.3279,6.9726,9.3809,25.3836,27.3895,40.1154,50.1913,63.6703,355.1694,746.6045,26.7440,404.4054,6.3516,0.0217,200.0000,1.9374,1
2025-07-04 02:10:00,21.2827,6.9904,9.4142,25.2387,27.4759,40.0900,50.0658,63.6093,356.5697,748.2942,26.8743,406.7621,6.3947,0.0226,200.0000,2.0149,1
2025-07-04 02:15:00,21.1313,6.9955,9.2026,25.0793,27.3286,40.0528,49.9968,62.2870,352.6025,738.6038,26.7607,370.0549,5.9411,0.0235,200.0000,2.0924,1
2025-07-04 02:20:00,21.1839,6.9585,9.2313,25.3062,27.4053,40.0495,50.1041,65.2818,350.3556,743.7818,27.1286,381.0345,5.8368,0.0243,200.0000,2.1699,1
2025-07-04 02:25:00,21.2009,6.8988,9.4526,25.2198,27.3508,40.0333,50.2891,63.5651,352.7077,742.1507,27.0601,427.9510,6.7325,0.0252,200.0000,2.2474,1
2025-07-04 02:30:00,21.2537,6.9720,9.4171,25.2769,27.4653,40.0489,50.2120,66.1100,352.3247,744.7198,27.0217,409.9118,6.2005,0.0261,200.0000,2.3249,1
2025-07-04 02:35:00,21.1984,7.0180,9.2950,25.2342,27.4497,40.0570,50.1443,62.9028,356.2536,744.1364,27.0037,381.8013,6.0697,0.0269,200.0000,2.4024,1
2025-07-04 02:40:00,21.2294,7.0068,9.3758,25.2147,27.3787,39.8315,49.8670,67.1337,350.8490,742.5967,27.0552,394.9928,5.8837,0.0278,200.0000,2.4799,1
2025-07-04 02:45:00,21.1801,7.0600,9.3314,25.1300,27.3320,39.9052,49.8865,63.3994,353.5625,740.7079,27.1058,379.4204,5.9846,0.0287,200.0000,2.5574,1
2025-07-04 02:50:00,21.1467,7.0978,9.3112,25.0087,27.2930,39.8765,49.6420,62.4768,354.5125,742.0590,26.9655,369.4707,5.9137,0.0295,200.0000,2.6349,1
2025-07-04 02:55:00,21.0361,7.0380,9.2293,25.0831,27.2770,40.1329,50.0950,60.6379,353.9731,742.2970,26.9855,368.1322,6.0710,0.0304,200.0000,2.7124,1
2025-07-04 03:00:00,21.1924,7.0691,9.4181,25.1369,27.2327,40.1985,50.1663,61.4657,353.2883,741.0124,27.1616,395.2586,6.4306,0.0313,200.0000,2.7899,1
2025-07-04 03:05:00,21.1067,7.0383,9.3783,25.0732,27.2307,39.7397,50.1785,63.2667,354.3127,740.3220,27.1536,389.2503,6.1525,0.0321,200.0000,2.8674,1
2025-07-04 03:10:00,20.9465,7.0855,9.3344,24.9568,27.1372,40.1878,50.1013,61.5548,355.5600,736.2061,26.9638,378.3321,6.1463,0.0330,200.0000,2.9449,1
2025-07-04 03:15:00,20.9367,7.0925,9.3770,24.9219,27.2174,40.0104,49.9769,62.8360,356.1343,743.1053,26.9706,382.6079,6.0890,0.0339,200.0000,3.0224,1
2025-07-04 03:20:00,21.0460,7.0476,9.4285,24.9831,27.3114,40.1215,49.9154,64.9343,352.9717,743.0160,27.1118,399.8723,6.1581,0.0348,200.0000,3.0999,1
2025-07-04 03:25:00,20.8377,7.0353,9.2796,25.0132,27.0944,40.0608,49.8762,62.5020,351.8967,737.4547,26.9743,376.3554,6.0215,0.0356,200.0000,3.1774,1
2025-07-04 03:30:00,20.9656,6.9897,9.3860,25.0244,27.1734,40.1728,49.9755,63.8051,356.3146,738.7517,26.8172,402.9703,6.3156,0.0365,200.0000,3.2549,1
2025-07-04 03:35:00,20.8665,6.9979,9.3314,24.9141,27.1113,40.0252,49.8533,63.7987,350.8560,739.9461,26.7829,390.9577,6.1280,0.0374,200.0000,3.3324,1
2025-07-04 03:40:00,21.0015,6.9831,9.4448,24.9970,27.3011,39.8364,50.2634,66.9000,356.1714,744.0321,26.8196,410.4964,6.1360,0.0382,200.0000,3.4099,1
2025-07-04 03:45:00,20.9546,7.0311,9.4301,24.9317,27.3435,39.9873,49.8046,66.3579,354.9426,745.6469,26.9106,401.5701,6.0516,0.0391,200.0000,3.4874,1
2025-07-04 03:50:00,21.0284,6.9640,9.3508,25.0738,27.3110,40.0619,49.9704,65.5217,355.9163,745.7835,26.8156,400.2730,6.1090,0.0400,200.0000,3.5649,1
2025-07-04 03:55:00,21.0577,6.9904,9.5674,25.1835,27.4127,39.9741,49.7096,67.6802,353.6541,746.9269,27.1828,431.1987,6.3711,0.0408,200.0000,3.6424,1
2025-07-04 04:00:00,21.1438,6.8822,9.4653,25.0754,27.4772,40.0789,50.0445,67.5377,348.2479,750.5187,27.1378,433.3652,6.4166,0.0417,200.0000,3.7199,1
2025-07-04 04:05:00,21.3560,7.0862,9.5332,25.2847,27.5654,39.9921,49.9996,70.3256,349.8904,753.6687,27.2127,409.6469,5.8250,0.0426,200.0000,3.7974,1
2025-07-04 04:10:00,21.3334,6.9890,9.3996,25.2911,27.6013,39.9285,49.9465,67.9992,352.7714,750.8099,27.1742,402.9085,5.9252,0.0434,200.0000,3.8749,1
2025-07-04 04:15:00,21.3032,7.0228,9.5254,25.3118,27.6803,39.8697,49.8601,69.5902,350.3470,750.0021,27.1747,417.6681,6.0018,0.0443,200.0000,3.9524,1
2025-07-04 04:20:00,21.3281,7.0729,9.5446,25.4115,27.6114,39.9530,50.0004,67.6469,351.3484,753.4342,27.2229,413.3795,6.1108,0.0452,200.0000,4.0299,1
2025-07-04 04:25:00,21.3970,7.0150,9.5793,25.4565,27.7731,40.0245,49.9183,68.9130,352.8039,758.6470,27.4996,429.6308,6.2344,0.0460,200.0000,4.1074,1
2025-07-04 04:30:00,21.4172,7.0722,9.4918,25.3490,27.7214,39.7649,49.9795,71.7303,350.9893,755.2031,27.4296,402.7559,5.6149,0.0469,200.0000,4.1849,1
2025-07-04 04:35:00,21.2885,6.9379,9.6980,25.3636,27.8152,39.9064,50.2936,74.5231,348.1581,759.2975,27.4755,461.0629,6.1868,0.0478,200.0000,4.2624,1
2025-07-04 04:40:00,21.3522,7.1199,9.6944,25.3603,27.8542,39.7604,50.0258,73.2660,352.4637,759.7369,27.5753,428.4924,5.8485,0.0487,200.0000,4.3399,1
2025-07-04 04:45:00,21.2024,7.0544,9.7986,25.2619,27.8079,39.9260,50.0799,75.1722,351.2367,761.9498,27.6215,458.6537,6.1014,0.0495,200.0000,4.4174,1
2025-07-04 04:50:00,21.2579,7.0105,9.6562,25.2153,27.7121,40.1437,49.9303,75.8312,350.0869,755.7631,27.3506,444.5944,5.8630,0.0504,200.0000,4.4949,1
2025-07-04 04:55:00,21.2719,7.0713,9.5973,25.2022,27.6972,39.8577,49.8823,75.7454,351.8372,754.8298,27.5148,421.4637,5.5642,0.0513,200.0000,4.5724,1
2025-07-04 05:00:00,21.2482,6.9416,9.6607,25.2551,27.7307,40.0844,49.9966,73.8920,350.5954,759.5228,27.5292,456.2570,6.1746,0.0521,200.0000,4.6499,1
2025-07-04 05:05:00,21.1883,6.9856,9.6459,25.2505,27.8419,40.3419,50.3756,74.5660,353.1494,757.7731,27.5170,449.2580,6.0250,0.0530,200.0000,4.7274,1
2025-07-04 05:10:00,21.4025,7.0722,9.7454,25.3488,27.8615,40.1744,49.9569,75.9188,350.7242,757.6778,27.6537,449.5549,5.9215,0.0539,200.0000,4.8049,1
2025-07-04 05:15:00,21.3232,6.9066,9.6174,25.3456,28.0531,40.0160,50.0542,76.3296,352.6984,766.5532,27.8635,454.0780,5.9489,0.0547,200.0000,4.8824,1
2025-07-04 05:20:00,21.4373,7.0280,9.7445,25.4283,28.0499,40.1030,49.8757,76.9265,346.1901,767.5777,27.8595,456.0170,5.9280,0.0556,200.0000,4.9599,1
2025-07-04 05:25:00,21.4579,7.0266,9.8785,25.4423,27.9909,39.8356,49.5867,78.5841,350.5210,769.9619,27.9297,475.5668,6.0517,0.0565,200.0000,5.0374,1
2025-07-04 05:30:00,21.4169,7.0985,9.8594,25.4251,28.0271,39.8112,49.8815,81.6501,348.3775,769.2945,28.0659,460.1089,5.6351,0.0573,200.0000,5.1149,1
2025-07-04 05:35:00,21.4857,6.9209,9.9896,25.5590,28.3235,40.0034,50.3571,84.9494,346.7454,774.3568,28.2346,513.8685,6.0491,0.0582,200.0000,5.1924,1
2025-07-04 05:40:00,21.5315,7.0805,9.8930,25.5211,28.3296,40.0478,50.0893,84.2450,350.5296,776.1008,28.5131,471.4887,5.5966,0.0591,200.0000,5.2699,1
2025-07-04 05:45:00,21.6562,6.9720,9.9018,25.6210,28.3758,40.1313,50.2461,85.9765,349.9344,777.2744,28.4274,492.1705,5.7245,0.0599,200.0000,5.3474,1
2025-07-04 05:50:00,21.6890,6.9776,10.0540,25.7872,28.5475,39.9317,49.9478,85.7329,344.1416,780.1265,28.5069,514.2193,5.9979,0.0608,200.0000,5.4248,1
2025-07-04 05:55:00,21.6668,6.9389,10.0466,25.7141,28.5543,40.0232,49.6465,86.8067,349.0944,780.4509,28.6595,520.6534,5.9978,0.0617,200.0000,5.5023,1
2025-07-04 06:00:00,21.6823,6.9456,10.0351,25.7005,28.5729,40.0191,49.8337,87.0524,348.9477,778.5540,28.6525,517.5465,5.9452,0.0626,200.0000,5.5798,1
2025-07-04 06:05:00,21.6572,7.0202,9.9434,25.6314,28.4978,39.9842,50.0596,84.8539,346.5664,777.6852,28.4459,489.2668,5.7660,0.0634,200.0000,5.6573,1
2025-07-04 06:10:00,21.7927,6.9444,10.0602,25.8583,28.6828,39.9913,50.0356,89.7581,345.8803,786.6886,28.6546,521.5987,5.8112,0.0643,200.0000,5.7348,1
2025-07-04 06:15:00,21.6861,7.0370,10.0847,25.8153,28.8270,39.8974,49.9984,92.9953,343.6532,783.7455,28.8259,508.9976,5.4734,0.0652,200.0000,5.8123,1
2025-07-04 06:20:00,21.9461,6.9669,10.2525,25.9523,28.8128,40.0336,49.9205,93.3375,345.7375,788.9200,29.0860,550.6178,5.8992,0.0660,200.0000,5.8898,1
2025-07-04 06:25:00,21.8198,6.9393,10.3245,25.9581,28.9145,40.0234,50.1410,93.1519,346.0996,793.8345,29.1865,567.1394,6.0883,0.0669,200.0000,5.9673,1
2025-07-04 06:30:00,22.0052,6.9736,10.1365,25.9839,28.9413,39.9472,49.9248,92.4714,348.6733,790.8499,29.1790,528.8944,5.7195,0.0678,200.0000,6.0448,1
2025-07-04 06:35:00,22.0637,7.0168,10.0539,26.1909,29.1098,40.0799,50.0462,91.9575,347.8377,793.3482,29.4086,509.5483,5.5411,0.0686,200.0000,6.1223,1
2025-07-04 06:40:00,22.1903,6.9861,9.9119,26.2257,29.1310,40.1233,50.0293,88.3136,345.5680,794.8152,29.3612,491.4011,5.5643,0.0695,200.0000,6.1998,1
2025-07-04 06:45:00,22.2202,7.0017,10.0315,26.1693,29.1895,40.0813,49.9447,92.0138,347.5285,796.8035,29.5504,508.3466,5.5247,0.0704,200.0000,6.2773,1
2025-07-04 06:50:00,22.1774,7.0348,10.1675,26.1922,28.9879,39.8749,49.8678,90.9523,346.7575,792.1086,29.4502,522.8908,5.7491,0.0712,200.0000,6.3548,1
2025-07-04 06:55:00,22.1116,7.0541,10.0555,26.1204,29.0371,40.0120,49.9359,90.9469,345.2538,797.2433,29.5727,502.6998,5.5274,0.0721,200.0000,6.4323,1
2025-07-04 07:00:00,22.2659,6.9845,10.0463,26.3071,29.0797,39.8906,50.2810,90.9615,344.2920,796.8222,29.7440,511.2655,5.6207,0.0730,200.0000,6.5098,1
2025-07-04 07:05:00,22.2444,6.9478,10.1103,26.3085,29.0924,40.0116,50.1669,90.3247,348.6156,795.8805,29.7641,529.6887,5.8643,0.0738,200.0000,6.5873,1
2025-07-04 07:10:00,22.2772,7.0038,10.1603,26.3167,29.3449,39.8911,50.1531,91.2505,348.1876,799.1673,29.8917,527.0841,5.7762,0.0747,200.0000,6.6648,1
2025-07-04 07:15:00,22.5134,7.0235,10.1398,26.4475,29.3763,40.1533,49.8820,94.1429,347.8841,803.6285,29.9566,523.7820,5.5637,0.0756,200.0000,6.7423,1
2025-07-04 07:20:00,22.3413,6.9270,10.1921,26.4523,29.4384,40.0940,49.7843,94.9774,344.7988,804.4720,29.9298,547.9945,5.7697,0.0765,200.0000,6.8198,1
2025-07-04 07:25:00,22.5090,6.9555,10.2494,26.6187,29.5914,40.1384,50.1645,95.9011,346.3218,804.8927,30.1263,553.4393,5.7709,0.0773,200.0000,6.8973,1
2025-07-04 07:30:00,22.5997,6.9640,10.2242,26.5431,29.5730,40.1262,50.1357,99.5854,343.1482,812.2767,30.1818,547.6084,5.4989,0.0782,200.0000,6.9748,1
2025-07-04 07:35:00,22.6906,6.9896,10.2232,26.7485,29.7535,39.9675,50.0206,98.1627,343.9565,814.3939,30.3486,540.9899,5.5112,0.0791,200.0000,7.0523,1
2025-07-04 07:40:00,22.5439,6.9619,10.3324,26.5695,29.6444,39.9489,49.9444,102.8275,345.5040,808.1110,30.4143,563.6351,5.4814,0.0799,200.0000,7.1298,1
2025-07-04 07:45:00,22.4979,7.0354,10.4093,26.3945,29.6564,40.2090,49.7804,105.4804,345.2374,814.3746,30.4237,567.8808,5.3838,0.0808,200.0000,7.2073,1
2025-07-04 07:50:00,22.5135,6.9197,10.5075,26.5856,29.7803,39.9802,50.1301,103.5730,341.4473,820.1972,30.5709,600.4418,5.7973,0.0817,200.0000,7.2848,1
2025-07-04 07:55:00,22.5735,6.9210,10.4391,26.5769,29.7786,39.8375,50.1779,106.9754,342.4567,814.7533,30.6043,586.6798,5.4842,0.0825,200.0000,7.3623,1
2025-07-04 08:00:00,22.6846,6.9833,10.4554,26.6599,29.9414,40.1209,49.8981,105.3964,343.9999,819.4788,30.6201,583.1210,5.5326,0.0834,200.0000,7.4398,1
2025-07-04 08:05:00,22.8200,6.9912,10.2887,26.8694,30.0306,40.0173,49.8856,102.3085,347.1040,820.6653,30.7220,552.3632,5.3990,0.0843,200.0000,7.5173,1
2025-07-04 08:10:00,22.8765,6.9273,10.4041,26.9029,30.0446,40.1807,50.1862,101.7092,343.2685,825.7745,30.7547,584.7894,5.7496,0.0851,200.0000,7.5948,1
2025-07-04 08:15:00,22.9221,6.9697,10.3523,26.8802,30.0980,40.0292,49.9037,105.4373,345.0889,825.4851,30.7732,566.7984,5.3757,0.0860,200.0000,7.6723,1
2025-07-04 08:20:00,22.9701,6.9799,10.4872,26.9602,30.2347,39.9976,50.2669,108.2232,344.6506,827.3688,31.0381,587.2233,5.4260,0.0869,200.0000,7.7498,1
2025-07-04 08:25:00,23.0766,6.9803,10.4578,27.0301,30.3203,40.1831,49.9836,107.1708,344.0217,829.4595,30.8217,584.9318,5.4579,0.0877,200.0000,7.8273,1
2025-07-04 08:30:00,23.1922,7.0076,10.4253,27.1895,30.4304,39.8154,49.9420,107.0937,345.0621,837.1152,30.9872,569.6133,5.3188,0.0886,200.0000,7.9048,1
2025-07-04 08:35:00,23.3142,6.9669,10.5212,27.3697,30.5673,39.9298,50.0068,106.0198,342.0159,834.6192,31.0533,594.0883,5.6036,0.0895,200.0000,7.9823,1
2025-07-04 08:40:00,23.3480,7.0739,10.5142,27.4164,30.5951,39.8935,49.9420,108.3500,343.0503,837.5539,31.0312,574.5113,5.3024,0.0904,200.0000,8.0598,1
2025-07-04 08:45:00,23.3709,7.0244,10.5128,27.3994,30.6592,39.7366,50.1689,110.0202,347.1391,839.7113,31.4005,580.2532,5.2741,0.0912,200.0000,8.1373,1
2025-07-04 08:50:00,23.4304,6.9596,10.4763,27.3951,30.8301,40.1048,50.1329,108.6757,347.4103,838.8774,31.1773,590.3654,5.4324,0.0921,200.0000,8.2148,1
2025-07-04 08:55:00,23.4300,7.0047,10.5146,27.3804,30.6643,39.9331,50.1632,108.0184,346.1818,841.8852,31.2277,586.7120,5.4316,0.0930,200.0000,8.2923,1
2025-07-04 09:00:00,23.3886,7.0062,10.3844,27.3852,30.6074,40.1086,50.0277,107.8859,346.4522,837.8473,31.3254,567.1858,5.2573,0.0938,200.0000,8.3698,1
2025-07-04 09:05:00,23.3210,7.0607,10.5371,27.4567,30.7468,40.0467,49.9315,110.0720,340.4990,837.1337,31.1132,582.7553,5.2943,0.0947,200.0000,8.4473,1
2025-07-04 09:10:00,23.5161,6.9700,10.4264,27.6636,30.8865,40.0729,49.9986,109.9487,342.1928,844.0642,31.4716,579.7948,5.2733,0.0956,200.0000,8.5248,1
2025-07-04 09:15:00,23.7105,7.0384,10.4993,27.7780,31.0675,39.9454,49.9361,114.3511,343.0458,850.6901,31.4150,578.7051,5.0608,0.0964,200.0000,8.6023,1
2025-07-04 09:20:00,23.6849,7.0021,10.5204,27.7322,31.0254,39.9083,50.2200,111.4879,348.7875,847.4166,31.3424,587.7498,5.2719,0.0973,200.0000,8.6798,1
2025-07-04 09:25:00,23.7555,7.0746,10.6146,27.7785,31.1946,40.0108,50.1503,114.3626,342.8336,852.3797,31.2404,592.9045,5.1844,0.0982,200.0000,8.7573,1
2025-07-04 09:30:00,23.7843,7.0645,10.5864,27.6725,31.1962,40.1103,49.9863,120.4501,344.2045,856.6070,31.3439,591.3325,4.9094,0.0990,200.0000,8.8348,1
2025-07-04 09:35:00,23.7244,7.0098,10.6506,27.8095,31.3711,39.9940,49.8610,119.4503,343.2092,855.4445,31.4459,609.5199,5.1027,0.0999,200.0000,8.9123,1
2025-07-04 09:40:00,23.7571,6.9869,10.7339,27.7739,31.3416,39.9158,50.2311,121.6131,342.7344,859.8473,31.4951,626.0747,5.1481,0.1008,200.0000,8.9897,1
2025-07-04 09:45:00,23.9755,7.0253,10.7507,27.8887,31.4757,39.8561,50.0205,124.1791,341.7224,864.5576,31.5570,621.5293,5.0051,0.1017,200.0000,9.0672,1
2025-07-04 09:50:00,24.0162,6.9910,10.8117,28.1502,31.6784,40.0245,49.9805,122.6446,339.2960,868.3683,32.0021,640.1363,5.2194,0.1025,200.0000,9.1447,1
2025-07-04 09:55:00,24.0492,7.0840,10.9959,28.0853,31.7446,39.9335,50.2324,128.2579,335.8454,869.9206,31.9101,653.9135,5.0984,0.1034,200.0000,9.2222,1
2025-07-04 10:00:00,24.1472,7.0039,10.8673,28.1507,31.9984,39.9914,49.9235,129.4731,343.6302,875.3780,32.0668,646.7466,4.9952,0.1043,200.0000,9.2997,1
2025-07-04 10:05:00,24.2248,6.9797,10.8409,28.2707,31.9603,39.9713,49.9522,130.5679,339.5787,877.2530,32.0619,646.0576,4.9481,0.1051,200.0000,9.3772,1
2025-07-04 10:10:00,24.3665,6.9770,10.8596,28.4002,32.2129,39.9467,49.9654,129.4192,336.6976,885.6775,32.2728,649.2334,5.0165,0.1060,200.0000,9.4547,1
2025-07-04 10:15:00,24.5879,6.9393,10.8863,28.4957,32.3936,40.0353,49.8025,132.1483,341.4855,887.4605,32.3243,661.4570,5.0054,0.1069,200.0000,9.5322,1
2025-07-04 10:20:00,24.5880,7.0278,10.8100,28.7320,32.2620,40.0665,50.0474,129.5968,341.8172,886.0485,32.4978,634.3441,4.8947,0.1077,200.0000,9.6097,1
2025-07-04 10:25:00,24.7799,6.9590,10.9999,28.7786,32.4762,40.2358,49.8856,137.5197,341.5446,895.1645,32.6311,680.5987,4.9491,0.1086,200.0000,9.6872,1
2025-07-04 10:30:00,24.7397,7.0549,11.0482,28.7770,32.6030,40.0910,49.9144,139.7335,341.8424,896.3416,32.7556,670.1550,4.7960,0.1095,200.0000,9.7647,1
2025-07-04 10:35:00,24.7605,6.9354,11.0435,28.7931,32.7790,40.1912,49.8943,141.1116,337.4400,901.2011,32.9197,691.1591,4.8980,0.1103,200.0000,9.8422,1
2025-07-04 10:40:00,24.8416,7.0064,11.1678,28.8473,32.7112,39.9018,49.9119,139.8495,337.5125,902.6850,32.8932,695.0852,4.9702,0.1112,200.0000,9.9197,1
2025-07-04 10:45:00,24.7530,7.0575,11.0805,28.9613,32.8925,39.8079,49.8742,144.7958,338.2311,909.1113,33.1473,670.3683,4.6297,0.1121,200.0000,9.9972,1
2025-07-04 10:50:00,24.8642,6.8924,11.1116,28.8855,32.8751,39.9983,50.0371,143.0021,340.5093,903.4274,32.9553,706.4298,4.9400,0.1129,200.0000,10.0747,1
2025-07-04 10:55:00,24.9623,7.1009,11.2065,28.8166,33.1100,40.1030,49.9767,148.0829,334.1997,908.8587,33.2672,689.2089,4.6542,0.1138,200.0000,10.1522,1
2025-07-04 11:00:00,25.1361,6.9787,11.2668,29.2159,33.2369,40.0841,50.0072,149.2817,338.2767,913.1409,33.5420,719.4955,4.8197,0.1147,200.0000,10.2297,1
2025-07-04 11:05:00,25.0884,7.0071,11.3254,29.1919,33.3327,40.1454,50.3531,151.7422,339.5666,916.3953,33.6680,725.6916,4.7824,0.1156,200.0000,10.3072,1
2025-07-04 11:10:00,25.2984,7.0286,11.3312,29.2575,33.4906,39.6956,49.9767,153.2759,339.0944,921.1691,34.0084,714.9575,4.6645,0.1164,200.0000,10.3847,1
2025-07-04 11:15:00,25.4758,7.0363,11.3701,29.4891,33.6566,40.1504,50.0907,156.4655,338.6672,928.9554,34.2240,728.3849,4.6552,0.1173,200.0000,10.4622,1
2025-07-04 11:20:00,25.5162,7.0137,11.2962,29.4769,33.6381,40.0403,50.1078,156.3218,339.2806,930.1823,34.4618,717.7805,4.5917,0.1182,200.0000,10.5397,1
2025-07-04 11:25:00,25.5246,7.0499,11.4286,29.5646,33.7338,39.8147,49.9906,160.0150,331.2308,933.5969,34.4186,729.7845,4.5607,0.1190,200.0000,10.6172,1
2025-07-04 11:30:00,25.7022,7.0260,11.3936,29.6303,33.8547,40.0868,50.0411,157.7727,340.2290,934.3385,34.4472,732.9057,4.6453,0.1199,200.0000,10.6947,1
2025-07-04 11:35:00,25.5666,7.0880,11.4532,29.5787,33.8995,40.0203,50.0031,158.8707,337.4281,934.9656,34.3875,731.2653,4.6029,0.1208,200.0000,10.7722,1
2025-07-04 11:40:00,25.7685,7.0261,11.3823,29.7469,34.0957,40.0457,50.0304,164.1618,338.7271,940.4620,34.7470,730.2265,4.4482,0.1216,200.0000,10.8497,1
2025-07-04 11:45:00,25.8540,7.0982,11.3903,29.9641,34.1130,40.1199,49.9120,164.4005,333.9496,944.2567,34.7278,720.8261,4.3846,0.1225,200.0000,10.9272,1
2025-07-04 11:50:00,25.8598,7.0451,11.5387,29.9100,34.3234,40.0516,49.9259,167.2039,332.2942,946.8810,34.8723,753.3829,4.5058,0.1234,200.0000,11.0047,1
2025-07-04 11:55:00,25.9452,6.9097,11.4677,29.9650,34.5024,39.8233,50.0025,171.6428,338.5500,958.3482,35.0738,759.8135,4.4267,0.1242,200.0000,11.0822,1
2025-07-04 12:00:00,26.0105,7.1306,11.6475,30.0712,34.5610,39.9828,49.7042,170.8264,332.9422,960.6238,35.0383,756.0009,4.4256,0.1251,200.0000,11.1597,1
2025-07-04 12:05:00,26.0454,6.9713,11.7265,30.0638,34.7458,39.8059,50.2244,176.4179,333.7686,957.4671,35.1514,792.3449,4.4913,0.1260,200.0000,11.2372,1
2025-07-04 12:10:00,26.1046,7.0748,11.6667,30.0653,34.6959,40.0779,50.3241,175.2821,335.2686,962.9521,35.3175,770.3733,4.3950,0.1268,200.0000,11.3147,1
2025-07-04 12:15:00,26.0374,7.0013,11.7008,30.1092,34.7122,40.1678,50.0256,178.3412,335.5449,965.3377,35.5180,790.1850,4.4307,0.1277,200.0000,11.3922,1
2025-07-04 12:20:00,25.9788,7.0531,11.6263,30.0819,34.5791,39.8510,50.0998,175.8579,336.4947,962.2482,35.3582,762.8970,4.3381,0.1286,200.0000,11.4697,1
2025-07-04 12:25:00,26.0442,6.9656,11.7027,29.8969,34.6427,39.9194,50.1622,176.4257,334.3946,959.8923,35.1844,791.5838,4.4868,0.1295,200.0000,11.5472,1
2025-07-04 12:30:00,26.0399,7.0313,11.7340,29.9678,34.6157,39.8941,49.8013,179.8403,331.6001,965.0516,35.5754,785.3440,4.3669,0.1303,200.0000,11.6247,1
2025-07-04 12:35:00,25.9598,6.9873,11.8047,30.0238,34.8042,39.9455,50.1392,185.8108,334.4814,967.9581,35.5804,805.5202,4.3352,0.1312,200.0000,11.7022,1
2025-07-04 12:40:00,26.0347,7.0790,11.8482,30.0460,34.9023,40.0495,49.9360,185.8641,334.1442,971.9767,35.7044,799.5517,4.3018,0.1321,200.0000,11.7797,1
2025-07-04 12:45:00,26.1752,7.0219,11.8903,30.1821,34.8668,39.9468,50.3436,188.4296,328.9192,971.8213,35.8660,814.0790,4.3203,0.1329,200.0000,11.8572,1
2025-07-04 12:50:00,26.2479,7.0468,11.8810,30.3189,35.0679,40.0783,49.9718,190.1522,335.4565,973.0507,36.0369,811.0156,4.2651,0.1338,200.0000,11.9347,1
2025-07-04 12:55:00,26.2925,6.8918,11.9560,30.3607,35.1303,40.1278,50.1362,187.2933,327.9071,976.8942,35.9322,850.6541,4.5418,0.1347,200.0000,12.0122,1
2025-07-04 13:00:00,26.4182,6.9957,11.9009,30.4092,35.2583,40.1322,49.9732,189.2766,334.4849,978.9884,36.1264,824.0344,4.3536,0.1355,200.0000,12.0897,1
2025-07-04 13:05:00,26.3181,7.0205,12.0397,30.3472,35.2009,39.8658,50.3295,195.5161,330.3362,987.5055,36.2304,837.5939,4.2840,0.1364,200.0000,12.1672,1
2025-07-04 13:10:00,26.3332,7.0112,11.9370,30.3005,35.1797,40.1663,49.9231,192.6365,333.4666,977.9970,36.1246,828.2062,4.2993,0.1373,200.0000,12.2447,1
2025-07-04 13:15:00,26.3967,7.0481,11.9777,30.3985,35.2697,40.1759,50.1748,196.1736,332.7467,985.1159,36.0899,829.0503,4.2261,0.1381,200.0000,12.3222,1
2025-07-04 13:20:00,26.3511,6.9817,11.9353,30.3940,35.3403,40.1863,50.0940,196.4943,331.5460,984.5960,36.2077,833.2945,4.2408,0.1390,200.0000,12.3997,1
2025-07-04 13:25:00,26.3062,7.0024,11.9857,30.3668,35.3409,39.9811,50.0606,194.6442,332.1748,986.1583,36.3439,833.9960,4.2847,0.1399,200.0000,12.4772,1
2025-07-04 13:30:00,26.5340,7.0591,12.0637,30.5615,35.4592,39.9098,50.0344,201.0044,330.6245,995.9190,36.6315,836.0867,4.1595,0.1407,200.0000,12.5546,1
2025-07-04 13:35:00,26.5961,6.8861,12.1531,30.5883,35.6660,39.8819,49.8999,203.2701,332.0676,998.9948,36.7556,879.3086,4.3258,0.1416,200.0000,12.6321,1
2025-07-04 13:40:00,26.4610,7.0295,12.1765,30.5528,35.6154,39.8678,49.6121,200.7053,335.1788,996.2983,36.5909,858.9694,4.2798,0.1425,200.0000,12.7096,1
2025-07-04 13:45:00,26.5161,6.9833,12.0080,30.5390,35.5175,40.0014,50.1612,196.4385,328.3272,994.3856,36.5313,841.3615,4.2831,0.1434,200.0000,12.7871,1
2025-07-04 13:50:00,26.5577,6.9544,12.0063,30.6505,35.5843,40.1017,49.9267,196.7467,325.1387,993.3388,36.5253,848.0435,4.3103,0.1442,200.0000,12.8646,1
2025-07-04 13:55:00,26.6423,7.0168,11.9851,30.6516,35.6276,40.1568,50.1754,198.8142,330.5273,1000.2007,36.8386,835.1417,4.2006,0.1451,200.0000,12.9421,1
2025-07-04 14:00:00,26.6503,7.0614,12.0316,30.6234,35.5961,39.9417,50.0528,197.9113,330.4592,998.7725,36.6606,830.9974,4.1988,0.1460,200.0000,13.0196,1
2025-07-04 14:05:00,26.7020,7.0520,12.1496,30.6412,35.7217,39.9954,50.1800,200.3329,330.2669,998.3522,36.7795,853.4431,4.2601,0.1468,200.0000,13.0971,1
2025-07-04 14:10:00,26.5859,6.9932,12.1014,30.6578,35.7629,39.9875,50.1203,202.9633,328.9469,1000.3037,36.6658,855.0432,4.2128,0.1477,200.0000,13.1746,1
2025-07-04 14:15:00,26.6706,7.0438,12.1070,30.6389,35.7083,39.9238,49.6303,202.1117,332.6587,997.4702,36.5469,846.1693,4.1866,0.1486,200.0000,13.2521,1
2025-07-04 14:20:00,26.5950,7.0434,12.0919,30.6548,35.6198,40.0883,50.0922,196.4474,328.8682,994.8488,36.3640,847.1939,4.3126,0.1494,200.0000,13.3296,1
2025-07-04 14:25:00,26.6302,6.9956,12.0509,30.4985,35.5375,40.0435,49.9484,198.4383,332.4621,990.9957,36.3238,847.3780,4.2702,0.1503,200.0000,13.4071,1
2025-07-04 14:30:00,26.5657,6.9653,11.9938,30.5644,35.6129,40.0170,50.1748,197.4618,332.8073,992.1876,36.4209,842.3254,4.2658,0.1512,200.0000,13.4846,1
2025-07-04 14:35:00,26.5480,6.9682,11.9441,30.5626,35.3985,40.0430,50.0887,191.2257,332.9250,984.0279,35.9270,834.0524,4.3616,0.1520,200.0000,13.5621,1
2025-07-04 14:40:00,26.6843,7.0419,11.9230,30.5436,35.4140,40.0739,50.0904,192.6984,333.0417,990.0024,35.9907,818.7965,4.2491,0.1529,200.0000,13.6396,1
2025-07-04 14:45:00,26.5972,6.9979,11.9390,30.6328,35.4843,40.0727,49.9592,191.2939,334.3358,991.5117,35.8886,828.8334,4.3328,0.1538,200.0000,13.7171,1
2025-07-04 14:50:00,26.7306,6.9477,12.0006,30.6533,35.5859,39.8994,49.8631,195.9785,332.0912,993.3778,36.2053,843.9272,4.3062,0.1546,200.0000,13.7946,1
2025-07-04 14:55:00,26.6514,6.9158,11.9079,30.6133,35.5863,40.1076,49.9351,194.0256,331.2796,993.0981,36.0351,838.1301,4.3197,0.1555,200.0000,13.8721,1
2025-07-04 15:00:00,26.7059,7.0416,11.9609,30.6878,35.5095,40.0306,49.7300,194.3809,333.1370,993.8196,36.0955,824.3272,4.2408,0.1564,200.0000,13.9496,1
2025-07-04 15:05:00,26.7318,6.9727,11.9613,30.7479,35.7225,39.9478,49.9114,194.9395,333.2453,993.2397,36.1924,834.2139,4.2793,0.1573,200.0000,14.0271,1
2025-07-04 15:10:00,26.8228,7.0165,12.0052,30.7380,35.7335,40.0281,49.7804,197.7235,333.7384,997.3344,36.1171,835.8895,4.2276,0.1581,200.0000,14.1046,1
2025-07-04 15:15:00,26.7938,7.0620,12.0274,30.8159,35.7408,40.0413,49.7843,196.8276,328.4717,1000.8463,36.2426,832.2645,4.2284,0.1590,200.0000,14.1821,1
2025-07-04 15:20:00,26.7291,6.9346,12.0527,30.8017,35.7029,40.1298,50.0175,197.7892,331.1871,1000.3522,36.1871,859.7632,4.3469,0.1599,200.0000,14.2596,1
2025-07-04 15:25:00,26.8363,6.9977,11.9290,30.8302,35.8065,39.8745,50.0801,195.2027,330.0977,1000.3889,35.9880,823.0928,4.2166,0.1607,200.0000,14.3371,1
2025-07-04 15:30:00,26.7653,6.9915,12.0059,30.6775,35.6028,40.1590,49.9952,195.4516,333.2300,998.7093,35.8702,842.9545,4.3129,0.1616,200.0000,14.4146,1
2025-07-04 15:35:00,26.7904,7.0190,11.8840,30.7246,35.7799,40.0028,49.9252,192.8488,333.8134,997.2846,35.8892,814.6491,4.2243,0.1625,200.0000,14.4921,1
2025-07-04 15:40:00,26.7990,7.0620,11.8511,30.7426,35.5862,39.9393,49.8579,191.3270,331.8951,993.0660,35.6026,800.6693,4.1848,0.1633,200.0000,14.5696,1
2025-07-04 15:45:00,26.7580,6.9335,11.8249,30.6268,35.7015,39.9356,49.9524,196.2427,330.4472,995.0101,35.7274,817.6904,4.1667,0.1642,200.0000,14.6471,1
2025-07-04 15:50:00,26.6481,7.0285,11.9420,30.6795,35.5693,39.8798,49.8767,193.7227,333.4113,997.9583,35.6118,820.2488,4.2341,0.1651,200.0000,14.7246,1
2025-07-04 15:55:00,26.6796,7.0516,11.9219,30.7995,35.6960,39.7911,49.9906,193.1955,331.8121,996.1489,35.6957,811.2212,4.1990,0.1659,200.0000,14.8021,1
2025-07-04 16:00:00,26.6440,6.9907,12.0228,30.6469,35.6220,40.0813,49.7718,197.1209,334.6133,997.7938,35.8865,844.2906,4.2831,0.1668,200.0000,14.8796,1
2025-07-04 16:05:00,26.7879,6.9931,11.9218,30.6722,35.6480,40.2377,50.1052,197.0162,335.1675,995.7711,35.8179,830.1597,4.2137,0.1677,200.0000,14.9571,1
2025-07-04 16:10:00,26.6929,7.0209,11.9838,30.7843,35.6739,39.8059,49.9149,195.8770,333.6566,996.9496,35.8517,826.9468,4.2218,0.1685,200.0000,15.0346,1
2025-07-04 16:15:00,26.7311,7.0172,12.0418,30.7275,35.6994,39.8859,50.0564,197.3418,332.1032,999.5729,35.8116,838.9162,4.2511,0.1694,200.0000,15.1121,1
2025-07-04 16:20:00,26.6237,7.0291,11.9838,30.6723,35.7225,40.0902,50.1331,199.8154,335.1540,998.5749,35.9229,831.4802,4.1612,0.1703,200.0000,15.1896,1
2025-07-04 16:25:00,26.6742,7.0281,12.0073,30.6664,35.5751,39.9945,50.0492,197.0577,332.3698,994.8897,35.9669,833.6084,4.2303,0.1712,200.0000,15.2671,1
2025-07-04 16:30:00,26.6893,6.9509,11.9484,30.6853,35.5819,40.1001,50.1199,196.1871,331.0143,994.6550,35.9080,838.8736,4.2759,0.1720,200.0000,15.3446,1
2025-07-04 16:35:00,26.5964,7.0495,12.0677,30.6938,35.6823,39.9878,49.6900,200.2267,329.8813,1000.4529,35.7765,839.9884,4.1952,0.1729,200.0000,15.4221,1
2025-07-04 16:40:00,26.7023,7.0583,12.1033,30.6220,35.6298,39.9303,49.9261,201.0275,329.7914,1000.7923,35.9754,843.2613,4.1948,0.1738,200.0000,15.4996,1
2025-07-04 16:45:00,26.8768,7.0093,12.1091,30.7233,35.7966,39.9729,50.1655,200.5351,331.2823,1003.2134,36.0802,853.3240,4.2552,0.1746,200.0000,15.5771,1
2025-07-04 16:50:00,26.7022,6.9253,12.0312,30.6806,35.7083,39.7141,50.0764,197.3940,332.4980,1001.1657,36.0013,848.8285,4.3002,0.1755,200.0000,15.6546,1
2025-07-04 16:55:00,26.6448,6.9943,11.9321,30.7011,35.6177,39.8628,50.2773,194.4152,329.1696,994.0105,35.8299,823.9590,4.2381,0.1764,200.0000,15.7321,1
2025-07-04 17:00:00,26.6692,7.0097,11.9466,30.6428,35.6257,40.1138,50.2557,194.6468,331.1288,997.3269,35.9627,828.9767,4.2589,0.1772,200.0000,15.8096,1
2025-07-04 17:05:00,26.8329,6.9428,12.0003,30.7294,35.6217,40.1430,50.0449,196.8383,332.4607,1000.0591,35.8768,849.8546,4.3175,0.1781,200.0000,15.8871,1
2025-07-04 17:10:00,26.7466,6.9820,11.8959,30.6490,35.5658,40.1687,49.9622,195.0584,333.4931,994.8655,35.8274,826.2556,4.2359,0.1790,200.0000,15.9646,1
2025-07-04 17:15:00,26.6721,6.9295,12.0470,30.7326,35.6853,40.0529,49.8562,198.6835,331.2869,1002.0142,36.1272,858.0029,4.3184,0.1798,200.0000,16.0421,1
2025-07-04 17:20:00,26.5987,7.0304,11.9793,30.5714,35.5281,39.7293,49.9286,196.2753,332.2836,996.2823,36.0553,823.0444,4.1933,0.1807,200.0000,16.1195,1
2025-07-04 17:25:00,26.5710,7.0083,11.9274,30.6317,35.5577,39.9238,49.9388,192.4011,329.8434,994.3162,35.9052,822.0868,4.2728,0.1816,200.0000,16.1970,1
2025-07-04 17:30:00,26.6208,6.9177,11.8451,30.4961,35.4543,40.1590,49.9110,190.5141,330.7918,990.1624,35.9035,828.3244,4.3478,0.1825,200.0000,16.2745,1
2025-07-04 17:35:00,26.5567,7.0176,11.7806,30.5822,35.3942,40.1948,49.8622,188.9724,332.6719,990.8775,35.7098,801.4114,4.2409,0.1833,200.0000,16.3520,1
2025-07-04 17:40:00,26.4522,6.9972,11.8403,30.4050,35.1664,40.1635,50.0602,187.2532,334.2856,980.5141,35.5156,814.2450,4.3484,0.1842,200.0000,16.4295,1
2025-07-04 17:45:00,26.4856,7.0258,11.8551,30.4338,35.1454,39.9716,50.2545,185.4086,333.7860,982.9785,35.5036,808.0380,4.3581,0.1851,200.0000,16.5070,1
2025-07-04 17:50:00,26.3497,6.9804,11.7140,30.4697,35.1834,39.8432,50.1400,184.9709,331.6516,981.6200,35.1908,789.4885,4.2682,0.1859,200.0000,16.5845,1
2025-07-04 17:55:00,26.2553,6.9599,11.8338,30.3136,34.9521,39.9951,49.9516,185.0976,332.7825,978.8542,35.1806,815.9832,4.4084,0.1868,200.0000,16.6620,1
2025-07-04 18:00:00,26.1634,6.9615,11.8235,30.1565,34.8534,40.0018,50.1521,180.9368,336.6474,975.6054,35.1149,814.1289,4.4995,0.1877,200.0000,16.7395,1
2025-07-04 18:05:00,26.1929,6.9731,11.8390,30.3130,34.8975,40.1879,50.0520,184.0768,334.3934,974.6964,35.3246,818.5729,4.4469,0.1885,200.0000,16.8170,1
2025-07-04 18:10:00,26.2605,7.0009,11.7925,30.1325,34.8940,40.0273,49.9939,185.3950,332.9469,974.8720,35.1850,802.8447,4.3305,0.1894,200.0000,16.8945,1
2025-07-04 18:15:00,26.0537,7.0074,11.8717,30.0827,34.8122,40.0020,49.9845,190.4378,330.3784,973.2762,35.3129,814.5117,4.2770,0.1903,200.0000,16.9720,1
2025-07-04 18:20:00,25.9772,6.9905,11.8562,29.8604,34.6636,40.0088,49.9700,183.8960,331.5351,970.6981,35.1227,814.9003,4.4313,0.1911,200.0000,17.0495,1
2025-07-04 18:25:00,25.8119,6.9788,11.7946,29.8097,34.4845,40.0480,50.0977,179.3427,333.5335,966.1015,34.6970,807.3228,4.5016,0.1920,200.0000,17.1270,1
2025-07-04 18:30:00,25.6635,6.9824,11.7449,29.6315,34.3065,40.0752,50.0210,178.1543,334.4088,961.4669,34.5561,798.9305,4.4845,0.1929,200.0000,17.2045,1
2025-07-04 18:35:00,25.6849,7.1254,11.7194,29.6651,34.3482,39.9131,49.8907,178.3774,335.0822,955.4429,34.5319,767.5414,4.3029,0.1937,200.0000,17.2820,1
2025-07-04 18:40:00,25.6403,6.9615,11.6685,29.6346,34.2545,39.8731,49.8835,177.2467,334.7731,959.8660,34.3067,785.6397,4.4325,0.1946,200.0000,17.3595,1
2025-07-04 18:45:00,25.4861,6.9721,11.7426,29.5418,34.1512,40.1645,50.0459,177.1276,333.2661,953.5801,34.2866,802.0503,4.5281,0.1955,200.0000,17.4370,1
2025-07-04 18:50:00,25.5022,7.1647,11.8132,29.5732,34.2142,39.8031,50.0643,178.3187,332.4384,957.3176,34.2936,774.5218,4.3435,0.1964,200.0000,17.5145,1
2025-07-04 18:55:00,25.4009,7.0211,11.6775,29.3767,33.9990,40.1965,49.9530,172.4265,338.5326,948.0986,33.8578,783.5045,4.5440,0.1972,200.0000,17.5920,1
2025-07-04 19:00:00,25.3273,6.9310,11.5611,29.3691,33.7793,39.7707,49.8302,165.0958,334.2226,943.9183,33.8132,770.8262,4.6690,0.1981,200.0000,17.6695,1
2025-07-04 19:05:00,25.3448,7.0421,11.6073,29.3118,33.7245,39.9299,50.1876,165.1975,333.0107,939.7833,33.7953,763.0584,4.6191,0.1990,200.0000,17.7470,1
2025-07-04 19:10:00,25.2732,6.9545,11.5596,29.1751,33.6633,40.1166,50.1558,166.3271,331.7755,943.3509,33.8252,773.3247,4.6494,0.1998,200.0000,17.8245,1
2025-07-04 19:15:00,25.2066,7.0455,11.6576,29.1006,33.6744,40.0000,49.7019,169.3966,334.3245,942.9160,33.7152,772.2627,4.5589,0.2007,200.0000,17.9020,1
2025-07-04 19:20:00,25.0981,6.9895,11.4776,29.0876,33.4796,39.8420,50.2009,165.5626,337.5469,935.3116,33.6361,748.5294,4.5211,0.2016,200.0000,17.9795,1
2025-07-04 19:25:00,24.9222,6.9780,11.5477,28.9497,33.2842,40.0512,49.9687,162.2729,334.6922,928.0991,33.4238,766.1300,4.7212,0.2024,200.0000,18.0570,1
2025-07-04 19:30:00,24.8178,7.0805,11.5151,28.9357,33.1574,40.0080,50.0285,158.5385,339.1113,927.2061,33.2162,742.6861,4.6846,0.2033,200.0000,18.1345,1
2025-07-04 19:35:00,24.7616,7.0283,11.3989,28.7502,32.9838,39.9741,50.1707,158.0623,336.4629,925.8585,33.1814,731.3275,4.6268,0.2042,200.0000,18.2120,1
2025-07-04 19:40:00,24.6964,7.0486,11.4421,28.6799,32.8395,39.9251,50.2479,156.7225,339.1352,919.3803,32.9922,734.2591,4.6851,0.2050,200.0000,18.2895,1
2025-07-04 19:45:00,24.6083,7.0217,11.3587,28.6331,32.8411,39.9958,50.1504,154.1710,335.5922,918.5546,32.7365,726.1056,4.7097,0.2059,200.0000,18.3670,1
2025-07-04 19:50:00,24.5757,6.9778,11.3136,28.6192,32.8555,39.9302,50.0362,155.5485,335.4447,912.5493,32.8355,724.7147,4.6591,0.2068,200.0000,18.4445,1
2025-07-04 19:55:00,24.5560,7.0306,11.2867,28.5573,32.6940,40.2921,49.7937,151.3715,337.5305,913.6423,32.7393,717.8505,4.7423,0.2076,200.0000,18.5220,1
2025-07-04 20:00:00,24.5092,7.0605,11.3610,28.4748,32.5780,39.9712,49.6961,150.5472,338.3222,910.2006,32.7027,719.5576,4.7796,0.2085,200.0000,18.5995,1
2025-07-04 20:05:00,24.5125,7.0067,11.3564,28.4847,32.6170,39.9551,50.1317,151.6363,336.9512,909.7239,32.9030,727.4952,4.7976,0.2094,200.0000,18.6770,1
2025-07-04 20:10:00,24.5072,7.0901,11.2850,28.5639,32.7194,39.9350,50.2013,151.2801,337.6713,913.4782,32.8938,701.2546,4.6355,0.2103,200.0000,18.7545,1
2025-07-04 20:15:00,24.4988,7.0425,11.2552,28.4471,32.5820,40.2132,49.8778,151.7585,338.8744,909.1158,32.6036,709.1254,4.6727,0.2111,200.0000,18.8320,1
2025-07-04 20:20:00,24.3982,7.0106,11.2399,28.3687,32.4905,39.8033,49.9595,147.8699,335.1184,904.6445,32.6806,704.6664,4.7654,0.2120,200.0000,18.9095,1
2025-07-04 20:25:00,24.1129,7.0126,11.1413,28.2779,32.3305,40.0431,49.9164,145.1044,337.7866,899.9031,32.3877,692.0619,4.7694,0.2129,200.0000,18.9870,1
2025-07-04 20:30:00,24.1255,7.0069,11.2580,27.9984,32.2055,39.9713,49.9124,142.1241,337.6464,895.4539,32.3371,711.2928,5.0047,0.2137,200.0000,19.0645,1
2025-07-04 20:35:00,24.0961,6.9374,11.1248,28.0120,32.1062,39.8292,50.1612,139.3827,337.9618,893.4590,32.1250,698.1349,5.0088,0.2146,200.0000,19.1420,1
2025-07-04 20:40:00,23.9126,6.9955,11.0278,27.9391,31.7956,39.9017,50.0328,138.6090,340.3821,888.1405,31.7367,673.5022,4.8590,0.2155,200.0000,19.2195,1
2025-07-04 20:45:00,23.9769,7.0111,11.0692,28.0315,31.7869,40.0380,49.9656,135.0531,338.7305,887.0304,31.6751,680.1417,5.0361,0.2163,200.0000,19.2970,1
2025-07-04 20:50:00,24.0063,6.9792,11.0648,27.9050,31.8932,39.8963,50.3986,139.4887,335.1350,890.1270,31.7865,682.3213,4.8916,0.2172,200.0000,19.3745,1
2025-07-04 20:55:00,23.7633,7.0169,11.1226,27.7733,31.6963,40.0311,49.7848,138.5544,338.7602,885.7458,31.5456,687.9903,4.9655,0.2181,200.0000,19.4520,1
2025-07-04 21:00:00,23.8358,7.0011,10.8945,27.8332,31.7025,40.2075,50.0822,134.3374,337.8686,881.8254,31.4399,655.3059,4.8781,0.2189,200.0000,19.5295,1
2025-07-04 21:05:00,23.6460,7.0387,10.8813,27.6814,31.4689,40.0205,49.8427,129.8374,341.5903,871.7051,31.2296,643.7436,4.9581,0.2198,200.0000,19.6070,1
2025-07-04 21:10:00,23.7262,7.0332,10.9262,27.6247,31.4396,39.8256,49.9764,128.9384,342.4551,874.1426,31.1038,649.0097,5.0335,0.2207,200.0000,19.6844,1
2025-07-04 21:15:00,23.5616,7.0084,10.8820,27.5706,31.2621,39.8984,50.0223,124.9171,337.0659,866.6624,30.9016,646.9503,5.1790,0.2215,200.0000,19.7619,1
2025-07-04 21:20:00,23.4595,6.9316,10.7961,27.4361,31.1834,39.9658,50.1267,127.5085,339.6119,866.9170,30.8173,646.5196,5.0704,0.2224,200.0000,19.8394,1
2025-07-04 21:25:00,23.5217,7.0895,10.6966,27.4325,31.0133,39.9577,49.9608,123.4552,342.6306,864.2023,30.7476,603.3234,4.8870,0.2233,200.0000,19.9169,1
2025-07-04 21:30:00,23.3894,6.9929,10.7671,27.3058,30.9272,40.0182,49.9450,122.3702,339.1255,863.7065,30.6161,632.2322,5.1666,0.2242,200.0000,19.9944,1
2025-07-04 21:35:00,23.2083,6.9960,10.6073,27.1944,30.7113,40.0375,49.9581,117.4043,344.3260,858.4087,30.3863,605.2576,5.1553,0.2250,200.0000,20.0719,1
2025-07-04 21:40:00,23.2306,6.9829,10.5999,27.2660,30.6375,40.2077,49.8380,119.1428,345.0649,852.2678,30.2725,608.7782,5.1097,0.2259,200.0000,20.1494,1
2025-07-04 21:45:00,23.2226,6.9756,10.5863,27.2132,30.6502,39.9996,50.0948,112.7063,343.2217,847.2811,30.3866,604.5670,5.3641,0.2268,200.0000,20.2269,1
2025-07-04 21:50:00,22.9648,7.0772,10.5265,26.9246,30.4193,39.8617,50.0422,112.1116,341.9055,846.1668,30.2047,575.5613,5.1338,0.2276,200.0000,20.3044,1
2025-07-04 21:55:00,22.7629,7.0693,10.4818,26.9068,30.2611,40.1385,50.0653,114.0989,338.6171,843.9877,30.0190,573.3634,5.0251,0.2285,200.0000,20.3819,1
2025-07-04 22:00:00,22.8258,7.0222,10.5061,26.8667,30.2939,40.1516,49.9896,113.4304,344.9387,839.8713,30.0147,585.5572,5.1623,0.2294,200.0000,20.4594,1
2025-07-04 22:05:00,22.7322,6.9946,10.5972,26.8550,30.1997,40.0279,49.9711,115.7014,347.1069,842.7433,30.1040,603.6424,5.2172,0.2302,200.0000,20.5369,1
2025-07-04 22:10:00,22.7847,7.0310,10.3654,26.7188,29.8991,39.9704,50.1763,109.5470,347.8243,836.4239,29.6107,557.8986,5.0928,0.2311,200.0000,20.6144,1
2025-07-04 22:15:00,22.6467,7.0037,10.4286,26.6697,29.9594,40.0747,50.1533,108.1148,343.9668,830.7079,29.6286,574.5308,5.3141,0.2320,200.0000,20.6919,1
2025-07-04 22:20:00,22.5860,6.9905,10.3742,26.7405,29.8388,39.9747,50.2122,108.5885,342.1680,831.1148,29.7681,566.2141,5.2143,0.2328,200.0000,20.7694,1
2025-07-04 22:25:00,22.5291,7.0169,10.5313,26.5490,29.8299,39.7533,50.0559,108.5294,345.9839,830.4907,29.6207,584.8191,5.3886,0.2337,200.0000,20.8469,1
2025-07-04 22:30:00,22.3886,6.9779,10.4473,26.4308,29.6597,40.0676,50.2029,105.7257,344.9596,825.4482,29.4173,581.8872,5.5037,0.2346,200.0000,20.9244,1
2025-07-04 22:35:00,22.3102,7.0126,10.2858,26.2885,29.5484,40.1071,49.9376,103.4356,346.1717,824.5354,29.2694,549.5377,5.3128,0.2354,200.0000,21.0019,1
2025-07-04 22:40:00,22.4191,7.0102,10.3604,26.4561,29.5834,40.1729,49.9699,102.8514,345.7487,822.9703,29.4686,563.3808,5.4776,0.2363,200.0000,21.0794,1
2025-07-04 22:45:00,22.2453,7.0301,10.2834,26.2221,29.3156,39.9123,50.1793,102.2688,345.4614,817.6864,29.3239,543.5376,5.3148,0.2372,200.0000,21.1569,1
2025-07-04 22:50:00,22.2350,6.9690,10.2343,26.1525,29.3006,40.0271,50.1265,96.7205,348.0042,820.7185,29.3742,547.1019,5.6565,0.2381,200.0000,21.2344,1
2025-07-04 22:55:00,22.0262,7.0355,10.2955,25.9945,29.0197,40.0297,49.9564,97.1030,348.4441,808.8605,29.2216,546.2575,5.6255,0.2389,200.0000,21.3119,1
2025-07-04 23:00:00,21.9635,6.9547,10.2220,25.9689,29.0663,40.0102,49.8431,99.5154,344.9383,809.9142,29.2979,547.2146,5.4988,0.2398,200.0000,21.3894,1
2025-07-04 23:05:00,21.9078,6.9714,10.2621,26.0169,28.9766,40.0138,49.9694,100.0523,343.8820,813.0830,29.2705,551.1837,5.5090,0.2407,200.0000,21.4669,1
2025-07-04 23:10:00,22.0345,6.9736,10.2278,25.8671,29.1041,40.0045,49.8973,99.6196,340.7419,813.1657,29.3803,544.9499,5.4703,0.2415,200.0000,21.5444,1
2025-07-04 23:15:00,22.0123,6.9464,10.3412,25.9234,29.0565,40.0254,50.2587,100.6409,344.9741,814.5346,29.4365,568.7842,5.6516,0.2424,200.0000,21.6219,1
2025-07-04 23:20:00,21.9854,7.0508,10.1412,25.9880,28.9847,40.0889,50.1140,101.3252,343.3114,814.8130,29.0877,518.6090,5.1183,0.2433,200.0000,21.6994,1
2025-07-04 23:25:00,21.9723,6.9515,10.2765,25.9182,28.9539,40.1464,49.8851,101.5369,346.3836,812.2400,29.1258,558.7665,5.5031,0.2441,200.0000,21.7769,1
2025-07-04 23:30:00,21.7442,6.9651,10.3254,25.8539,28.9390,39.9092,49.8433,101.3629,344.6345,807.1097,29.0550,561.3821,5.5383,0.2450,200.0000,21.8544,1
2025-07-04 23:35:00,21.8087,7.0628,10.3198,25.8317,29.0117,39.9793,49.8833,101.5700,344.6447,812.4928,29.1317,545.0791,5.3665,0.2459,200.0000,21.9319,1
2025-07-04 23:40:00,21.7188,6.9715,10.4849,25.7755,28.9800,39.9493,49.9162,102.5064,345.9944,812.3389,29.1285,587.5458,5.7318,0.2467,200.0000,22.0094,1
2025-07-04 23:45:00,21.6867,6.9906,10.4420,25.6149,28.9427,39.9321,49.9750,103.3791,345.6555,812.7326,28.8879,576.9283,5.5807,0.2476,200.0000,22.0869,1
2025-07-04 23:50:00,21.5924,6.9494,10.2547,25.5534,28.7448,39.8061,50.1672,100.5129,345.0927,807.7258,28.6245,550.7558,5.4795,0.2485,200.0000,22.1644,1
2025-07-04 23:55:00,21.6791,7.0416,10.2696,25.5345,28.4874,40.0029,49.8550,94.2006,350.0180,795.4724,28.3770,540.5343,5.7381,0.2493,200.0000,22.2419,1
2025-07-05 00:00:00,21.4071,7.0423,10.0869,25.3474,28.4278,40.0575,50.3434,92.8878,348.1779,799.6171,28.3204,510.5228,5.4961,0.2502,200.0000,22.3194,1
2025-07-05 00:05:00,21.4358,7.0369,10.2885,25.4092,28.5222,39.9814,49.8585,96.7497,345.3266,800.3582,28.3414,544.1887,5.6247,0.2511,200.0000,22.3969,1
2025-07-05 00:10:00,21.4342,7.0269,10.2637,25.3852,28.5166,39.9989,49.7886,96.6043,345.1515,798.5624,28.3652,541.9594,5.6101,0.2520,200.0000,22.4744,1
2025-07-05 00:15:00,21.3840,7.0037,10.2394,25.3689,28.4027,40.0502,50.2532,97.0676,347.4017,798.9850,28.4444,542.4717,5.5886,0.2528,200.0000,22.5519,1
2025-07-05 00:20:00,21.3575,6.9738,10.2769,25.3244,28.4249,40.1693,50.1982,98.1111,345.9608,802.4271,28.2732,555.4235,5.6612,0.2537,200.0000,22.6294,1
2025-07-05 00:25:00,21.2871,6.9593,10.2858,25.2895,28.4602,39.9496,49.9726,98.2286,343.3944,795.1361,28.1886,556.2986,5.6633,0.2546,200.0000,22.7069,1
2025-07-05 00:30:00,21.3348,7.0645,10.2515,25.2384,28.3993,39.8594,50.0572,94.9577,347.8076,798.1852,28.1676,531.7618,5.6000,0.2554,200.0000,22.7844,1
2025-07-05 00:35:00,21.3055,7.0382,10.2683,25.2871,28.3497,39.9891,50.0610,99.1045,347.9308,801.0030,28.1659,540.6943,5.4558,0.2563,200.0000,22.8619,1
2025-07-05 00:40:00,21.3393,6.9653,10.2872,25.3079,28.4685,40.2260,50.0205,97.4429,347.9057,799.1654,28.0917,559.3574,5.7404,0.2572,200.0000,22.9394,1
2025-07-05 00:45:00,21.3195,7.0020,10.2791,25.2223,28.3723,39.8607,49.8055,98.0406,348.4749,800.6441,28.0429,546.7997,5.5773,0.2580,200.0000,23.0169,1
2025-07-05 00:50:00,21.3610,6.9850,10.1100,25.2935,28.3391,40.0780,49.6277,94.4222,350.7356,794.4469,27.9004,524.2778,5.5525,0.2589,200.0000,23.0944,1
2025-07-05 00:55:00,21.3940,6.9436,9.9979,25.3324,28.2306,40.1389,49.8733,88.1629,351.1464,789.4333,27.8244,513.1868,5.8209,0.2598,200.0000,23.1719,1
2025-07-05 01:00:00,21.3788,7.0089,9.9670,25.3522,28.1624,39.7161,50.2724,89.6577,348.4856,789.6070,27.8632,491.7884,5.4852,0.2606,200.0000,23.2493,1
2025-07-05 01:05:00,21.1924,6.9792,9.9398,25.1432,28.0050,40.0492,50.2783,86.2885,347.9139,787.6865,27.7846,496.3257,5.7519,0.2615,200.0000,23.3268,1
2025-07-05 01:10:00,21.1905,6.9524,9.9760,25.2547,27.9670,40.0724,49.9607,84.2304,344.7247,784.1565,27.6104,507.1902,6.0215,0.2624,200.0000,23.4043,1
2025-07-05 01:15:00,21.1874,6.9260,9.9191,25.1367,27.9402,39.9679,49.8563,85.7840,348.7474,780.5307,27.6567,500.7568,5.8374,0.2632,200.0000,23.4818,1
2025-07-05 01:20:00,21.2347,6.9218,10.1244,25.2253,28.0546,39.9224,50.0417,88.6521,348.8324,788.3394,27.8230,535.2056,6.0371,0.2641,200.0000,23.5593,1
2025-07-05 01:25:00,21.2228,6.9814,9.9420,25.2063,28.0584,39.9291,50.0658,89.7552,347.6594,788.6408,27.9556,494.8471,5.5133,0.2650,200.0000,23.6368,1
2025-07-05 01:30:00,21.1630,6.9957,10.1216,25.1903,28.0525,39.9606,50.0901,91.8259,343.4199,788.0930,27.9671,522.8739,5.6942,0.2659,200.0000,23.7143,1
2025-07-05 01:35:00,21.1151,6.9562,9.9769,25.2321,27.9967,39.9637,49.6209,88.0391,347.6266,785.6941,27.7599,505.3296,5.7398,0.2667,200.0000,23.7918,1
2025-07-05 01:40:00,21.0116,7.0325,10.0357,25.1207,27.9196,39.9411,50.4737,87.1038,349.3394,785.9742,27.6189,502.1059,5.7645,0.2676,200.0000,23.8693,1
2025-07-05 01:45:00,21.0211,6.9967,10.0021,25.0894,27.8208,39.9587,50.1699,86.3546,346.2337,782.1857,27.4545,502.6980,5.8213,0.2685,200.0000,23.9468,1
2025-07-05 01:50:00,20.9863,7.0288,10.0092,25.0763,27.9057,40.1429,49.9703,87.9484,348.1940,782.4653,27.7181,500.8077,5.6943,0.2693,200.0000,24.0243,1
2025-07-05 01:55:00,21.0294,6.9909,10.0351,25.0993,27.8900,39.8543,49.8922,87.6233,348.6509,786.4014,27.5211,507.8762,5.7961,0.2702,200.0000,24.1018,1
2025-07-05 02:00:00,21.0547,6.9606,9.9660,24.9854,27.9026,39.7901,50.1481,85.5822,350.2162,786.6678,27.4201,500.5722,5.8490,0.2711,200.0000,24.1793,1
2025-07-05 02:05:00,20.8614,7.0057,9.9584,24.9123,27.7993,40.1448,50.0743,84.3523,352.0297,783.2057,27.3046,496.1875,5.8823,0.2719,200.0000,24.2568,1
2025-07-05 02:10:00,20.9548,6.9369,9.8245,24.9246,27.7301,39.9770,50.0138,85.2441,347.9251,781.5991,27.6329,483.2345,5.6688,0.2728,200.0000,24.3343,1
2025-07-05 02:15:00,21.0559,7.0270,9.9982,25.0801,27.7806,39.9534,50.0688,86.1115,348.7100,780.0591,27.6504,496.9253,5.7707,0.2737,200.0000,24.4118,1
2025-07-05 02:20:00,20.9205,6.9531,10.0142,24.9227,27.7507,39.9867,49.9831,86.1304,348.3101,784.1897,27.6517,512.3657,5.9487,0.2745,200.0000,24.4893,1
2025-07-05 02:25:00,20.9461,7.0459,9.9548,24.9812,27.6194,40.0251,50.0603,87.1485,349.4775,782.2731,27.5160,487.3726,5.5924,0.2754,200.0000,24.5668,1
2025-07-05 02:30:00,21.0753,6.9831,10.0680,25.0597,27.9945,39.9371,50.1090,89.4566,348.4236,784.8264,27.6439,515.7294,5.7651,0.2763,200.0000,24.6443,1
2025-07-05 02:35:00,20.9813,7.0531,10.1017,25.0749,27.9774,40.0607,50.0515,88.6100,349.9515,788.1030,27.5684,511.2200,5.7693,0.2772,200.0000,24.7218,1
2025-07-05 02:40:00,21.0186,6.9439,10.1100,25.0510,27.8901,39.8845,50.0436,89.6552,342.9711,790.1421,27.6636,528.6064,5.8960,0.2780,200.0000,24.7993,1
2025-07-05 02:45:00,21.0974,6.9661,10.1359,25.0789,27.7570,39.9638,50.2089,85.2170,349.0561,785.8696,27.4316,530.2610,6.2225,0.2789,200.0000,24.8768,1
2025-07-05 02:50:00,21.1727,7.0190,10.0142,25.0432,27.8430,39.7342,49.7604,87.5470,349.3684,782.8640,27.3740,498.1757,5.6904,0.2798,200.0000,24.9543,1
2025-07-05 02:55:00,21.0082,7.0585,9.8943,24.8975,27.7410,40.1407,49.8803,85.3944,348.1764,780.5514,27.1991,476.4954,5.5799,0.2806,200.0000,25.0318,1
2025-07-05 03:00:00,20.9825,7.0833,9.9656,24.8220,27.6827,39.9789,50.0040,84.2784,344.0237,781.0350,27.2675,482.3474,5.7233,0.2815,200.0000,25.1093,1
2025-07-05 03:05:00,20.8341,7.0021,9.9577,24.9723,27.7089,40.0804,49.8905,84.6288,348.5130,776.2551,27.1458,495.8845,5.8595,0.2824,200.0000,25.1868,1
2025-07-05 03:10:00,21.0514,7.0919,9.8540,25.0174,27.7074,40.0572,49.9406,85.9754,347.4102,776.7318,27.0083,463.1577,5.3871,0.2832,200.0000,25.2643,1
2025-07-05 03:15:00,20.9764,6.9855,9.7566,25.0016,27.6468,40.0660,50.1932,81.7885,352.8554,777.1528,27.0928,464.7625,5.6825,0.2841,200.0000,25.3418,1
2025-07-05 03:20:00,20.9766,7.0549,9.8439,24.8922,27.6121,39.9991,49.9777,81.8492,350.0229,777.5042,26.9972,466.9756,5.7053,0.2850,200.0000,25.4193,1
2025-07-05 03:25:00,20.9935,6.9529,9.8073,24.9459,27.6071,40.0466,49.7256,82.0104,348.3467,771.9169,27.0155,478.4931,5.8345,0.2858,200.0000,25.4968,1
2025-07-05 03:30:00,20.9826,7.0210,9.7382,24.9741,27.5170,39.8846,49.9365,80.9833,345.4020,778.3501,26.9261,453.6470,5.6017,0.2867,200.0000,25.5743,1
2025-07-05 03:35:00,21.0187,6.8829,9.6889,25.1046,27.5231,39.8595,50.0087,78.5281,351.4670,777.8080,27.0721,468.1863,5.9620,0.2876,200.0000,25.6518,1
2025-07-05 03:40:00,21.0799,6.9439,9.6793,25.1463,27.5252,39.9879,50.0060,74.6808,352.2959,773.4083,26.9817,457.8693,6.1310,0.2884,200.0000,25.7293,1
2025-07-05 03:45:00,20.9885,7.0233,9.6189,25.0438,27.5068,39.9184,50.0834,72.6841,350.7535,771.6203,26.7737,433.7175,5.9672,0.2893,200.0000,25.8068,1
2025-07-05 03:50:00,21.0511,6.9344,9.6771,25.0242,27.5405,40.1711,50.0712,73.7510,352.4803,772.4467,26.7588,461.2024,6.2535,0.2902,200.0000,25.8843,1
2025-07-05 03:55:00,20.9796,7.0213,9.5171,25.1257,27.4725,40.0450,49.9792,73.6369,350.7317,772.7733,26.7857,418.3530,5.6813,0.2911,200.0000,25.9618,1
2025-07-05 04:00:00,21.1072,7.0453,9.6976,25.1215,27.5193,39.9140,49.8210,73.9129,353.6261,770.0565,26.8802,443.1460,5.9955,0.2919,200.0000,26.0393,1
2025-07-05 04:05:00,21.2119,6.9749,9.5306,25.0901,27.4534,39.9674,49.9338,72.9935,353.2477,772.0441,27.0039,427.5805,5.8578,0.2928,200.0000,26.1168,1
2025-07-05 04:10:00,20.9992,6.9516,9.4797,25.0240,27.4889,40.0160,49.9066,73.9971,348.2045,770.4883,26.8878,423.4769,5.7229,0.2937,200.0000,26.1943,1
2025-07-05 04:15:00,21.0199,6.9763,9.6079,24.9829,27.4481,39.9918,49.9572,73.4814,348.4443,770.6708,27.1597,440.5513,5.9954,0.2945,200.0000,26.2718,1
2025-07-05 04:20:00,20.9800,6.9517,9.4592,25.0154,27.5252,40.0326,50.1037,71.8538,356.0885,772.0386,26.9861,420.1970,5.8479,0.2954,200.0000,26.3493,1
2025-07-05 04:25:00,21.1612,6.9949,9.4933,25.0885,27.4425,40.0082,50.0606,71.8722,354.0625,772.4266,27.0644,418.4186,5.8217,0.2963,200.0000,26.4268,1
2025-07-05 04:30:00,21.0471,7.0051,9.4356,25.1351,27.4702,39.8331,50.1236,68.5962,350.1409,765.7978,27.0409,405.2626,5.9079,0.2971,200.0000,26.5043,1
2025-07-05 04:35:00,21.1842,6.9847,9.5084,25.2207,27.5887,39.7419,49.9424,70.8701,348.8660,772.7519,27.0819,419.8464,5.9242,0.2980,200.0000,26.5818,1
2025-07-05 04:40:00,21.2264,7.0837,9.4656,25.2554,27.4803,39.9552,50.2263,73.0244,352.5095,774.9565,27.1418,398.3825,5.4555,0.2989,200.0000,26.6593,1
2025-07-05 04:45:00,21.0404,6.9640,9.5840,24.9938,27.4852,40.0673,50.1009,73.8075,349.3542,770.9058,27.2153,439.4220,5.9536,0.2997,200.0000,26.7368,1
2025-07-05 04:50:00,21.1322,7.0696,9.4839,25.1879,27.4703,39.9565,50.0168,71.1373,351.5272,772.2637,27.0190,403.8168,5.6766,0.3006,200.0000,26.8142,1
2025-07-05 04:55:00,21.1437,6.9479,9.6556,25.0239,27.5265,40.1484,50.0905,75.7357,351.2269,777.0162,27.0895,455.0585,6.0085,0.3015,200.0000,26.8917,1
2025-07-05 05:00:00,21.2604,7.0036,9.6206,25.1478,27.7142,39.9944,49.8986,75.6231,350.8974,780.0978,27.2539,438.1284,5.7936,0.3023,200.0000,26.9692,1
2025-07-05 05:05:00,21.2175,7.0592,9.7038,25.1794,27.8332,40.1629,49.6837,78.9682,352.3138,782.3389,27.3993,444.6253,5.6304,0.3032,200.0000,27.0467,1
2025-07-05 05:10:00,21.5204,7.0566,9.6861,25.4237,27.9900,40.1382,49.9090,79.6723,353.5774,788.5216,27.8984,441.8069,5.5453,0.3041,200.0000,27.1242,1
2025-07-05 05:15:00,21.5104,6.9790,9.7103,25.4689,28.0107,40.1262,50.1121,79.1659,349.3779,785.5265,27.9888,458.7800,5.7952,0.3050,200.0000,27.2017,1
2025-07-05 05:20:00,21.5179,7.0278,9.6312,25.4895,27.9743,39.8556,50.0120,79.3832,348.2761,791.7821,27.9025,434.3500,5.4716,0.3058,200.0000,27.2792,1
2025-07-05 05:25:00,21.4396,7.0211,9.6415,25.4438,28.0244,40.0021,49.9795,80.4324,351.1962,787.4511,27.9427,438.7875,5.4554,0.3067,200.0000,27.3567,1
2025-07-05 05:30:00,21.5363,6.9730,9.7157,25.4724,28.0768,40.1467,49.8728,78.5969,353.8453,789.9684,28.0275,460.9136,5.8643,0.3076,200.0000,27.4342,1
2025-07-05 05:35:00,21.6467,7.0308,9.6751,25.6320,28.0807,40.0327,49.7066,82.4044,349.1548,790.3833,27.9832,443.1321,5.3775,0.3084,200.0000,27.5117,1
2025-07-05 05:40:00,21.7382,7.0931,9.8638,25.6926,28.2895,40.0665,50.2137,82.2132,351.4203,794.9509,28.1510,464.6874,5.6522,0.3093,200.0000,27.5892,1
2025-07-05 05:45:00,21.8144,7.0236,9.7815,25.8081,28.3465,39.8335,49.9688,81.2674,348.2083,796.4342,28.2338,459.8626,5.6586,0.3102,200.0000,27.6667,1
2025-07-05 05:50:00,21.9789,7.0283,9.8374,25.9595,28.5524,40.2303,49.9356,83.6400,349.3766,800.4324,28.4851,473.0664,5.6560,0.3110,200.0000,27.7442,1
2025-07-05 05:55:00,21.8912,7.0336,9.7963,25.8219,28.6233,39.9050,49.8993,84.7850,346.9409,801.0760,28.4633,461.4795,5.4429,0.3119,200.0000,27.8217,1
2025-07-05 06:00:00,22.0706,6.9270,9.9488,25.9841,28.7785,39.7607,50.1882,86.5012,348.7676,806.9932,28.5693,502.9583,5.8145,0.3128,200.0000,27.8992,1
2025-07-05 06:05:00,22.0036,7.0230,9.9105,26.0889,28.9104,39.9579,50.1322,89.8546,348.5129,810.1398,28.4116,482.9715,5.3750,0.3136,200.0000,27.9767,1
2025-07-05 06:10:00,21.9868,6.9492,9.9279,26.0427,28.8702,39.7063,49.8549,90.0818,349.5357,806.0670,28.5803,495.0900,5.4960,0.3145,200.0000,28.0542,1
2025-07-05 06:15:00,22.1255,6.9705,9.9781,26.0856,28.9700,39.8698,50.1747,89.9401,351.8267,810.5047,28.4721,501.9450,5.5809,0.3154,200.0000,28.1317,1
2025-07-05 06:20:00,22.1514,7.1081,9.9565,26.0701,28.9945,40.3070,49.9782,94.3719,346.8934,816.7846,28.7630,480.5896,5.0925,0.3162,200.0000,28.2092,1
2025-07-05 06:25:00,22.1055,6.9873,9.8968,26.1078,28.7807,39.9544,49.9084,88.9465,344.1847,808.0655,28.5200,486.5979,5.4707,0.3171,200.0000,28.2867,1
2025-07-05 06:30:00,22.0596,6.9630,9.8921,26.0575,28.8525,39.8287,49.9560,88.9705,348.0316,811.4449,28.4094,488.3474,5.4889,0.3180,200.0000,28.3642,1
2025-07-05 06:35:00,22.0454,7.0576,9.9895,26.0439,28.7932,40.0030,49.8825,91.9061,348.8361,807.2441,28.3400,490.9580,5.3420,0.3189,200.0000,28.4417,1
2025-07-05 06:40:00,21.9808,6.9526,9.9705,25.9983,28.8193,39.8923,49.8019,89.7619,348.6528,807.9538,28.3630,503.9551,5.6144,0.3197,200.0000,28.5192,1
2025-07-05 06:45:00,22.1627,6.9776,10.0354,26.1768,28.9355,40.1037,50.1164,93.2578,347.8326,813.2047,28.2748,513.3214,5.5043,0.3206,200.0000,28.5967,1
2025-07-05 06:50:00,22.1517,7.0625,10.0014,26.1601,29.1144,39.8933,49.9669,94.0957,350.5903,821.0013,28.3104,490.7857,5.2158,0.3215,200.0000,28.6742,1
2025-07-05 06:55:00,22.1598,7.0021,10.0864,26.2535,29.2075,40.0325,50.0926,95.1075,347.8025,817.1903,28.3264,516.8512,5.4344,0.3223,200.0000,28.7517,1
2025-07-05 07:00:00,22.3919,6.9219,10.0999,26.2284,29.3440,39.8624,50.0431,97.1984,346.9248,819.0262,28.5738,530.2943,5.4558,0.3232,200.0000,28.8292,1
2025-07-05 07:05:00,22.3793,7.0272,10.0478,26.3385,29.4295,40.3119,50.0823,95.7082,345.6669,820.8400,28.6112,509.7161,5.3257,0.3241,200.0000,28.9067,1
2025-07-05 07:10:00,22.5337,6.9802,10.0531,26.4740,29.4516,40.0604,49.6931,93.2808,344.2334,825.0983,28.6650,515.3121,5.5243,0.3249,200.0000,28.9842,1
2025-07-05 07:15:00,22.5897,7.0770,10.1042,26.6530,29.3794,39.9825,49.8700,96.4748,347.7777,824.3018,28.6522,506.6487,5.2516,0.3258,200.0000,29.0617,1
2025-07-05 07:20:00,22.5125,6.9697,10.1965,26.4534,29.5489,39.9648,50.0854,100.0599,346.6172,834.0671,28.9751,539.8232,5.3950,0.3267,200.0000,29.1392,1
2025-07-05 07:25:00,22.6342,7.0526,10.2714,26.5425,29.6209,39.9336,49.8088,102.7477,343.6677,834.8745,29.3108,538.0667,5.2368,0.3275,200.0000,29.2167,1
2025-07-05 07:30:00,22.6287,7.0888,10.2887,26.6726,29.8264,39.9087,50.0560,103.9961,345.4849,837.0573,29.3082,534.5691,5.1403,0.3284,200.0000,29.2942,1
2025-07-05 07:35:00,22.6847,6.9575,10.3231,26.8654,29.9124,39.9054,49.7914,107.4677,344.9929,841.8573,29.3744,562.2184,5.2315,0.3293,200.0000,29.3717,1
2025-07-05 07:40:00,22.8470,6.9903,10.4047,26.8509,30.0804,40.2014,50.0025,110.2179,343.2558,844.7797,29.4830,574.5843,5.2132,0.3301,200.0000,29.4492,1
2025-07-05 07:45:00,22.8398,7.0194,10.4251,26.8984,30.1810,39.9337,50.2415,114.5888,342.3855,849.7068,29.7561,569.3018,4.9682,0.3310,200.0000,29.5267,1
2025-07-05 07:50:00,22.8615,6.9571,10.5550,26.8666,30.2915,39.7445,50.1162,112.5242,344.2842,849.8952,29.8142,598.5713,5.3195,0.3319,200.0000,29.6042,1
2025-07-05 07:55:00,23.1811,7.0135,10.5854,27.0568,30.4743,39.8601,49.7224,117.2027,342.4145,862.6977,29.9918,595.9922,5.0851,0.3328,200.0000,29.6817,1
2025-07-05 08:00:00,22.9398,6.9888,10.5901,27.0202,30.4335,40.1113,50.1273,118.4256,341.5575,856.9996,30.0357,604.6839,5.1060,0.3336,200.0000,29.7592,1
2025-07-05 08:05:00,23.1763,6.9877,10.6253,27.1242,30.6367,39.9697,50.2733,120.7101,341.0465,863.3105,30.3172,608.6171,5.0420,0.3345,200.0000,29.8367,1
2025-07-05 08:10:00,23.1886,7.0024,10.7233,27.2746,30.8282,39.9839,50.4196,121.4225,342.1083,864.3097,30.3374,622.7643,5.1289,0.3354,200.0000,29.9142,1
2025-07-05 08:15:00,23.3790,7.0036,10.7652,27.2532,30.9331,40.1404,50.0713,123.2816,343.6516,870.4004,30.5070,632.0626,5.1270,0.3362,200.0000,29.9917,1
2025-07-05 08:20:00,23.4693,7.0082,10.8064,27.4989,31.0948,39.9067,49.7953,128.1918,341.5886,876.7712,30.8519,634.4919,4.9496,0.3371,200.0000,30.0692,1
2025-07-05 08:25:00,23.5599,6.9701,10.8931,27.5428,31.2040,40.0759,50.0652,131.3272,339.9797,889.1793,30.9924,658.1274,5.0114,0.3380,200.0000,30.1467,1
2025-07-05 08:30:00,23.5402,6.9722,11.0104,27.5767,31.4637,39.9199,50.2394,133.7552,340.6087,886.6691,31.2742,674.7995,5.0450,0.3388,200.0000,30.2242,1
2025-07-05 08:35:00,23.7164,6.9941,10.8440,27.6725,31.5353,40.0691,49.9719,137.2709,342.8406,888.7439,31.6190,645.7467,4.7042,0.3397,200.0000,30.3017,1
2025-07-05 08:40:00,23.9126,6.9978,11.0291,27.8173,31.6542,39.9531,50.1565,136.5132,340.8864,893.3923,31.8147,674.2198,4.9389,0.3406,200.0000,30.3791,1
2025-07-05 08:45:00,23.9825,6.9781,10.9167,27.9539,31.6754,39.9710,49.8741,138.0848,340.2541,892.8938,31.9627,659.0154,4.7725,0.3414,200.0000,30.4566,1
2025-07-05 08:50:00,24.0672,7.0162,10.9559,28.0328,31.8581,40.0984,50.0559,139.1990,340.8794,900.0800,32.1630,661.2827,4.7506,0.3423,200.0000,30.5341,1
2025-07-05 08:55:00,23.9581,6.9093,11.0430,28.0169,31.8833,40.0898,49.6266,140.7018,338.9452,904.8558,32.0676,693.7105,4.9304,0.3432,200.0000,30.6116,1
2025-07-05 09:00:00,24.1904,6.9635,11.1826,28.1295,32.0991,39.9801,49.8574,141.1332,339.5858,906.4549,32.3272,706.1037,5.0031,0.3440,200.0000,30.6891,1
2025-07-05 09:05:00,24.2493,6.9860,11.1645,28.1265,32.0107,39.9434,49.9991,141.7552,338.1872,906.7728,32.4724,698.6531,4.9286,0.3449,200.0000,30.7666,1
2025-07-05 09:10:00,24.2380,6.9572,11.2216,28.1642,32.2946,40.1919,49.9455,147.5709,335.2090,910.1864,32.5768,717.4576,4.8618,0.3458,200.0000,30.8441,1
2025-07-05 09:15:00,24.3471,7.0815,11.2142,28.2790,32.3254,40.0707,49.8049,149.3121,338.9138,913.1483,32.6393,693.2176,4.6427,0.3467,200.0000,30.9216,1
2025-07-05 09:20:00,24.2683,7.0009,11.1679,28.3239,32.5465,39.9531,49.9251,151.9120,338.3996,917.4926,32.7691,696.9024,4.5875,0.3475,200.0000,30.9991,1
2025-07-05 09:25:00,24.3998,7.0088,11.3346,28.4180,32.5160,39.9216,50.0494,153.2162,336.6007,920.9145,33.0286,722.8873,4.7181,0.3484,200.0000,31.0766,1
2025-07-05 09:30:00,24.5051,6.9758,11.3208,28.4289,32.7052,40.1230,49.9871,156.7774,339.0741,926.0071,33.0976,729.7653,4.6548,0.3493,200.0000,31.1541,1
2025-07-05 09:35:00,24.6195,6.9992,11.3096,28.5826,32.8365,40.0138,50.0091,156.9844,335.5422,929.8693,33.1929,721.9804,4.5991,0.3501,200.0000,31.2316,1
2025-07-05 09:40:00,24.5262,6.9392,11.3292,28.5914,32.7108,39.9804,50.1098,154.3929,333.6761,927.6878,33.1647,734.6944,4.7586,0.3510,200.0000,31.3091,1
2025-07-05 09:45:00,24.6252,6.9915,11.3406,28.6551,32.9142,40.0138,49.9485,157.6754,335.4809,930.7872,33.2519,728.4558,4.6200,0.3519,200.0000,31.3866,1
2025-07-05 09:50:00,24.8019,6.9531,11.4430,28.7381,33.0731,40.0405,50.2039,160.1563,333.5079,937.1011,33.4979,752.5446,4.6988,0.3527,200.0000,31.4641,1
2025-07-05 09:55:00,24.9207,6.9861,11.3002,28.9563,33.1481,39.9932,49.8516,160.0597,337.2862,937.2262,33.6677,722.2305,4.5123,0.3536,200.0000,31.5416,1
2025-07-05 10:00:00,24.9681,6.8720,11.4123,28.8450,33.2565,40.1444,50.2892,161.2049,335.0129,938.4339,33.8384,762.9796,4.7330,0.3545,200.0000,31.6191,1
2025-07-05 10:05:00,25.1641,6.9436,11.3643,29.1279,33.2638,40.1511,50.1670,160.7508,338.4890,946.8534,33.9724,743.0018,4.6221,0.3553,200.0000,31.6966,1
2025-07-05 10:10:00,25.1684,7.0732,11.3222,29.1039,33.3532,40.0638,49.9466,160.9626,338.9751,941.3777,33.9208,712.5952,4.4271,0.3562,200.0000,31.7741,1
2025-07-05 10:15:00,25.1966,7.0415,11.2994,29.2449,33.4609,40.1650,49.9566,154.5620,335.6700,939.1247,33.8860,715.8728,4.6316,0.3571,200.0000,31.8516,1
2025-07-05 10:20:00,25.2120,7.0660,11.2317,29.1799,33.3671,40.0010,50.0310,156.9219,335.8759,939.2416,33.7104,697.5338,4.4451,0.3579,200.0000,31.9291,1
2025-07-05 10:25:00,25.2163,7.0694,11.3385,29.1552,33.4293,40.0828,50.0898,158.8886,338.2169,944.5827,33.6853,716.2955,4.5082,0.3588,200.0000,32.0066,1
2025-07-05 10:30:00,25.2406,7.0336,11.2452,29.2288,33.4994,40.1205,50.1642,156.2302,339.7082,946.1844,33.6675,707.3048,4.5273,0.3597,200.0000,32.0841,1
2025-07-05 10:35:00,25.3843,6.9774,11.3178,29.3375,33.5889,40.1223,49.7989,160.0427,332.9569,950.2673,33.9102,728.9865,4.5550,0.3606,200.0000,32.1616,1
2025-07-05 10:40:00,25.5184,6.9481,11.3684,29.4631,33.8259,40.1099,50.0656,164.1655,337.2146,958.5872,33.9075,742.1605,4.5208,0.3614,200.0000,32.2391,1
2025-07-05 10:45:00,25.6399,7.0573,11.4693,29.6750,34.0857,40.0757,49.6825,167.7613,331.5710,962.8902,34.3080,740.1459,4.4119,0.3623,200.0000,32.3166,1
2025-07-05 10:50:00,25.6431,7.0032,11.5114,29.5906,34.0704,40.2349,49.9734,170.2265,334.2847,965.7244,34.4504,759.2864,4.4604,0.3632,200.0000,32.3941,1
2025-07-05 10:55:00,25.7769,7.1247,11.5767,29.7281,34.3430,39.9352,50.2181,172.0409,337.3560,967.6123,34.6106,744.2418,4.3260,0.3640,200.0000,32.4716,1
2025-07-05 11:00:00,25.8406,6.9817,11.4948,29.7289,34.2328,39.9814,49.7874,170.3509,341.7313,972.4869,34.3820,755.3175,4.4339,0.3649,200.0000,32.5491,1
2025-07-05 11:05:00,25.9577,7.0986,11.6051,29.8795,34.3356,39.9743,49.7601,175.3796,334.2158,976.3104,34.7702,754.0724,4.2997,0.3658,200.0000,32.6266,1
2025-07-05 11:10:00,25.8544,6.9922,11.7993,29.8936,34.6133,39.9558,50.0331,183.3514,331.5256,979.3728,34.9820,804.0120,4.3851,0.3666,200.0000,32.7041,1
2025-07-05 11:15:00,26.0344,7.0668,11.7491,30.0179,34.6398,39.7613,50.2081,183.4272,332.9239,989.3470,35.0809,779.3330,4.2487,0.3675,200.0000,32.7816,1
2025-07-05 11:20:00,26.0459,7.0848,11.6836,29.9861,34.6965,40.1650,50.0488,182.8575,334.2885,983.8688,35.1203,773.1893,4.2284,0.3684,200.0000,32.8591,1
2025-07-05 11:25:00,26.0641,6.9489,11.7834,30.0809,34.8750,39.8769,49.7143,187.2127,332.2284,991.5737,35.3351,807.0120,4.3107,0.3692,200.0000,32.9366,1
2025-07-05 11:30:00,26.2105,6.9758,11.6901,30.2103,34.8869,40.0204,49.7475,183.9099,331.9972,994.6844,35.3818,789.7651,4.2943,0.3701,200.0000,33.0141,1
2025-07-05 11:35:00,26.2647,6.9484,11.7294,30.2600,35.0673,39.8294,50.0147,184.2504,332.9145,994.8156,35.4856,797.1221,4.3263,0.3710,200.0000,33.0916,1
2025-07-05 11:40:00,26.4092,6.9385,11.7707,30.3424,35.1804,40.0745,49.8231,184.8376,334.2754,1000.0119,35.8235,810.6168,4.3856,0.3719,200.0000,33.1691,1
2025-07-05 11:45:00,26.6137,7.0334,11.7412,30.5865,35.2371,39.9058,50.0205,188.6659,333.0113,1002.4493,35.8210,786.4232,4.1683,0.3727,200.0000,33.2466,1
2025-07-05 11:50:00,26.7084,6.9902,11.8500,30.5892,35.3763,39.8637,50.0294,192.6809,331.3702,1007.2018,35.9759,810.9619,4.2088,0.3736,200.0000,33.3241,1
2025-07-05 11:55:00,26.7316,7.0026,11.7785,30.6622,35.5508,40.0233,49.9265,189.5734,332.0083,1009.1103,36.1178,800.1342,4.2207,0.3745,200.0000,33.4016,1
2025-07-05 12:00:00,26.8740,7.0278,11.8217,30.8165,35.6218,39.9159,50.2722,192.5015,332.2353,1012.9598,36.3410,801.0037,4.1610,0.3753,200.0000,33.4791,1
2025-07-05 12:05:00,26.8577,6.9071,11.7487,30.8755,35.5394,39.9311,50.0886,188.7845,331.5625,1009.9642,35.9840,809.2687,4.2867,0.3762,200.0000,33.5566,1
2025-07-05 12:10:00,26.8978,7.0643,11.9990,30.8404,35.6857,40.0206,50.1817,193.8958,331.5568,1013.7571,36.1119,826.6785,4.2635,0.3771,200.0000,33.6341,1
2025-07-05 12:15:00,26.9907,6.9825,11.7416,31.0456,35.6451,40.0960,50.1381,191.2844,334.8673,1014.7210,36.1845,798.7729,4.1758,0.3779,200.0000,33.7116,1
2025-07-05 12:20:00,27.0985,7.0266,11.6632,31.0405,35.6937,39.9018,49.9775,188.6461,333.1843,1017.5725,36.1716,774.4431,4.1053,0.3788,200.0000,33.7891,1
2025-07-05 12:25:00,27.2057,7.0310,11.7006,31.1465,35.8710,39.8811,49.9708,189.7918,330.0265,1019.9952,36.1371,779.5457,4.1074,0.3797,200.0000,33.8666,1
2025-07-05 12:30:00,27.1477,7.0685,11.8913,31.1444,35.8068,40.0028,49.9554,196.3523,335.0027,1022.2647,36.3733,807.5721,4.1129,0.3805,200.0000,33.9440,1
2025-07-05 12:35:00,27.0528,6.9948,11.8883,31.1284,35.8367,40.0647,50.1022,193.9876,334.0404,1023.9681,36.4658,820.6965,4.2307,0.3814,200.0000,34.0215,1
2025-07-05 12:40:00,27.0906,6.8938,11.8423,30.9821,35.7993,40.1755,49.9024,195.6480,330.0022,1023.1471,36.5802,832.2092,4.2536,0.3823,200.0000,34.0990,1
2025-07-05 12:45:00,27.1697,7.0029,11.8765,31.0779,35.8144,39.8714,50.2588,194.6214,332.5474,1019.8424,36.3877,813.4173,4.1795,0.3831,200.0000,34.1765,1
2025-07-05 12:50:00,27.1405,7.0100,11.8389,31.1833,35.9066,39.9618,49.8881,190.9928,331.7798,1020.7406,36.2012,807.7695,4.2293,0.3840,200.0000,34.2540,1
2025-07-05 12:55:00,27.1635,6.9483,11.7239,31.0667,35.7839,40.1411,50.0322,189.6000,335.2648,1019.0920,36.0868,802.4482,4.2323,0.3849,200.0000,34.3315,1
2025-07-05 13:00:00,27.1944,7.0074,11.7418,31.2337,35.8847,40.2368,49.9656,190.1542,332.9965,1017.6174,36.1939,797.4172,4.1935,0.3858,200.0000,34.4090,1
2025-07-05 13:05:00,27.3143,6.9819,11.7487,31.2828,35.9384,39.8808,49.9324,190.6801,333.7149,1026.2807,36.2612,795.7720,4.1733,0.3866,200.0000,34.4865,1
2025-07-05 13:10:00,27.2869,6.9329,11.7734,31.2879,35.9368,39.9113,50.3259,187.0432,333.5633,1019.6577,36.3915,808.7040,4.3236,0.3875,200.0000,34.5640,1
2025-07-05 13:15:00,27.2098,7.0336,11.8434,31.2414,36.1181,40.0457,49.9341,194.3335,330.2297,1028.2787,36.5819,806.2859,4.1490,0.3884,200.0000,34.6415,1
2025-07-05 13:20:00,27.3133,6.9718,11.7818,31.2869,36.0951,39.9307,49.9543,194.9553,336.0645,1026.3887,36.7068,803.9815,4.1239,0.3892,200.0000,34.7190,1
2025-07-05 13:25:00,27.3865,6.9797,11.8882,31.3761,36.3301,39.9089,49.9004,199.1061,333.9297,1033.0477,36.9297,820.0059,4.1184,0.3901,200.0000,34.7965,1
2025-07-05 13:30:00,27.3703,6.9769,11.9720,31.4409,36.3219,40.0293,50.0062,199.1961,331.3011,1029.7792,36.5939,837.0014,4.2019,0.3910,200.0000,34.8740,1
2025-07-05 13:35:00,27.4536,7.0618,11.9051,31.3866,36.2329,40.1859,49.9848,199.9768,333.0237,1033.8443,36.4431,814.7292,4.0741,0.3918,200.0000,34.9515,1
2025-07-05 13:40:00,27.4188,6.9980,11.9477,31.4167,36.1774,39.8429,49.8321,198.5122,334.4948,1030.4126,36.4217,825.5270,4.1586,0.3927,200.0000,35.0290,1
2025-07-05 13:45:00,27.4744,7.0040,11.9980,31.4514,36.3876,40.1798,49.9363,204.4217,332.1256,1035.6672,36.4901,839.9658,4.1090,0.3936,200.0000,35.1065,1
2025-07-05 13:50:00,27.4425,6.9780,11.9796,31.4243,36.4099,39.9310,50.0915,202.3092,335.1686,1040.5646,36.7668,836.0222,4.1324,0.3944,200.0000,35.1840,1
2025-07-05 13:55:00,27.4575,7.0231,12.0126,31.4518,36.3911,40.0415,50.1540,205.4961,337.5620,1043.0544,36.6141,836.3052,4.0697,0.3953,200.0000,35.2615,1
2025-07-05 14:00:00,27.4933,7.0675,12.0876,31.3923,36.4163,40.1909,50.0036,208.0966,331.1914,1039.9374,36.8175,844.5823,4.0586,0.3962,200.0000,35.3390,1
2025-07-05 14:05:00,27.3506,7.0324,12.0396,31.4459,36.3778,40.0390,50.0088,204.1591,330.5894,1040.0316,36.6267,839.2225,4.1106,0.3970,200.0000,35.4165,1
2025-07-05 14:10:00,27.3877,7.0343,12.0922,31.3822,36.5721,39.9643,49.9459,209.9697,329.1767,1043.1514,36.8860,846.1244,4.0297,0.3979,200.0000,35.4940,1
2025-07-05 14:15:00,27.4050,7.0303,12.1246,31.3453,36.4850,40.0862,49.9246,213.0768,326.0908,1044.5271,36.9184,854.8203,4.0118,0.3988,200.0000,35.5715,1
2025-07-05 14:20:00,27.4113,6.9310,12.1916,31.5312,36.6740,39.9792,49.8621,214.6134,332.9103,1052.2995,37.1658,880.3841,4.1022,0.3997,200.0000,35.6490,1
2025-07-05 14:25:00,27.3915,6.9562,12.1182,31.3906,36.4374,40.0626,49.7665,212.3752,330.1099,1043.6874,37.0675,865.6858,4.0762,0.4005,200.0000,35.7265,1
2025-07-05 14:30:00,27.3242,6.9898,12.1669,31.2628,36.5802,39.9754,49.8946,214.0167,332.0858,1046.6350,37.0925,866.3289,4.0479,0.4014,200.0000,35.8040,1
2025-07-05 14:35:00,27.3044,6.9637,12.3126,31.2580,36.5224,40.1033,50.1356,213.5731,332.5169,1042.0072,36.9026,897.9320,4.2043,0.4023,200.0000,35.8815,1
2025-07-05 14:40:00,27.2291,6.9468,12.1113,31.3071,36.4709,39.8327,49.9363,215.7337,328.1260,1041.0011,36.9266,861.1308,3.9916,0.4031,200.0000,35.9590,1
2025-07-05 14:45:00,27.2876,6.9064,12.2240,31.2849,36.5128,39.8784,49.9481,214.2752,328.5232,1046.0188,37.0517,887.6659,4.1426,0.4040,200.0000,36.0365,1
2025-07-05 14:50:00,27.3330,6.9327,12.0822,31.1527,36.3241,39.8309,49.9452,209.6020,334.2765,1041.1921,36.7455,858.5925,4.0963,0.4049,200.0000,36.1140,1
2025-07-05 14:55:00,27.1326,6.9872,12.1141,31.1664,36.2210,39.9932,50.1867,210.4205,330.7887,1036.5320,36.6518,858.2990,4.0790,0.4057,200.0000,36.1915,1
2025-07-05 15:00:00,27.1682,6.9965,12.2149,31.1257,36.3042,39.8165,49.8607,208.0270,329.7750,1039.8585,36.7356,869.7611,4.1810,0.4066,200.0000,36.2690,1
2025-07-05 15:05:00,27.2334,6.9603,12.0190,31.0899,36.2092,39.9170,50.0416,205.8500,329.1595,1038.4338,36.4975,845.2587,4.1062,0.4075,200.0000,36.3465,1
2025-07-05 15:10:00,27.0622,7.0039,12.0296,31.0324,36.0201,39.8671,49.9897,204.4388,330.9775,1034.2870,36.6346,838.6951,4.1024,0.4083,200.0000,36.4240,1
2025-07-05 15:15:00,27.2607,6.9783,12.0962,31.2200,36.2697,40.1776,50.0102,210.0682,334.0277,1034.3375,36.5261,860.7380,4.0974,0.4092,200.0000,36.5015,1
2025-07-05 15:20:00,27.1907,7.0545,12.0299,31.0921,36.2125,39.8811,50.0367,207.0507,332.5798,1036.5163,36.5440,830.5978,4.0116,0.4101,200.0000,36.5790,1
2025-07-05 15:25:00,27.2909,6.9919,12.1027,31.1599,36.2836,39.8456,50.0086,205.9811,331.6817,1034.8297,36.3732,852.4474,4.1385,0.4109,200.0000,36.6565,1
2025-07-05 15:30:00,27.2574,7.0348,12.1022,31.2259,36.3530,40.0298,50.1190,211.9316,333.9357,1040.6061,36.5849,849.1145,4.0066,0.4118,200.0000,36.7340,1
2025-07-05 15:35:00,27.2482,7.0102,12.0721,31.3118,36.1634,40.2024,49.9956,207.1774,334.2614,1034.7679,36.4590,851.8650,4.1118,0.4127,200.0000,36.8115,1
2025-07-05 15:40:00,27.2003,6.9299,12.0274,31.2313,36.2919,39.9861,50.2617,208.4698,331.7057,1036.0667,36.5403,853.2216,4.0928,0.4136,200.0000,36.8890,1
2025-07-05 15:45:00,27.1142,6.9955,12.0433,31.1031,36.2718,39.9954,50.0067,212.0922,336.2734,1034.2424,36.3554,845.1130,3.9846,0.4144,200.0000,36.9665,1
2025-07-05 15:50:00,27.1401,6.9382,12.0436,31.2127,36.1862,40.1549,49.7445,208.7964,330.8510,1035.2077,36.4692,858.1513,4.1100,0.4153,200.0000,37.0440,1
2025-07-05 15:55:00,27.1478,6.9946,11.8884,31.0352,36.0690,40.1054,50.0957,203.0570,334.2433,1025.2762,36.2808,821.5861,4.0461,0.4162,200.0000,37.1215,1
2025-07-05 16:00:00,26.9683,6.9627,12.1001,30.9822,36.0383,40.0510,50.0588,205.3146,330.8052,1028.2048,36.3018,861.2935,4.1950,0.4170,200.0000,37.1990,1
2025-07-05 16:05:00,26.8724,7.0191,11.8816,30.9126,35.8313,39.9301,50.0049,200.3876,333.9230,1024.9608,36.1890,812.7524,4.0559,0.4179,200.0000,37.2765,1
2025-07-05 16:10:00,26.8347,6.9329,11.8992,30.8032,35.7624,40.0547,49.9611,199.0399,331.6762,1020.7325,36.2533,832.6989,4.1836,0.4188,200.0000,37.3540,1
2025-07-05 16:15:00,26.9338,7.0007,12.0324,30.9190,35.9209,39.8367,49.6828,202.9564,332.6130,1023.9445,36.3504,839.0624,4.1342,0.4196,200.0000,37.4315,1
2025-07-05 16:20:00,26.9315,7.0286,11.9969,30.8446,35.9769,39.9252,49.7080,204.1885,336.3551,1026.3448,36.4180,830.3341,4.0665,0.4205,200.0000,37.5089,1
2025-07-05 16:25:00,26.7614,7.0454,11.9584,30.8295,35.8416,40.1718,50.2471,202.5255,333.4144,1023.1515,36.4650,826.1643,4.0793,0.4214,200.0000,37.5864,1
2025-07-05 16:30:00,26.6705,6.9618,12.1646,30.6120,35.7431,40.1562,49.9122,204.0770,332.2393,1024.0249,36.4113,874.5598,4.2854,0.4222,200.0000,37.6639,1
2025-07-05 16:35:00,26.7694,7.0009,12.0374,30.7672,35.8287,40.0525,50.1448,205.0735,329.5387,1024.1378,36.4275,844.4157,4.1176,0.4231,200.0000,37.7414,1
2025-07-05 16:40:00,26.7892,7.0092,12.0711,30.6922,35.7743,39.7685,49.7595,206.1770,331.5164,1024.7099,36.2422,842.6589,4.0871,0.4240,200.0000,37.8189,1
2025-07-05 16:45:00,26.5711,7.0774,12.0720,30.5713,35.5598,39.8550,49.8430,204.9984,329.1115,1018.7858,36.1372,833.2777,4.0648,0.4248,200.0000,37.8964,1
2025-07-05 16:50:00,26.4184,6.9259,12.1139,30.4788,35.6291,39.9185,50.1018,203.8642,332.9344,1018.4238,36.0451,866.8959,4.2523,0.4257,200.0000,37.9739,1
2025-07-05 16:55:00,26.4827,6.9544,12.0800,30.5584,35.4759,39.9794,49.9846,204.2571,333.0550,1021.2206,35.9828,857.7768,4.1995,0.4266,200.0000,38.0514,1
2025-07-05 17:00:00,26.3519,7.1402,11.9929,30.4238,35.4471,39.8500,50.0807,200.6204,331.1521,1014.6582,36.0588,809.4787,4.0349,0.4275,200.0000,38.1289,1
2025-07-05 17:05:00,26.3597,6.9863,11.9922,30.3667,35.3298,39.9704,49.9980,199.4486,335.0433,1013.4563,36.0597,837.5542,4.1993,0.4283,200.0000,38.2064,1
2025-07-05 17:10:00,26.4323,6.9055,11.9834,30.3914,35.2261,40.2121,49.9688,200.0773,334.8708,1010.0641,36.0681,854.7661,4.2722,0.4292,200.0000,38.2839,1
2025-07-05 17:15:00,26.1839,6.9709,12.0612,30.2947,35.2218,40.0481,49.8980,201.2682,331.8940,1010.4690,35.9391,853.3456,4.2398,0.4301,200.0000,38.3614,1
2025-07-05 17:20:00,26.2189,6.8616,11.9514,30.3235,35.2352,40.0263,49.8209,199.0542,332.8367,1010.1612,36.0653,852.7966,4.2842,0.4309,200.0000,38.4389,1
2025-07-05 17:25:00,26.2342,7.0120,12.0072,30.1610,35.1572,39.8779,50.2104,194.4076,331.3533,1005.4485,35.8347,833.8301,4.2891,0.4318,200.0000,38.5164,1
2025-07-05 17:30:00,26.2314,7.0405,11.8223,30.1680,35.0245,39.8033,50.2351,190.6610,332.3526,1003.0642,35.7523,796.7338,4.1788,0.4327,200.0000,38.5939,1
2025-07-05 17:35:00,26.2008,6.9544,11.8000,30.2390,34.8577,39.8526,49.8442,187.8714,331.2185,996.8464,35.7594,808.3621,4.3027,0.4335,200.0000,38.6714,1
2025-07-05 17:40:00,26.0781,6.9765,11.8124,29.9934,34.9393,39.7985,49.8344,191.2796,331.8593,997.1587,35.7084,805.6568,4.2119,0.4344,200.0000,38.7489,1
2025-07-05 17:45:00,25.9995,7.0462,11.7304,29.9848,34.7230,40.0090,49.9478,187.1691,333.2073,990.5208,35.4111,784.4963,4.1914,0.4353,200.0000,38.8264,1
2025-07-05 17:50:00,25.7876,6.9125,11.8139,29.9110,34.7466,40.0461,50.0511,189.8385,329.5973,991.5765,35.7328,821.6426,4.3281,0.4361,200.0000,38.9039,1
2025-07-05 17:55:00,25.8731,6.9339,11.7854,29.7774,34.5907,39.8842,49.9727,188.2374,334.2613,990.2546,35.5688,809.9736,4.3029,0.4370,200.0000,38.9814,1
2025-07-05 18:00:00,25.7453,6.9886,11.7465,29.6611,34.4532,40.0178,50.0749,183.1749,335.6848,984.8533,35.4607,797.0126,4.3511,0.4379,200.0000,39.0589,1
2025-07-05 18:05:00,25.8410,6.9624,11.8122,29.7760,34.6333,40.1763,49.9926,189.7542,332.8744,994.0319,35.6129,815.6299,4.2984,0.4387,200.0000,39.1364,1
2025-07-05 18:10:00,25.7346,6.9853,11.8295,29.9046,34.4959,40.2349,49.9828,186.4632,328.0262,993.4082,35.4952,815.8706,4.3755,0.4396,200.0000,39.2139,1
2025-07-05 18:15:00,25.6507,6.9368,11.6921,29.6073,34.3110,40.0924,50.3620,182.5702,333.4221,980.0988,35.1940,798.0635,4.3713,0.4405,200.0000,39.2914,1
2025-07-05 18:20:00,25.6884,7.0107,11.7112,29.6369,34.3483,39.9790,49.9212,182.5733,330.9440,983.7018,35.2842,786.6386,4.3086,0.4414,200.0000,39.3689,1
2025-07-05 18:25:00,25.6608,6.9925,11.7596,29.5531,34.2330,40.0886,50.2460,185.0287,332.3251,984.3050,35.3388,799.9599,4.3234,0.4422,200.0000,39.4464,1
2025-07-05 18:30:00,25.5225,7.0275,11.7931,29.6625,34.2739,40.1622,50.2170,180.9779,336.7341,980.1656,35.3153,801.1966,4.4270,0.4431,200.0000,39.5239,1
2025-07-05 18:35:00,25.5319,7.0100,11.7449,29.5183,34.1627,39.7591,50.0756,181.0314,329.0357,976.4484,35.1600,788.0345,4.3530,0.4440,200.0000,39.6014,1
2025-07-05 18:40:00,25.4346,7.0103,11.6252,29.4576,34.0220,40.1778,49.7111,175.7562,333.1044,976.3222,35.2011,776.1512,4.4161,0.4448,200.0000,39.6789,1
2025-07-05 18:45:00,25.3933,6.9277,11.5842,29.4387,33.9551,39.9346,50.0047,175.4425,336.1908,972.1700,34.7811,778.4113,4.4368,0.4457,200.0000,39.7564,1
2025-07-05 18:50:00,25.3778,7.0246,11.6011,29.3679,33.9734,39.9358,49.9228,176.4019,333.1082,970.8430,34.7630,765.0627,4.3370,0.4466,200.0000,39.8339,1
2025-07-05 18:55:00,25.4052,6.9835,11.6005,29.2949,33.8758,39.9574,50.0030,177.2452,332.9062,973.5054,34.8896,772.2517,4.3570,0.4474,200.0000,39.9114,1
2025-07-05 19:00:00,25.1656,6.9917,11.6668,29.1312,33.6840,40.0384,49.8406,171.3283,339.0323,965.5245,34.8887,783.5566,4.5734,0.4483,200.0000,39.9889,1
2025-07-05 19:05:00,25.2409,7.0524,11.5743,29.2525,33.6093,39.8666,50.1134,170.1517,336.1551,961.7146,34.6133,754.6204,4.4350,0.4492,200.0000,40.0664,1
2025-07-05 19:10:00,25.1684,6.9640,11.4519,29.1012,33.4552,39.9658,50.1477,165.7769,337.6911,955.1746,34.2927,750.8032,4.5290,0.4500,200.0000,40.1439,1
2025-07-05 19:15:00,25.0701,7.0676,11.3555,29.0749,33.4058,40.0630,50.1755,164.5084,337.7065,952.8596,34.1898,719.1058,4.3712,0.4509,200.0000,40.2214,1
2025-07-05 19:20:00,25.1734,7.0722,11.3588,29.0536,33.4328,40.0262,49.9427,163.4243,336.9091,956.7772,34.0901,718.2136,4.3948,0.4518,200.0000,40.2989,1
2025-07-05 19:25:00,25.1680,7.0376,11.3765,29.0643,33.4700,40.0457,49.8411,164.2299,338.9470,956.0936,34.0008,727.3255,4.4287,0.4526,200.0000,40.3764,1
2025-07-05 19:30:00,25.0389,6.9510,11.4055,28.9899,33.3478,39.9611,50.0528,162.2004,340.5375,951.0163,34.1667,745.1496,4.5940,0.4535,200.0000,40.4539,1
2025-07-05 19:35:00,25.0898,6.8907,11.3219,29.0480,33.3322,40.0832,50.2634,160.8736,333.7327,955.6376,34.2466,743.5011,4.6216,0.4544,200.0000,40.5314,1
2025-07-05 19:40:00,25.1073,7.0539,11.4408,29.0052,33.3581,40.1268,50.0104,160.8519,337.0254,949.5175,34.2165,736.8574,4.5810,0.4553,200.0000,40.6089,1
2025-07-05 19:45:00,24.8774,7.0056,11.3940,28.8914,33.2098,40.1196,50.0678,157.4940,337.0514,948.4476,33.9080,737.0010,4.6795,0.4561,200.0000,40.6864,1
2025-07-05 19:50:00,24.8273,6.9627,11.4391,28.8131,33.0572,40.0513,49.9648,161.8746,335.9401,946.1138,33.9351,750.4810,4.6362,0.4570,200.0000,40.7639,1
2025-07-05 19:55:00,24.8366,7.0587,11.3990,28.9232,33.1575,40.1127,49.9245,161.4505,338.8268,949.3364,33.9921,728.7877,4.5140,0.4579,200.0000,40.8414,1
2025-07-05 20:00:00,24.8170,6.9569,11.3297,28.7679,33.0391,40.1045,50.0987,159.1912,337.4962,944.9431,33.8041,734.0855,4.6113,0.4587,200.0000,40.9189,1
2025-07-05 20:05:00,24.6830,6.9788,11.3480,28.7060,32.9131,40.3212,49.9841,157.3060,341.0971,940.4965,33.6330,737.4487,4.6880,0.4596,200.0000,40.9964,1
2025-07-05 20:10:00,24.5895,7.0262,11.2408,28.6492,32.7851,40.1462,50.0605,151.1384,339.9297,935.2815,33.7214,708.2575,4.6862,0.4605,200.0000,41.0738,1
2025-07-05 20:15:00,24.5587,6.9443,11.3773,28.5419,32.7328,39.9894,50.0761,154.4146,340.1552,935.4322,33.7861,742.0626,4.8057,0.4613,200.0000,41.1513,1
2025-07-05 20:20:00,24.5095,6.9945,11.2447,28.4792,32.5921,39.8906,50.0521,152.4777,335.6029,928.7012,33.5559,709.7072,4.6545,0.4622,200.0000,41.2288,1
2025-07-05 20:25:00,24.5506,7.0545,11.2565,28.4502,32.5699,39.9687,50.0837,153.9260,336.2369,927.6811,33.6533,703.0331,4.5673,0.4631,200.0000,41.3063,1
2025-07-05 20:30:00,24.2811,7.0106,11.2410,28.3626,32.4534,39.9602,49.8720,152.7015,336.4716,928.6999,33.4087,707.6480,4.6342,0.4639,200.0000,41.3838,1
2025-07-05 20:35:00,24.2695,7.0624,11.3127,28.3921,32.2549,40.0614,49.8629,151.0250,340.6378,924.0864,33.3307,712.7710,4.7196,0.4648,200.0000,41.4613,1
2025-07-05 20:40:00,24.1936,7.0567,11.1053,28.2935,32.3273,39.9160,49.9936,150.8131,336.4509,922.0216,33.1241,676.4772,4.4855,0.4657,200.0000,41.5388,1
2025-07-05 20:45:00,24.1753,7.0004,11.2741,28.0703,32.1613,40.1431,49.9972,149.5733,336.4670,920.0465,33.0572,718.1560,4.8014,0.4666,200.0000,41.6163,1
2025-07-05 20:50:00,24.0200,6.8832,11.0959,28.0854,32.0822,39.8333,49.9217,144.4917,336.7232,915.8224,32.9867,702.4408,4.8615,0.4674,200.0000,41.6938,1
2025-07-05 20:55:00,23.8547,6.9447,11.0808,27.8488,31.9315,39.8041,50.0362,148.3064,344.1007,913.1285,33.0818,689.1511,4.6468,0.4683,200.0000,41.7713,1
2025-07-05 21:00:00,23.7149,7.0382,11.0882,27.7667,31.7174,39.9838,50.1362,143.2698,338.5144,912.0063,32.8709,677.8697,4.7314,0.4692,200.0000,41.8488,1
2025-07-05 21:05:00,23.6585,6.9225,10.9755,27.5935,31.6337,39.8989,50.1781,139.5670,340.4078,905.1540,32.7439,676.9191,4.8501,0.4700,200.0000,41.9263,1
2025-07-05 21:10:00,23.5866,6.9837,11.0350,27.5151,31.4430,39.8490,50.2118,137.8104,337.5187,903.6063,32.4534,675.7878,4.9037,0.4709,200.0000,42.0038,1
2025-07-05 21:15:00,23.5033,7.0169,10.9161,27.4963,31.3133,39.9236,49.8028,135.6149,341.9968,894.9551,32.1620,651.6230,4.8050,0.4718,200.0000,42.0813,1
2025-07-05 21:20:00,23.4666,7.0735,10.8740,27.5168,31.1831,39.9086,49.8256,131.6286,337.3626,893.1589,31.7592,634.9115,4.8235,0.4726,200.0000,42.1588,1
2025-07-05 21:25:00,23.3911,6.9712,10.9271,27.4827,31.2695,40.0012,49.9566,132.9667,338.9130,890.8590,31.7338,662.3868,4.9816,0.4735,200.0000,42.2363,1
2025-07-05 21:30:00,23.4511,6.9678,10.7332,27.4574,31.0025,39.9255,50.0120,127.6421,340.2517,885.4862,31.4399,629.2938,4.9301,0.4744,200.0000,42.3138,1
2025-07-05 21:35:00,23.2896,6.9974,10.7570,27.3109,30.9009,39.9353,49.9642,127.3260,342.1222,888.1008,31.3870,628.4994,4.9361,0.4752,200.0000,42.3913,1
2025-07-05 21:40:00,23.2839,7.0175,10.6765,27.2344,30.7587,39.9994,49.9171,125.9465,340.3329,879.6059,31.1102,612.6437,4.8643,0.4761,200.0000,42.4688,1
2025-07-05 21:45:00,23.2460,6.9923,10.7792,27.2562,30.9704,40.1217,49.9543,126.1678,344.5034,880.3274,31.2949,636.0019,5.0409,0.4770,200.0000,42.5463,1
2025-07-05 21:50:00,23.2888,7.0525,10.8167,27.4096,30.8841,40.1765,50.0725,122.7852,343.3631,881.3360,31.0543,633.0640,5.1559,0.4778,200.0000,42.6238,1
2025-07-05 21:55:00,23.3616,6.9600,10.6556,27.4146,30.8132,40.0177,49.8006,121.0067,341.5593,875.9368,30.9282,619.0614,5.1159,0.4787,200.0000,42.7013,1
2025-07-05 22:00:00,23.3038,7.0060,10.6226,27.2358,30.7031,40.0271,50.3515,120.8375,344.7780,875.8163,31.0882,605.9645,5.0147,0.4796,200.0000,42.7788,1
2025-07-05 22:05:00,23.1773,7.0223,10.6000,27.1634,30.6559,39.9780,50.0031,120.9710,342.0390,874.1758,31.0149,598.7210,4.9493,0.4805,200.0000,42.8563,1
2025-07-05 22:10:00,23.1102,6.9800,10.6252,27.1998,30.5371,40.0577,50.1576,122.2939,341.6711,874.7235,31.1764,611.2322,4.9981,0.4813,200.0000,42.9338,1
2025-07-05 22:15:00,23.0185,7.0420,10.6596,27.0610,30.4539,40.0468,49.9130,121.6354,344.4331,870.1993,30.9551,606.4423,4.9857,0.4822,200.0000,43.0113,1
2025-07-05 22:20:00,23.1531,7.0074,10.5920,27.0690,30.5523,40.1591,50.0862,118.7967,338.0638,875.3170,30.8380,602.5815,5.0724,0.4831,200.0000,43.0888,1
2025-07-05 22:25:00,22.9943,7.0394,10.6351,27.0700,30.3998,39.7734,50.0150,119.0892,344.4743,868.6179,30.7040,598.6513,5.0269,0.4839,200.0000,43.1663,1
2025-07-05 22:30:00,22.8837,7.0097,10.4978,26.9151,30.3576,39.9719,50.1285,118.5947,342.0947,866.7494,30.2867,583.6382,4.9213,0.4848,200.0000,43.2438,1
2025-07-05 22:35:00,22.8499,7.0188,10.4411,26.7804,30.2366,40.0407,49.9702,115.8236,342.5539,861.9316,29.9947,573.6105,4.9524,0.4857,200.0000,43.3213,1
2025-07-05 22:40:00,22.7267,6.9684,10.5160,26.8384,30.1570,39.9968,50.2327,115.2260,347.8296,864.5831,30.0701,593.9745,5.1549,0.4865,200.0000,43.3988,1
2025-07-05 22:45:00,22.9079,6.9685,10.4024,26.8422,30.2191,39.8873,49.7762,111.7364,343.1519,862.9312,29.9848,573.3520,5.1313,0.4874,200.0000,43.4763,1
2025-07-05 22:50:00,22.8281,7.0612,10.5324,26.8890,30.1395,39.8441,50.1424,114.8149,345.8378,864.8635,29.9850,578.9560,5.0425,0.4883,200.0000,43.5538,1
2025-07-05 22:55:00,22.8745,7.0318,10.4257,26.8690,30.1854,40.0968,50.0178,112.3132,345.0546,860.0277,29.9641,569.6538,5.0720,0.4891,200.0000,43.6313,1
2025-07-05 23:00:00,22.8025,6.9489,10.3035,26.7448,29.9957,39.9092,49.8473,110.5407,345.5205,857.4073,29.9939,560.4302,5.0699,0.4900,200.0000,43.7088,1
2025-07-05 23:05:00,22.6516,7.0090,10.3566,26.6961,29.7403,39.7894,50.2928,107.8476,344.6126,854.8695,29.8850,557.5684,5.1700,0.4909,200.0000,43.7863,1
2025-07-05 23:10:00,22.5844,6.8813,10.1719,26.6529,29.7388,40.1028,50.2773,104.3731,345.2893,852.1476,29.6554,552.3845,5.2924,0.4917,200.0000,43.8638,1
2025-07-05 23:15:00,22.7534,6.9713,10.2316,26.8259,29.8953,40.0551,49.6889,102.3166,349.4375,852.5598,29.9354,546.6622,5.3428,0.4926,200.0000,43.9413,1
2025-07-05 23:20:00,22.5740,7.0481,10.1135,26.5965,29.6272,39.9861,50.0265,98.6882,348.8281,845.7706,29.6462,513.0942,5.1991,0.4935,200.0000,44.0188,1
2025-07-05 23:25:00,22.6783,6.9937,10.2246,26.6634,29.6125,39.8903,50.1058,101.5473,345.9171,846.6338,29.7994,539.4911,5.3127,0.4944,200.0000,44.0963,1
2025-07-05 23:30:00,22.6676,7.0059,10.1700,26.6223,29.6123,39.9864,50.0663,100.4019,344.9538,844.9725,29.7846,529.6112,5.2749,0.4952,200.0000,44.1738,1
2025-07-05 23:35:00,22.6001,6.8492,9.9588,26.5292,29.4398,40.1459,50.2273,95.0614,346.7395,839.7734,29.4666,522.5798,5.4973,0.4961,200.0000,44.2513,1
2025-07-05 23:40:00,22.3730,6.9804,9.8468,26.3102,29.1502,39.8062,50.1961,92.8222,350.4012,836.7835,29.1050,477.6210,5.1455,0.4970,200.0000,44.3288,1
2025-07-05 23:45:00,22.2114,7.0169,9.9040,26.1940,29.0878,39.8123,50.0398,92.0385,350.8453,827.6989,29.0408,481.1523,5.2277,0.4978,200.0000,44.4063,1
2025-07-05 23:50:00,22.0667,7.0233,9.8073,26.1024,28.7746,39.9247,50.3416,91.1232,350.2057,822.9920,28.8725,465.2841,5.1061,0.4987,200.0000,44.4838,1
2025-07-05 23:55:00,22.0314,7.0481,9.9122,26.1195,28.7780,39.9968,50.1405,87.9094,346.2555,820.6360,28.7585,479.5279,5.4548,0.4996,200.0000,44.5613,1
2025-07-06 00:00:00,22.0829,6.9895,9.8278,26.0588,28.7772,39.9404,49.9473,88.1540,350.9355,822.7281,28.7519,474.5390,5.3831,0.5004,200.0000,44.6387,1
2025-07-06 00:05:00,22.0587,6.9917,9.9023,26.0574,28.7496,40.0771,49.9171,88.3889,351.8087,819.1817,28.7115,488.2861,5.5243,0.5013,200.0000,44.7162,1
2025-07-06 00:10:00,22.0599,6.9334,9.8316,26.0859,28.7220,40.1307,50.1865,87.4848,349.6293,822.1646,28.7035,486.8677,5.5652,0.5022,200.0000,44.7937,1
2025-07-06 00:15:00,21.9530,6.9898,9.8511,25.9663,28.7670,40.0335,49.8811,89.6864,353.1239,823.8487,28.9234,479.5070,5.3465,0.5030,200.0000,44.8712,1
2025-07-06 00:20:00,21.8943,6.9369,9.8292,25.9926,28.6263,40.0673,49.9385,87.7237,346.7652,818.5261,28.8271,485.0964,5.5298,0.5039,200.0000,44.9487,1
2025-07-06 00:25:00,21.9491,6.9076,9.8383,25.9714,28.5683,40.0327,49.9641,84.5156,351.1736,817.8669,28.6400,491.1181,5.8110,0.5048,200.0000,45.0262,1
2025-07-06 00:30:00,21.8765,6.9457,9.7865,25.8950,28.3716,40.0011,50.0533,85.1269,347.8639,819.4220,28.3633,475.6651,5.5877,0.5056,200.0000,45.1037,1
2025-07-06 00:35:00,21.6671,7.0754,9.6797,25.7352,28.3318,39.8448,49.9710,83.8430,352.3398,811.9712,28.3414,434.3633,5.1807,0.5065,200.0000,45.1812,1
2025-07-06 00:40:00,21.7138,6.9865,9.8534,25.6559,28.3151,39.8766,49.8025,82.1808,351.1182,807.4716,28.2508,478.5648,5.8233,0.5074,200.0000,45.2587,1
2025-07-06 00:45:00,21.6622,7.0110,9.7093,25.6942,28.2596,39.8379,50.1743,81.7248,353.8970,807.7209,28.2949,449.9730,5.5060,0.5083,200.0000,45.3362,1
2025-07-06 00:50:00,21.5662,6.9743,9.6690,25.5844,28.1248,39.9822,49.9393,81.5501,351.5607,806.2086,28.0912,451.0018,5.5304,0.5091,200.0000,45.4137,1
2025-07-06 00:55:00,21.5677,6.9105,9.5933,25.4688,28.0582,40.0279,50.3030,80.5347,349.3960,805.1191,27.9898,449.5304,5.5818,0.5100,200.0000,45.4912,1
2025-07-06 01:00:00,21.5051,7.0468,9.7405,25.5314,27.9915,39.8261,50.0456,79.7180,349.4382,805.3877,28.0604,449.0690,5.6332,0.5109,200.0000,45.5687,1
2025-07-06 01:05:00,21.4724,6.8914,9.7612,25.4616,28.0221,40.0087,50.1901,82.7462,349.5260,805.5826,28.1390,480.6329,5.8085,0.5117,200.0000,45.6462,1
2025-07-06 01:10:00,21.5284,6.9723,9.6969,25.3883,27.9495,39.8950,50.0946,81.3289,349.5388,806.3739,28.0612,455.0209,5.5948,0.5126,200.0000,45.7237,1
2025-07-06 01:15:00,21.4790,6.9973,9.6439,25.6083,28.1374,39.8717,50.1973,80.6814,353.4862,802.8102,28.0045,441.7354,5.4751,0.5135,200.0000,45.8012,1
2025-07-06 01:20:00,21.2991,7.0115,9.6313,25.3532,27.9020,39.9250,50.0856,81.1109,353.3764,800.7869,27.8082,437.8357,5.3980,0.5143,200.0000,45.8787,1
2025-07-06 01:25:00,21.4000,6.9637,9.6545,25.3814,27.9094,39.8655,50.0353,80.3165,347.7249,804.1316,27.9626,449.0331,5.5908,0.5152,200.0000,45.9562,1
2025-07-06 01:30:00,21.5033,6.9081,9.7651,25.4745,28.2072,40.0728,50.1640,82.4651,350.2211,808.6468,28.2058,479.2526,5.8116,0.5161,200.0000,46.0337,1
2025-07-06 01:35:00,21.4226,6.9599,9.7185,25.6148,28.0551,39.9798,50.3729,79.7202,350.7300,806.9703,28.0875,461.6608,5.7910,0.5169,200.0000,46.1112,1
2025-07-06 01:40:00,21.5136,6.9626,9.6363,25.6152,28.0244,40.0978,49.9595,79.2887,349.3645,800.2274,28.0461,448.7806,5.6601,0.5178,200.0000,46.1887,1
2025-07-06 01:45:00,21.4297,6.9613,9.6329,25.5074,27.9399,39.9468,50.1192,78.0909,352.3231,801.6430,27.7194,446.7240,5.7206,0.5187,200.0000,46.2662,1
2025-07-06 01:50:00,21.5234,7.0485,9.5501,25.5502,27.7941,39.9513,49.9992,77.1730,354.6296,800.7933,27.6369,418.3593,5.4211,0.5195,200.0000,46.3437,1
2025-07-06 01:55:00,21.4925,6.9393,9.5681,25.5357,27.9090,40.2248,50.0759,77.9836,353.1649,804.0352,27.8407,442.6285,5.6759,0.5204,200.0000,46.4212,1
2025-07-06 02:00:00,21.4015,7.0150,9.5403,25.4594,27.7879,39.8052,50.0063,76.0472,354.5994,800.7084,27.8487,420.7702,5.5330,0.5213,200.0000,46.4987,1
2025-07-06 02:05:00,21.4901,7.0079,9.4311,25.4771,27.8263,40.1541,49.6763,75.8238,350.7300,799.4038,27.8857,407.2938,5.3716,0.5222,200.0000,46.5762,1
2025-07-06 02:10:00,21.5375,7.0480,9.5708,25.5283,27.9335,40.1985,49.9700,76.7556,351.7384,802.5964,27.9663,424.5116,5.5307,0.5230,200.0000,46.6537,1
2025-07-06 02:15:00,21.2773,6.9933,9.4493,25.3525,27.6917,40.0919,50.1499,76.4396,350.4070,799.4811,27.6554,412.1742,5.3922,0.5239,200.0000,46.7312,1
2025-07-06 02:20:00,21.3587,7.0396,9.3971,25.3463,27.6832,39.9603,49.8852,71.9622,353.0679,798.0141,27.7094,394.3501,5.4800,0.5248,200.0000,46.8087,1
2025-07-06 02:25:00,21.2099,6.9914,9.3374,25.3577,27.6700,40.1712,50.1381,72.1231,353.3322,794.6158,27.6936,394.5023,5.4698,0.5256,200.0000,46.8862,1
2025-07-06 02:30:00,21.3271,7.0217,9.5157,25.4546,27.7757,39.9614,50.0275,74.7398,353.8748,802.7094,27.8522,417.1822,5.5818,0.5265,200.0000,46.9637,1
2025-07-06 02:35:00,21.3121,6.9249,9.6116,25.3389,27.7362,39.9153,49.9713,76.1545,354.5263,796.7436,27.9555,448.9138,5.8948,0.5274,200.0000,47.0412,1
2025-07-06 02:40:00,21.3534,6.8681,9.5247,25.3341,27.7416,39.9534,50.1359,74.3409,353.2818,795.7016,27.8344,444.3074,5.9766,0.5282,200.0000,47.1187,1
2025-07-06 02:45:00,21.3159,7.0189,9.6434,25.3870,27.9171,39.9316,50.1022,77.7810,349.5112,801.1871,28.0174,438.7032,5.6402,0.5291,200.0000,47.1962,1
2025-07-06 02:50:00,21.3966,7.0216,9.7652,25.3898,27.9289,39.8864,50.0631,77.6527,348.2245,803.1153,28.3043,458.0965,5.8993,0.5300,200.0000,47.2737,1
2025-07-06 02:55:00,21.3956,7.0238,9.6145,25.3910,27.8784,40.1332,50.1524,78.4179,352.4128,797.9568,28.2129,435.2339,5.5502,0.5308,200.0000,47.3512,1
2025-07-06 03:00:00,21.3053,6.9738,9.5467,25.3542,27.6375,39.9072,50.0305,78.3064,354.4516,797.7553,28.0805,429.8122,5.4889,0.5317,200.0000,47.4287,1
2025-07-06 03:05:00,21.2521,7.0745,9.4598,25.2082,27.5044,39.9964,49.7533,74.6762,352.1831,795.1643,27.8244,399.3554,5.3478,0.5326,200.0000,47.5062,1
2025-07-06 03:10:00,21.2552,6.9770,9.5266,25.2360,27.5912,39.8267,49.9433,75.7734,348.8821,795.7394,27.8739,425.0595,5.6096,0.5334,200.0000,47.5837,1
2025-07-06 03:15:00,21.3511,7.0210,9.5131,25.3200,27.7435,40.0037,49.7293,76.7384,355.9553,797.5736,28.0345,417.3033,5.4380,0.5343,200.0000,47.6612,1
2025-07-06 03:20:00,21.2699,7.0297,9.4669,25.4108,27.6697,39.8613,50.0986,74.9387,353.1809,797.5119,28.0525,406.6643,5.4266,0.5352,200.0000,47.7387,1
2025-07-06 03:25:00,21.2717,7.0859,9.5707,25.3454,27.6958,39.8583,50.1344,75.6231,352.3224,797.6705,27.9587,414.5716,5.4821,0.5361,200.0000,47.8162,1
2025-07-06 03:30:00,21.1890,6.9841,9.5858,25.1973,27.5678,39.9869,50.1413,75.8699,349.5349,797.2973,27.7906,435.4816,5.7398,0.5369,200.0000,47.8937,1
2025-07-06 03:35:00,21.1541,6.9673,9.5297,25.1152,27.5893,40.1268,50.0734,77.0301,351.2569,796.5183,27.7540,430.4099,5.5876,0.5378,200.0000,47.9712,1
2025-07-06 03:40:00,21.1839,6.9251,9.6746,25.1628,27.7711,40.0528,50.1452,80.9965,351.7381,803.2944,28.0568,460.9860,5.6914,0.5387,200.0000,48.0487,1
2025-07-06 03:45:00,21.2576,7.0776,9.7446,25.2149,27.8656,40.0611,49.7635,83.0734,350.9364,801.3767,28.0005,447.2334,5.3836,0.5395,200.0000,48.1262,1
2025-07-06 03:50:00,21.2030,7.0211,9.7988,25.1718,27.7185,39.9844,49.9839,82.6412,348.5618,802.1283,27.9273,464.9170,5.6257,0.5404,200.0000,48.2036,1
2025-07-06 03:55:00,21.1450,7.0227,9.8348,25.1999,27.8271,39.9597,49.7878,81.8209,349.7342,807.6357,27.9988,470.3906,5.7490,0.5413,200.0000,48.2811,1
2025-07-06 04:00:00,21.2349,7.1558,9.8799,25.2116,27.6948,40.0949,49.9463,81.0610,348.8894,801.2876,27.9837,457.1916,5.6401,0.5421,200.0000,48.3586,1
2025-07-06 04:05:00,21.3860,7.0163,9.6992,25.3919,27.8501,39.9324,50.2424,82.2406,353.6345,804.7730,28.0219,448.4767,5.4532,0.5430,200.0000,48.4361,1
2025-07-06 04:10:00,21.4202,6.9349,9.7057,25.4584,28.0064,40.1001,50.1640,83.3857,352.0626,806.2064,28.1652,465.1124,5.5778,0.5439,200.0000,48.5136,1
2025-07-06 04:15:00,21.5324,6.9902,9.7557,25.5124,28.1223,40.1483,50.0993,82.5817,349.2258,807.7950,28.0748,464.7797,5.6281,0.5447,200.0000,48.5911,1
2025-07-06 04:20:00,21.4703,6.9513,9.6405,25.4290,27.9650,39.8990,49.9728,83.5452,348.3675,807.7573,27.8903,449.1464,5.3761,0.5456,200.0000,48.6686,1
2025-07-06 04:25:00,21.5196,6.9802,9.6908,25.7178,28.0990,39.9167,49.8510,80.9979,351.0668,812.3013,28.1832,452.9140,5.5917,0.5465,200.0000,48.7461,1
2025-07-06 04:30:00,21.7122,6.9799,9.7007,25.6752,28.2651,39.9345,50.0281,83.4824,349.3294,813.9994,28.5416,454.8276,5.4482,0.5474,200.0000,48.8236,1
2025-07-06 04:35:00,21.8139,6.9706,9.6333,25.8132,28.4220,39.8240,50.1666,86.1719,349.1216,817.5504,28.5863,443.8743,5.1510,0.5482,200.0000,48.9011,1
2025-07-06 04:40:00,21.9504,6.9303,9.7798,25.9901,28.5509,39.9437,50.0615,86.7646,347.6113,819.7437,28.7812,476.4379,5.4912,0.5491,200.0000,48.9786,1
2025-07-06 04:45:00,21.9288,7.0796,9.7544,25.9102,28.6482,40.1562,49.7621,85.9175,347.9425,819.7898,28.7225,449.6171,5.2331,0.5500,200.0000,49.0561,1
2025-07-06 04:50:00,22.0511,7.0149,9.7848,26.0874,28.6534,39.8745,50.0157,85.3414,350.6418,820.3242,28.8136,462.3349,5.4175,0.5508,200.0000,49.1336,1
2025-07-06 04:55:00,22.1135,6.9887,9.7771,26.0827,28.7220,40.1590,49.7130,86.2704,349.3214,826.8322,28.7806,468.7398,5.4334,0.5517,200.0000,49.2111,1
2025-07-06 05:00:00,22.1397,7.0379,9.7880,26.0962,28.8277,39.9480,50.1206,90.6835,354.2351,831.0210,28.9365,459.8792,5.0713,0.5526,200.0000,49.2886,1
2025-07-06 05:05:00,22.0763,7.0236,9.9426,26.0899,28.8965,40.2537,49.8960,93.8221,349.5630,831.4264,29.1573,491.8651,5.2425,0.5534,200.0000,49.3661,1
2025-07-06 05:10:00,22.0801,7.0138,9.8476,25.9798,28.9273,39.9182,49.8165,91.5592,346.0988,832.2186,29.1341,473.5247,5.1718,0.5543,200.0000,49.4436,1
2025-07-06 05:15:00,22.0918,7.0342,9.8100,26.2371,28.9581,39.9827,50.1227,90.1028,346.0069,832.2784,28.9990,464.5645,5.1559,0.5552,200.0000,49.5211,1
2025-07-06 05:20:00,22.1730,7.0067,9.9053,26.2574,28.9090,39.8908,50.0839,88.5689,349.8495,832.4921,28.8382,484.0179,5.4649,0.5560,200.0000,49.5986,1
2025-07-06 05:25:00,22.1108,7.0335,9.9879,26.2532,29.1290,39.9175,50.0349,96.2234,347.2110,839.7661,29.2001,493.6553,5.1303,0.5569,200.0000,49.6761,1
2025-07-06 05:30:00,22.2831,7.0377,10.0383,26.1680,29.1277,40.1606,50.3288,94.7546,350.7344,835.5015,29.4036,504.4412,5.3237,0.5578,200.0000,49.7536,1
2025-07-06 05:35:00,22.1881,7.0081,9.9530,26.2091,29.2004,40.0569,50.0952,98.0288,348.1458,838.9177,29.5354,493.7955,5.0373,0.5586,200.0000,49.8311,1
2025-07-06 05:40:00,22.3482,6.9890,10.0213,26.4110,29.2240,40.1235,49.9033,96.2365,343.7652,840.2804,29.6083,509.3026,5.2922,0.5595,200.0000,49.9086,1
2025-07-06 05:45:00,22.2679,7.0765,10.0410,26.4569,29.1561,39.8421,50.0779,95.3382,345.4329,841.5644,29.3967,494.4079,5.1858,0.5604,200.0000,49.9861,1
2025-07-06 05:50:00,22.4026,6.9761,10.0688,26.4323,29.2948,40.0786,49.9571,98.6524,346.4827,838.7798,29.3240,518.8514,5.2594,0.5613,200.0000,50.0636,1
2025-07-06 05:55:00,22.2999,7.0196,10.0902,26.4119,29.3179,39.8834,50.1900,97.4199,348.4236,845.6166,29.1514,512.6446,5.2622,0.5621,200.0000,50.1411,1
2025-07-06 06:00:00,22.3928,7.0207,10.0971,26.4223,29.3933,39.8395,50.0421,96.7305,345.3646,845.0708,29.4314,513.0400,5.3038,0.5630,200.0000,50.2186,1
2025-07-06 06:05:00,22.4350,6.9695,10.1936,26.3091,29.3299,40.0287,50.0570,100.6397,347.3504,848.3482,29.4438,540.2208,5.3679,0.5639,200.0000,50.2961,1
2025-07-06 06:10:00,22.4927,6.9596,10.0749,26.4567,29.3485,40.0274,49.7836,100.8719,344.5639,845.3068,29.2697,521.9787,5.1747,0.5647,200.0000,50.3736,1
2025-07-06 06:15:00,22.5305,6.9823,10.1739,26.4261,29.3198,40.0064,50.0092,99.4103,347.1344,846.6113,29.4674,534.4816,5.3765,0.5656,200.0000,50.4511,1
2025-07-06 06:20:00,22.5599,6.9754,10.0167,26.4825,29.3878,40.0861,49.9916,98.3196,348.1771,849.1703,29.4404,510.3388,5.1906,0.5665,200.0000,50.5286,1
2025-07-06 06:25:00,22.5630,6.9271,10.0882,26.5495,29.5918,40.1048,49.8464,101.6361,349.7555,854.3235,29.6762,530.6823,5.2214,0.5673,200.0000,50.6061,1
2025-07-06 06:30:00,22.6851,6.9674,10.2065,26.6979,29.6191,40.1764,49.9668,101.4209,347.1045,852.7364,29.8236,544.7367,5.3710,0.5682,200.0000,50.6836,1
2025-07-06 06:35:00,22.6798,7.0133,10.0748,26.6848,29.7357,39.8572,50.0654,101.2808,345.1346,850.4731,29.6197,510.7882,5.0433,0.5691,200.0000,50.7611,1
2025-07-06 06:40:00,22.7526,7.0633,10.2599,26.7296,29.7466,40.1802,49.9993,106.9619,349.0854,854.7555,29.7105,537.6487,5.0265,0.5699,200.0000,50.8386,1
2025-07-06 06:45:00,22.7087,7.0277,10.2146,26.7395,29.7818,40.2259,49.7882,104.2915,345.9116,858.5840,29.7983,536.6277,5.1455,0.5708,200.0000,50.9161,1
2025-07-06 06:50:00,22.7560,6.8700,10.2948,26.7084,29.8396,39.9561,49.9590,104.8864,347.5647,862.9679,29.9880,572.8103,5.4612,0.5717,200.0000,50.9936,1
2025-07-06 06:55:00,22.8521,7.0321,10.2829,26.8104,30.0476,39.7998,49.9298,107.2778,344.4241,860.9108,30.2665,541.5978,5.0486,0.5725,200.0000,51.0711,1
2025-07-06 07:00:00,22.9895,6.9721,10.3514,26.9462,30.1543,39.8340,50.0290,111.7224,345.3164,868.5768,30.5702,563.4797,5.0436,0.5734,200.0000,51.1486,1
2025-07-06 07:05:00,22.9936,7.0227,10.4400,26.8987,30.2641,39.9446,50.0128,111.2317,342.9911,870.7770,30.6254,571.4055,5.1371,0.5743,200.0000,51.2261,1
2025-07-06 07:10:00,22.9849,6.9993,10.3569,26.9887,30.2729,40.2417,49.9383,112.6815,345.4391,875.5576,30.7621,565.5942,5.0194,0.5752,200.0000,51.3036,1
2025-07-06 07:15:00,22.9292,6.9904,10.3539,26.9423,30.2897,40.0020,49.9324,114.8062,346.4086,875.8620,30.7025,563.2274,4.9059,0.5760,200.0000,51.3811,1
2025-07-06 07:20:00,23.1018,6.9949,10.4141,27.0494,30.3128,39.9259,50.0101,114.5211,343.8021,872.8987,30.8283,571.4538,4.9899,0.5769,200.0000,51.4586,1
2025-07-06 07:25:00,23.1800,6.9989,10.3807,27.0886,30.2962,39.9178,50.1444,112.8821,343.7573,874.4588,30.9352,565.0835,5.0060,0.5778,200.0000,51.5361,1
2025-07-06 07:30:00,23.1447,7.0672,10.4416,27.0577,30.3600,39.8413,50.0418,117.0354,344.9182,879.1071,31.0035,562.7670,4.8085,0.5786,200.0000,51.6136,1
2025-07-06 07:35:00,23.1217,6.9990,10.5954,27.1730,30.6364,40.1049,50.2135,122.8077,341.4288,881.7096,31.3417,603.7600,4.9163,0.5795,200.0000,51.6911,1
2025-07-06 07:40:00,23.2052,7.0543,10.6826,27.3367,30.7075,39.9890,50.1700,121.7436,340.0157,887.2421,31.2052,607.3617,4.9889,0.5804,200.0000,51.7685,1
2025-07-06 07:45:00,23.3517,7.0470,10.6108,27.2772,30.8366,40.2520,50.2245,124.3573,343.5123,887.0543,31.3692,600.4840,4.8287,0.5812,200.0000,51.8460,1
2025-07-06 07:50:00,23.3992,7.0334,10.7242,27.3535,30.9060,40.0754,50.2053,129.9921,341.6536,893.4089,31.2130,619.1597,4.7631,0.5821,200.0000,51.9235,1
2025-07-06 07:55:00,23.3418,6.9107,10.7162,27.4077,31.1255,40.0996,50.2344,129.4877,341.1735,899.9357,31.3879,638.7783,4.9331,0.5830,200.0000,52.0010,1
2025-07-06 08:00:00,23.5005,7.0558,10.7386,27.5613,31.1146,39.9709,49.8270,129.2235,342.9690,898.1058,31.1596,616.1909,4.7684,0.5838,200.0000,52.0785,1
2025-07-06 08:05:00,23.5230,6.9771,10.8495,27.5280,31.1506,39.8691,50.0971,132.2356,342.6297,903.3548,31.3597,646.2693,4.8873,0.5847,200.0000,52.1560,1
2025-07-06 08:10:00,23.5127,7.0358,10.8725,27.4479,31.1432,39.8952,50.1827,132.4008,340.8720,903.2910,31.3172,640.7333,4.8393,0.5856,200.0000,52.2335,1
2025-07-06 08:15:00,23.5765,6.9514,10.7925,27.5970,31.3457,39.8357,50.2099,131.0048,339.3032,898.6378,31.2948,640.5229,4.8893,0.5864,200.0000,52.3110,1
2025-07-06 08:20:00,23.5100,6.9407,10.8319,27.5923,31.2739,40.1092,49.8844,131.0846,340.2961,897.6220,31.4172,653.3106,4.9839,0.5873,200.0000,52.3885,1
2025-07-06 08:25:00,23.6505,7.0988,10.8516,27.6149,31.3560,39.9538,50.0986,132.6165,342.4914,906.3685,31.4523,627.6368,4.7327,0.5882,200.0000,52.4660,1
2025-07-06 08:30:00,23.7831,6.9522,10.8688,27.6609,31.3592,40.1143,50.0113,133.7994,341.6096,909.1292,31.5878,657.6738,4.9154,0.5891,200.0000,52.5435,1
2025-07-06 08:35:00,23.7313,7.0573,10.8297,27.7976,31.3529,40.0163,50.2771,131.8243,340.5031,906.2477,31.5708,631.9076,4.7936,0.5899,200.0000,52.6210,1
2025-07-06 08:40:00,23.8774,7.0059,10.8907,27.9105,31.5093,39.9649,49.7919,133.0308,339.7758,910.8845,31.7061,649.8918,4.8853,0.5908,200.0000,52.6985,1
2025-07-06 08:45:00,23.8566,6.9790,10.8857,27.8282,31.6587,39.8596,49.8846,135.9920,341.9133,915.7941,31.9288,651.8409,4.7932,0.5917,200.0000,52.7760,1
2025-07-06 08:50:00,23.8551,6.9978,10.8930,27.8823,31.7238,40.0362,49.7284,139.2717,339.7048,918.8609,32.0040,652.8131,4.6873,0.5925,200.0000,52.8535,1
2025-07-06 08:55:00,23.9459,6.9349,11.0973,27.8833,31.8110,39.9738,50.0217,144.6046,340.8044,920.7064,32.2532,696.4827,4.8165,0.5934,200.0000,52.9310,1
2025-07-06 09:00:00,23.9410,6.9993,11.1807,27.8638,31.9235,40.1083,50.3396,147.2286,340.4295,927.1203,32.3193,702.0260,4.7683,0.5943,200.0000,53.0085,1
2025-07-06 09:05:00,24.0484,6.9459,11.3271,27.9306,32.1153,39.9142,49.9933,154.2035,337.1810,931.5500,32.6088,732.0202,4.7471,0.5951,200.0000,53.0860,1
2025-07-06 09:10:00,24.1341,6.9802,11.2743,28.0254,32.1429,40.0739,50.0152,152.1153,340.0157,932.1413,32.5831,720.3310,4.7354,0.5960,200.0000,53.1635,1
2025-07-06 09:15:00,24.1359,7.0463,11.3562,28.1708,32.3896,40.1969,50.0825,155.6653,338.0005,937.4458,32.6551,725.2005,4.6587,0.5969,200.0000,53.2410,1
2025-07-06 09:20:00,24.2291,7.0127,11.2976,28.1846,32.3359,40.0327,49.9826,154.5706,338.1967,937.4757,32.6601,718.0524,4.6455,0.5977,200.0000,53.3185,1
2025-07-06 09:25:00,24.3377,6.9259,11.3253,28.3386,32.5519,40.0942,50.0549,156.9243,332.9024,941.6243,32.9105,738.3776,4.7053,0.5986,200.0000,53.3960,1
2025-07-06 09:30:00,24.3179,7.0426,11.1951,28.4043,32.5698,40.0686,50.0588,156.6860,335.7376,946.0345,32.8955,696.4942,4.4452,0.5995,200.0000,53.4735,1
2025-07-06 09:35:00,24.5236,6.9996,11.3052,28.5265,32.6591,40.2278,49.8732,157.5187,335.6408,944.4873,32.9061,725.0279,4.6028,0.6003,200.0000,53.5510,1
2025-07-06 09:40:00,24.5856,6.9729,11.3519,28.5886,32.8468,40.0446,49.9859,161.9365,336.1136,953.7044,33.1976,734.0416,4.5329,0.6012,200.0000,53.6285,1
2025-07-06 09:45:00,24.6529,7.0373,11.4146,28.6105,33.0547,40.0840,50.1113,164.5316,336.7823,958.0403,33.3861,734.4714,4.4640,0.6021,200.0000,53.7060,1
2025-07-06 09:50:00,24.7584,6.9916,11.3867,28.7909,32.9925,39.9956,50.1393,163.8073,337.0254,957.3836,33.4773,735.8342,4.4921,0.6030,200.0000,53.7835,1
2025-07-06 09:55:00,24.7507,6.9417,11.3824,28.7495,33.0016,39.9071,50.1948,160.6461,337.4896,957.5172,33.4092,741.8163,4.6177,0.6038,200.0000,53.8610,1
2025-07-06 10:00:00,24.8628,7.0924,11.3851,28.8373,33.0584,39.8550,50.0503,165.1342,335.2973,960.1564,33.7558,716.1610,4.3368,0.6047,200.0000,53.9385,1
2025-07-06 10:05:00,24.9305,6.9991,11.4839,29.0077,33.1625,40.1520,50.0534,166.0735,337.6699,962.3255,33.9383,753.7833,4.5389,0.6056,200.0000,54.0160,1
2025-07-06 10:10:00,25.0284,6.9959,11.3262,28.9641,33.3711,39.8790,50.1125,169.8752,339.7031,968.7801,34.1479,722.8662,4.2553,0.6064,200.0000,54.0935,1
2025-07-06 10:15:00,25.1061,6.9797,11.4836,28.9464,33.4145,40.0895,49.9108,167.8393,335.2837,969.4379,34.1544,755.8078,4.5032,0.6073,200.0000,54.1710,1
2025-07-06 10:20:00,25.1620,7.0590,11.5145,29.1187,33.5400,40.0499,49.9046,168.9445,334.8212,975.3989,34.0207,746.9631,4.4214,0.6082,200.0000,54.2485,1
2025-07-06 10:25:00,25.1540,6.9738,11.5953,29.2141,33.6641,40.1101,49.9813,170.8571,334.3972,975.3739,34.2097,775.9538,4.5415,0.6090,200.0000,54.3260,1
2025-07-06 10:30:00,25.2257,6.9228,11.5556,29.2126,33.7410,39.9382,49.8087,170.0352,335.8002,974.5079,34.3674,774.5270,4.5551,0.6099,200.0000,54.4035,1
2025-07-06 10:35:00,25.1863,6.9661,11.5937,29.1422,33.6347,39.9051,50.0610,172.1725,334.6547,976.0425,34.3140,773.0083,4.4897,0.6108,200.0000,54.4810,1
2025-07-06 10:40:00,25.4108,7.0663,11.5933,29.2553,33.8855,40.0454,50.1574,173.9491,331.6400,980.1333,34.6610,758.8554,4.3625,0.6116,200.0000,54.5585,1
2025-07-06 10:45:00,25.5690,7.0416,11.6236,29.4842,34.0745,39.9649,49.8935,178.4171,331.8773,988.9679,34.8670,766.5441,4.2964,0.6125,200.0000,54.6360,1
2025-07-06 10:50:00,25.7694,6.9872,11.6537,29.6755,34.2810,39.8523,50.0653,181.2117,336.8010,994.6024,34.9554,778.4708,4.2959,0.6134,200.0000,54.7135,1
2025-07-06 10:55:00,25.8226,7.0687,11.6298,29.8297,34.2743,40.2326,49.9056,180.0626,337.3027,995.3811,35.1266,768.1569,4.2661,0.6142,200.0000,54.7910,1
2025-07-06 11:00:00,25.8713,7.0374,11.5863,29.8552,34.5210,39.9050,49.8475,179.8397,337.9750,997.1885,35.0628,759.8641,4.2252,0.6151,200.0000,54.8685,1
2025-07-06 11:05:00,25.8547,6.9867,11.6538,29.8864,34.4867,39.8808,50.3083,184.5347,334.7946,1007.3533,35.1963,779.1264,4.2221,0.6160,200.0000,54.9460,1
2025-07-06 11:10:00,25.9696,6.9917,11.7200,29.9425,34.7732,39.9709,49.8497,188.8001,331.5917,1008.7407,35.4839,791.1262,4.1903,0.6169,200.0000,55.0235,1
2025-07-06 11:15:00,25.9786,7.0165,11.8238,29.9867,34.7469,40.1503,49.8081,189.7677,332.5229,1008.5681,35.7003,807.9726,4.2577,0.6177,200.0000,55.1010,1
2025-07-06 11:20:00,26.0249,6.9584,11.8264,30.0156,34.7421,39.7400,50.0322,193.1689,330.1891,1010.6731,35.8201,809.8021,4.1922,0.6186,200.0000,55.1785,1
2025-07-06 11:25:00,26.0379,7.0002,11.7877,30.0245,34.7865,40.1404,50.0403,189.6883,330.2727,1012.0280,35.6012,804.4322,4.2408,0.6195,200.0000,55.2560,1
2025-07-06 11:30:00,26.0923,7.0154,11.9119,30.0552,35.0521,39.8906,50.1001,197.7401,332.7697,1016.8479,35.7140,817.6300,4.1349,0.6203,200.0000,55.3334,1
2025-07-06 11:35:00,26.0170,6.9157,11.9015,30.0480,34.9603,40.0317,50.3002,195.6842,333.8473,1013.2624,35.6768,835.4997,4.2696,0.6212,200.0000,55.4109,1
2025-07-06 11:40:00,26.0972,6.9905,11.9207,30.0797,34.9454,39.9189,49.8834,194.3169,336.6429,1017.9087,35.6591,823.8355,4.2396,0.6221,200.0000,55.4884,1
2025-07-06 11:45:00,26.2899,6.9848,11.8592,30.1809,35.0597,40.2390,49.9132,199.6282,332.2885,1021.8982,36.0132,821.0413,4.1129,0.6229,200.0000,55.5659,1
2025-07-06 11:50:00,26.3202,7.0514,11.8284,30.2619,35.1420,40.0150,50.2413,196.7628,329.9222,1021.9553,36.2094,800.1570,4.0666,0.6238,200.0000,55.6434,1
2025-07-06 11:55:00,26.2678,6.9078,11.9085,30.3906,35.1008,39.9150,50.1409,196.1857,332.6494,1019.7862,36.0921,835.5395,4.2589,0.6247,200.0000,55.7209,1
2025-07-06 12:00:00,26.2536,6.9809,11.7602,30.1915,35.1065,39.9639,50.1200,194.3549,332.5821,1018.6385,36.0621,799.5192,4.1137,0.6255,200.0000,55.7984,1
2025-07-06 12:05:00,26.3379,6.9759,11.9191,30.3221,35.2360,40.0108,49.9115,197.1454,331.6641,1023.7422,36.4995,827.9020,4.1994,0.6264,200.0000,55.8759,1
2025-07-06 12:10:00,26.3882,7.0480,12.0285,30.3915,35.2185,40.0213,50.1689,200.0973,332.8876,1027.3202,36.6498,834.3835,4.1699,0.6273,200.0000,55.9534,1
2025-07-06 12:15:00,26.3453,6.9978,12.0730,30.3065,35.3065,40.0527,50.1205,202.6130,329.4179,1029.4036,36.7989,850.9065,4.1997,0.6281,200.0000,56.0309,1
2025-07-06 12:20:00,26.5003,7.0898,12.0755,30.4272,35.3774,39.9998,50.0284,206.2321,331.7375,1036.9792,36.8911,834.8076,4.0479,0.6290,200.0000,56.1084,1
2025-07-06 12:25:00,26.4457,7.0331,12.1078,30.4208,35.4885,39.8347,49.9123,206.7650,332.5114,1038.5852,37.0165,846.1904,4.0925,0.6299,200.0000,56.1859,1
2025-07-06 12:30:00,26.4184,6.9795,12.1421,30.3735,35.4013,39.9592,50.0160,203.9065,334.3886,1036.4752,36.7684,863.5377,4.2350,0.6308,200.0000,56.2634,1
2025-07-06 12:35:00,26.3738,7.0120,11.8852,30.4989,35.4944,40.0728,50.2473,205.4950,332.3891,1032.2975,36.9529,817.4545,3.9780,0.6316,200.0000,56.3409,1
2025-07-06 12:40:00,26.3896,6.9823,12.0182,30.5044,35.4799,39.9196,49.8359,205.2261,333.5402,1037.4541,36.9184,841.5187,4.1004,0.6325,200.0000,56.4184,1
2025-07-06 12:45:00,26.4699,7.0430,12.0438,30.4789,35.3455,40.0807,49.8800,204.0929,330.8850,1032.6375,36.8361,839.0247,4.1110,0.6334,200.0000,56.4959,1
2025-07-06 12:50:00,26.3848,6.9334,11.9758,30.3578,35.3259,40.0038,49.9058,202.8331,331.2337,1032.6125,36.6129,844.3742,4.1629,0.6342,200.0000,56.5734,1
2025-07-06 12:55:00,26.1340,6.9588,11.9969,30.3510,35.2338,39.9739,49.9384,199.6879,334.9975,1028.6726,36.5384,843.0277,4.2217,0.6351,200.0000,56.6509,1
2025-07-06 13:00:00,26.3543,7.0228,11.9487,30.3229,35.1551,40.1433,49.9976,201.9658,329.4335,1026.9578,36.4809,827.7436,4.0984,0.6360,200.0000,56.7284,1
2025-07-06 13:05:00,26.5173,7.0613,11.9629,30.4288,35.3433,39.7914,50.1438,201.3233,331.3252,1032.2285,36.5906,816.4445,4.0554,0.6368,200.0000,56.8059,1
2025-07-06 13:10:00,26.3443,6.8899,11.8928,30.4017,35.4116,39.9190,50.0692,198.4890,334.7849,1030.1853,36.6685,835.9893,4.2118,0.6377,200.0000,56.8834,1
2025-07-06 13:15:00,26.5290,7.0687,11.9417,30.4999,35.3080,40.1479,50.0091,201.9728,331.6173,1028.8280,36.6051,818.9508,4.0548,0.6386,200.0000,56.9609,1
2025-07-06 13:20:00,26.4170,6.9930,11.9243,30.5659,35.4805,40.2196,50.0415,201.4278,331.5974,1034.3085,36.7599,830.2283,4.1217,0.6394,200.0000,57.0384,1
2025-07-06 13:25:00,26.6987,6.9058,11.9623,30.6496,35.5746,40.2743,50.0936,201.6426,331.6609,1038.9376,36.7153,852.4691,4.2276,0.6403,200.0000,57.1159,1
2025-07-06 13:30:00,26.6585,6.8499,11.9416,30.5954,35.6327,40.0060,49.7477,203.5997,332.1745,1039.4903,36.7751,852.6796,4.1880,0.6412,200.0000,57.1934,1
2025-07-06 13:35:00,26.5872,6.9235,12.0603,30.7078,35.6516,40.0549,50.1607,207.8149,333.8550,1042.7423,36.7258,861.2846,4.1445,0.6421,200.0000,57.2709,1
2025-07-06 13:40:00,26.7191,6.9990,12.1012,30.6022,35.6801,40.0981,49.8760,209.9480,333.0867,1042.7706,36.8327,856.4080,4.0791,0.6429,200.0000,57.3484,1
2025-07-06 13:45:00,26.7749,6.9967,12.1309,30.6882,35.7114,40.1530,49.9335,209.4337,331.2027,1045.7880,36.7598,862.9557,4.1204,0.6438,200.0000,57.4259,1
2025-07-06 13:50:00,26.6971,7.0317,12.0573,30.6508,35.8479,40.0376,50.0511,212.6860,333.0643,1045.8545,36.8618,842.2770,3.9602,0.6447,200.0000,57.5034,1
2025-07-06 13:55:00,26.7587,6.9725,12.0791,30.7438,35.8381,40.1111,49.9887,213.2727,331.1634,1049.5168,37.0428,857.4177,4.0203,0.6455,200.0000,57.5809,1
2025-07-06 14:00:00,26.8016,6.9446,12.1027,30.9162,35.8921,40.0552,50.0730,213.3090,332.6835,1048.3872,36.9914,864.8644,4.0545,0.6464,200.0000,57.6584,1
2025-07-06 14:05:00,26.8067,6.9793,12.3551,30.9284,36.2171,40.0627,50.0213,219.8053,328.0573,1058.9344,37.4169,901.5298,4.1015,0.6473,200.0000,57.7359,1
2025-07-06 14:10:00,26.9546,7.0017,12.3375,30.9924,36.1651,39.8898,49.9566,224.5954,333.0838,1061.5113,37.4655,890.9743,3.9670,0.6481,200.0000,57.8134,1
2025-07-06 14:15:00,26.9111,7.0115,12.1631,30.8558,36.0301,39.9605,50.2293,218.0040,330.7080,1054.6704,37.2994,861.7256,3.9528,0.6490,200.0000,57.8909,1
2025-07-06 14:20:00,26.8591,6.9605,12.2219,30.8589,36.0553,39.9373,50.1062,217.8907,324.6930,1058.2370,37.1987,879.5766,4.0368,0.6499,200.0000,57.9684,1
2025-07-06 14:25:00,26.7132,7.0451,12.1915,30.9055,36.0144,39.8573,50.0453,216.2136,333.8696,1053.2908,37.1147,858.6479,3.9713,0.6507,200.0000,58.0459,1
2025-07-06 14:30:00,26.6624,6.9689,12.1145,30.7016,35.8504,39.8018,50.1039,215.4733,330.3405,1054.0292,37.1683,857.3010,3.9787,0.6516,200.0000,58.1234,1
2025-07-06 14:35:00,26.7986,6.9565,12.2277,30.8010,35.9615,39.9492,49.8942,214.9545,329.7270,1054.0464,37.2574,881.4913,4.1008,0.6525,200.0000,58.2009,1
2025-07-06 14:40:00,26.8224,6.9729,12.0988,30.9355,36.0194,39.9683,50.3262,212.6875,329.7200,1052.1470,37.1347,857.6060,4.0322,0.6533,200.0000,58.2784,1
2025-07-06 14:45:00,26.9436,7.0537,12.0803,30.9412,36.1172,40.0126,49.8369,213.0922,331.9881,1050.8732,37.0966,841.9073,3.9509,0.6542,200.0000,58.3559,1
2025-07-06 14:50:00,27.0099,6.9934,12.1380,31.0012,36.0887,40.0667,50.0170,214.1106,328.9191,1057.4028,37.0968,862.8594,4.0300,0.6551,200.0000,58.4334,1
2025-07-06 14:55:00,26.8522,6.9653,12.2342,30.9113,36.0770,40.0226,49.9570,215.9403,329.2233,1051.6914,36.8913,882.7315,4.0878,0.6560,200.0000,58.5109,1
2025-07-06 15:00:00,26.9139,7.0463,12.1864,30.8453,36.1234,39.9692,49.9513,219.5920,328.8975,1058.5033,37.0601,859.9948,3.9163,0.6568,200.0000,58.5884,1
2025-07-06 15:05:00,26.9223,7.1071,12.1432,30.9733,36.1560,39.8902,49.9319,220.4448,329.3836,1059.3709,37.1215,840.9308,3.8147,0.6577,200.0000,58.6659,1
2025-07-06 15:10:00,26.8850,7.0105,12.2589,30.8574,36.1950,40.1052,49.8842,219.9765,328.8256,1059.6338,37.0641,881.1043,4.0054,0.6586,200.0000,58.7434,1
2025-07-06 15:15:00,26.8213,7.0617,12.0914,30.8642,35.9811,39.9878,50.1783,218.0549,331.9511,1055.2805,36.7054,841.9207,3.8610,0.6594,200.0000,58.8209,1
2025-07-06 15:20:00,26.7418,7.0518,12.2112,30.8655,36.0417,39.9479,49.8193,220.7069,330.5284,1054.8642,36.6865,862.7727,3.9091,0.6603,200.0000,58.8983,1
2025-07-06 15:25:00,26.8166,6.9697,12.3290,30.7543,36.1195,39.9776,50.1475,223.0331,330.4293,1062.1102,36.8917,896.8488,4.0211,0.6612,200.0000,58.9758,1
2025-07-06 15:30:00,26.8864,7.0013,12.2199,30.8445,36.1416,39.9121,50.0973,217.9562,331.4876,1056.5018,37.0430,871.8802,4.0003,0.6620,200.0000,59.0533,1
2025-07-06 15:35:00,26.9074,6.9359,12.2159,30.8658,36.0507,39.9363,49.9429,216.0429,330.2958,1054.3898,36.9655,882.6802,4.0857,0.6629,200.0000,59.1308,1
2025-07-06 15:40:00,27.0067,6.9898,12.1553,31.0160,36.1105,39.9325,50.0799,216.1341,328.7549,1058.1540,37.0640,863.4610,3.9950,0.6638,200.0000,59.2083,1
2025-07-06 15:45:00,26.9671,6.9687,12.1958,30.9366,35.9742,39.9655,49.9763,211.4707,334.7948,1054.1196,36.7403,874.4788,4.1352,0.6646,200.0000,59.2858,1
2025-07-06 15:50:00,26.8628,6.9799,12.0445,30.8717,36.0361,40.0787,49.8348,211.8900,333.0510,1050.9616,36.5790,849.6861,4.0100,0.6655,200.0000,59.3633,1
2025-07-06 15:55:00,26.9727,6.9625,12.1020,30.8855,36.0442,40.0489,49.8364,213.8465,334.3564,1053.5499,36.9071,861.6057,4.0291,0.6664,200.0000,59.4408,1
2025-07-06 16:00:00,27.0150,6.9856,12.0288,31.0812,36.0635,40.1856,50.0983,211.0108,333.4489,1053.2534,36.6946,848.3517,4.0204,0.6672,200.0000,59.5183,1
2025-07-06 16:05:00,26.9388,7.0266,11.9626,30.9471,35.8446,40.1454,50.0905,201.5327,331.5414,1049.0721,36.4046,829.4931,4.1159,0.6681,200.0000,59.5958,1
2025-07-06 16:10:00,26.8903,6.9940,11.8953,30.8994,35.7590,40.2348,50.0363,200.0338,327.8975,1044.6945,36.3988,825.4793,4.1267,0.6690,200.0000,59.6733,1
2025-07-06 16:15:00,26.8250,6.9068,12.0327,30.8073,35.6901,40.0671,49.9413,203.4299,329.7490,1044.8936,36.4387,859.7291,4.2262,0.6699,200.0000,59.7508,1
2025-07-06 16:20:00,26.7579,6.9627,11.9066,30.7576,35.5980,40.0652,49.9714,203.4665,333.5887,1044.8784,36.0410,829.1638,4.0752,0.6707,200.0000,59.8283,1
2025-07-06 16:25:00,26.7263,6.9240,11.9086,30.7958,35.5752,39.9415,49.9512,197.5746,332.8697,1036.4047,35.7360,833.3892,4.2181,0.6716,200.0000,59.9058,1
2025-07-06 16:30:00,26.5240,7.0122,11.9108,30.4559,35.4098,40.0991,49.7380,200.8804,331.8908,1035.0750,35.6890,822.2553,4.0933,0.6725,200.0000,59.9833,1
2025-07-06 16:35:00,26.5259,7.0252,11.8388,30.5205,35.3269,39.9213,50.0092,196.6895,328.0645,1031.5323,35.5114,804.4063,4.0897,0.6733,200.0000,60.0608,1
2025-07-06 16:40:00,26.5317,7.0128,11.9448,30.4697,35.3602,39.8235,50.0784,200.2430,332.4129,1036.6946,35.6592,822.1685,4.1059,0.6742,200.0000,60.1383,1
2025-07-06 16:45:00,26.5684,6.9606,11.8958,30.5633,35.3953,40.1832,50.0101,197.8449,330.5539,1034.5869,35.7052,830.1370,4.1959,0.6751,200.0000,60.2158,1
2025-07-06 16:50:00,26.6000,7.0123,11.8578,30.5845,35.4821,39.8501,50.2654,198.0405,331.6101,1032.2249,35.7868,808.2837,4.0814,0.6759,200.0000,60.2933,1
2025-07-06 16:55:00,26.6251,6.9765,11.7591,30.6012,35.4765,40.0527,49.8493,193.2752,335.3227,1034.1157,35.5727,801.8539,4.1488,0.6768,200.0000,60.3708,1
2025-07-06 17:00:00,26.4743,6.9431,11.7106,30.5584,35.2373,39.8944,49.9008,190.0442,331.7540,1031.7098,35.5910,796.1699,4.1894,0.6777,200.0000,60.4483,1
2025-07-06 17:05:00,26.5598,7.0371,11.7141,30.4122,35.2700,40.1352,50.0200,190.7206,332.0638,1025.4805,35.5434,785.7642,4.1200,0.6785,200.0000,60.5258,1
2025-07-06 17:10:00,26.5512,7.0409,11.6185,30.5238,35.2153,40.1516,50.0366,188.2289,334.5280,1026.7961,35.3486,769.3744,4.0874,0.6794,200.0000,60.6033,1
2025-07-06 17:15:00,26.5832,7.0474,11.7127,30.5362,35.1673,40.0635,49.7148,187.1407,336.1585,1024.1984,35.3274,782.3829,4.1807,0.6803,200.0000,60.6808,1
2025-07-06 17:20:00,26.4726,6.9696,11.6249,30.4312,35.2404,40.1496,50.0904,188.2183,333.4791,1026.5289,35.1914,782.4064,4.1569,0.6811,200.0000,60.7583,1
2025-07-06 17:25:00,26.5640,7.0590,11.6487,30.5449,35.0662,40.0009,50.0372,185.7578,337.4358,1023.2909,35.1979,768.5282,4.1373,0.6820,200.0000,60.8358,1
2025-07-06 17:30:00,26.5331,6.9753,11.7113,30.5224,35.2560,40.2681,49.6821,187.6183,331.7894,1032.6849,35.3923,798.3111,4.2550,0.6829,200.0000,60.9133,1
2025-07-06 17:35:00,26.5228,7.0327,11.7561,30.5546,35.2649,40.0895,49.9825,189.2990,331.1566,1027.5024,35.4806,792.6663,4.1874,0.6838,200.0000,60.9908,1
2025-07-06 17:40:00,26.5016,6.9745,11.7579,30.5216,35.3690,39.8919,49.8787,196.3057,329.9277,1036.8768,35.8557,798.7692,4.0690,0.6846,200.0000,61.0683,1
2025-07-06 17:45:00,26.4589,6.9888,11.8451,30.5415,35.4361,40.0084,49.9320,196.1698,329.6768,1037.1395,35.8520,813.3162,4.1460,0.6855,200.0000,61.1458,1
2025-07-06 17:50:00,26.5463,6.8789,11.8048,30.5350,35.2325,39.9817,49.7993,192.6798,334.1967,1029.8108,35.7933,824.4096,4.2787,0.6864,200.0000,61.2233,1
2025-07-06 17:55:00,26.5269,6.9849,11.7420,30.5820,35.1571,39.9699,50.0624,189.9827,331.9068,1026.6638,35.8026,795.9379,4.1895,0.6872,200.0000,61.3008,1
2025-07-06 18:00:00,26.4451,7.0046,11.7806,30.4523,35.1591,39.8011,50.2643,189.8845,331.2506,1024.4850,35.7682,795.7215,4.1906,0.6881,200.0000,61.3783,1
2025-07-06 18:05:00,26.3691,6.9795,11.7050,30.4683,35.1860,40.0464,50.0398,191.2293,334.5687,1025.8465,36.0486,792.1591,4.1425,0.6890,200.0000,61.4558,1
2025-07-06 18:10:00,26.4099,7.0878,11.6152,30.4052,35.0569,39.8337,49.6761,190.2544,335.6847,1024.2841,35.8722,754.9129,3.9679,0.6898,200.0000,61.5333,1
2025-07-06 18:15:00,26.2934,6.9419,11.7902,30.3234,34.8276,39.6970,50.0428,192.6034,335.8819,1021.5710,36.0544,805.6607,4.1830,0.6907,200.0000,61.6108,1
2025-07-06 18:20:00,26.2225,6.9718,11.6242,30.3145,34.8637,39.9587,49.9708,185.8763,336.3205,1016.5786,35.6398,778.1910,4.1866,0.6916,200.0000,61.6883,1
2025-07-06 18:25:00,26.2976,6.9548,11.5506,30.2653,34.8288,39.9093,49.8348,184.9665,332.8338,1015.5778,35.7898,767.7897,4.1510,0.6924,200.0000,61.7658,1
2025-07-06 18:30:00,26.2172,6.9718,11.6521,30.1914,34.7965,39.8966,50.0530,186.1719,335.0501,1012.5972,35.9479,781.6462,4.1985,0.6933,200.0000,61.8433,1
2025-07-06 18:35:00,26.2386,7.0516,11.7255,30.1460,34.7758,39.6276,50.1320,185.8318,335.4605,1016.5012,35.7442,775.3126,4.1721,0.6942,200.0000,61.9208,1
2025-07-06 18:40:00,26.0651,7.0739,11.5444,29.9616,34.6217,39.8979,49.8997,182.1483,333.9688,1012.4112,35.5288,746.6297,4.0990,0.6950,200.0000,61.9983,1
2025-07-06 18:45:00,25.9701,6.9650,11.7017,30.0045,34.5548,39.9792,49.7534,180.6148,335.4297,1006.3905,35.4332,792.7095,4.3890,0.6959,200.0000,62.0758,1
2025-07-06 18:50:00,25.8743,6.9638,11.4313,29.8277,34.3044,39.9239,49.6982,173.5923,333.4939,1002.5853,35.3460,746.6112,4.3009,0.6968,200.0000,62.1533,1
2025-07-06 18:55:00,25.7343,6.9421,11.4606,29.7454,34.2951,40.0465,49.9001,174.2430,334.8785,994.5911,35.2538,757.4478,4.3471,0.6977,200.0000,62.2308,1
2025-07-06 19:00:00,25.7801,7.0653,11.3636,29.8037,34.1930,40.1671,49.9767,171.6626,337.1319,995.6322,35.0194,722.7155,4.2101,0.6985,200.0000,62.3083,1
2025-07-06 19:05:00,25.6912,7.0561,11.3564,29.5783,33.9448,40.0620,49.9226,168.9514,339.9693,988.0905,34.7469,721.1627,4.2685,0.6994,200.0000,62.3858,1
2025-07-06 19:10:00,25.6480,6.9947,11.3135,29.6177,33.8910,40.1232,49.8975,166.7022,339.5320,986.7074,34.5908,725.3680,4.3513,0.7003,200.0000,62.4632,1
2025-07-06 19:15:00,25.6027,6.9302,11.3068,29.6086,33.9706,40.1331,50.0852,168.0670,338.0585,988.9733,34.7401,735.2605,4.3748,0.7011,200.0000,62.5407,1
2025-07-06 19:20:00,25.4736,6.9347,11.4321,29.5325,33.7904,39.8777,50.0694,165.2027,337.6256,982.7639,34.5008,750.7464,4.5444,0.7020,200.0000,62.6182,1
2025-07-06 19:25:00,25.4805,7.0085,11.2591,29.4240,33.6712,40.0527,50.0299,160.8232,337.3720,980.4919,34.3002,712.6458,4.4312,0.7029,200.0000,62.6957,1
2025-07-06 19:30:00,25.3997,7.0275,11.2642,29.3940,33.6089,40.1194,50.1225,165.0162,334.5858,978.1747,34.1499,711.5235,4.3118,0.7037,200.0000,62.7732,1
2025-07-06 19:35:00,25.3309,6.8967,11.3188,29.3049,33.5085,39.9477,49.9016,160.6873,335.9604,979.3600,34.0840,739.4639,4.6019,0.7046,200.0000,62.8507,1
2025-07-06 19:40:00,25.2039,6.9839,11.3774,29.2176,33.4961,39.9051,49.8358,162.7860,335.8939,973.2542,34.0227,733.8910,4.5083,0.7055,200.0000,62.9282,1
2025-07-06 19:45:00,24.9292,7.0809,11.3025,28.9092,33.1822,40.0636,49.9216,159.7675,338.9758,971.3569,33.5683,707.9856,4.4313,0.7063,200.0000,63.0057,1
2025-07-06 19:50:00,24.9188,6.9891,11.1334,28.8665,32.9464,39.8222,49.9113,157.5780,340.1423,961.0076,33.4681,690.8265,4.3840,0.7072,200.0000,63.0832,1
2025-07-06 19:55:00,24.6666,7.0745,11.1340,28.8781,32.9694,39.8694,49.6923,152.6562,340.2923,958.5667,33.1994,677.5123,4.4382,0.7081,200.0000,63.1607,1
2025-07-06 20:00:00,24.6448,7.0325,11.0062,28.6741,32.5225,39.9200,49.9182,148.9164,341.3711,953.2534,32.9501,664.0348,4.4591,0.7089,200.0000,63.2382,1
2025-07-06 20:05:00,24.6384,6.9458,11.1347,28.4700,32.5304,40.0541,50.1657,149.7499,339.2366,948.1917,32.9901,702.3414,4.6901,0.7098,200.0000,63.3157,1
2025-07-06 20:10:00,24.2982,6.9854,11.0089,28.3464,32.3259,40.0263,50.1201,149.3187,337.1175,948.1724,32.9687,674.1503,4.5148,0.7107,200.0000,63.3932,1
2025-07-06 20:15:00,24.2861,6.9936,11.0289,28.2488,32.3559,40.1239,50.0788,146.1919,339.1585,943.7674,32.8141,677.7745,4.6362,0.7116,200.0000,63.4707,1
2025-07-06 20:20:00,24.2467,6.9524,11.0597,28.2142,32.2129,39.8894,50.0197,147.6617,337.8831,940.6688,32.6916,685.8366,4.6446,0.7124,200.0000,63.5482,1
2025-07-06 20:25:00,24.0731,6.9515,11.0460,28.0263,31.9700,39.8829,50.2173,144.2764,340.9413,938.6016,32.5309,683.5801,4.7380,0.7133,200.0000,63.6257,1
2025-07-06 20:30:00,24.0556,7.0753,10.9181,27.9969,31.8084,40.0629,49.8410,141.5165,339.6594,927.8428,32.3834,644.4364,4.5538,0.7142,200.0000,63.7032,1
2025-07-06 20:35:00,23.9339,6.9511,10.9861,27.9419,31.6696,39.9042,49.8553,139.3229,340.3504,925.6322,32.2681,674.0033,4.8377,0.7150,200.0000,63.7807,1
2025-07-06 20:40:00,23.8444,7.0539,10.9547,27.7975,31.6234,39.9276,50.1686,141.5957,341.8673,926.4538,32.3758,651.9566,4.6044,0.7159,200.0000,63.8582,1
2025-07-06 20:45:00,23.8033,6.9782,10.8831,27.7589,31.4794,39.7772,50.0041,136.1513,339.5473,922.4903,32.2461,650.2048,4.7756,0.7168,200.0000,63.9357,1
2025-07-06 20:50:00,23.7270,6.9987,10.7794,27.7151,31.4103,40.0349,49.8993,136.2641,343.0390,920.2846,32.2922,633.5902,4.6497,0.7176,200.0000,64.0132,1
2025-07-06 20:55:00,23.7879,7.0281,10.9920,27.6816,31.4288,40.1850,50.0828,138.0867,337.8777,919.6543,32.1334,666.7906,4.8288,0.7185,200.0000,64.0907,1
2025-07-06 21:00:00,23.6052,6.9701,10.8375,27.5670,31.3734,39.8765,49.9342,135.2857,341.4252,917.5423,32.0515,645.5583,4.7718,0.7194,200.0000,64.1682,1
2025-07-06 21:05:00,23.5201,7.0284,10.9376,27.4816,31.1880,40.1226,49.8744,135.1956,340.8493,917.1553,31.8338,656.5591,4.8564,0.7202,200.0000,64.2457,1
2025-07-06 21:10:00,23.3374,6.8977,10.8538,27.3806,30.9675,39.9929,49.8702,131.6403,343.4838,909.4525,31.5086,662.2942,5.0311,0.7211,200.0000,64.3232,1
2025-07-06 21:15:00,23.2362,7.0220,10.7061,27.2065,30.8312,39.7882,50.0482,127.8381,339.6693,900.5811,31.1791,613.6013,4.7998,0.7220,200.0000,64.4007,1
2025-07-06 21:20:00,23.2038,6.8766,10.6752,27.1729,30.6664,39.8926,50.0309,124.1418,339.8211,895.4946,30.9733,634.3283,5.1097,0.7228,200.0000,64.4782,1
2025-07-06 21:25:00,23.0622,6.9887,10.4784,27.1223,30.6676,39.8852,50.2275,123.2933,344.3092,900.3816,30.8055,582.6482,4.7257,0.7237,200.0000,64.5557,1
2025-07-06 21:30:00,22.9515,7.0427,10.5608,27.0621,30.5260,39.9620,49.9565,122.5965,342.5343,891.9293,30.6390,588.5040,4.8003,0.7246,200.0000,64.6332,1
2025-07-06 21:35:00,22.9777,7.0311,10.5210,27.0398,30.3884,40.0503,49.9539,117.8404,343.9912,888.0014,30.4035,585.0776,4.9650,0.7255,200.0000,64.7107,1
2025-07-06 21:40:00,23.0406,6.9351,10.5167,27.0387,30.3602,40.2219,50.2159,118.4466,342.8155,890.3159,30.5032,603.0336,5.0912,0.7263,200.0000,64.7882,1
2025-07-06 21:45:00,22.9828,6.9415,10.3608,26.8984,30.4050,39.8283,50.1478,115.4295,346.3594,887.1492,30.3790,570.0736,4.9387,0.7272,200.0000,64.8657,1
2025-07-06 21:50:00,22.8340,6.9656,10.3223,26.8832,30.2101,39.9418,50.0217,110.2044,345.8282,878.3276,29.9871,561.2398,5.0927,0.7281,200.0000,64.9432,1
2025-07-06 21:55:00,22.8040,7.0093,10.2322,26.9082,30.0358,39.8925,49.7658,113.4674,345.5302,879.8183,29.9352,538.1953,4.7432,0.7289,200.0000,65.0207,1
2025-07-06 22:00:00,22.8615,6.8984,10.3894,26.8158,29.9645,39.8478,49.8782,113.1086,342.6299,884.6421,30.0151,582.3111,5.1482,0.7298,200.0000,65.0982,1
2025-07-06 22:05:00,22.6959,6.9993,10.1574,26.6792,29.7793,40.0115,49.8419,109.3184,346.9355,870.3371,29.7572,528.9310,4.8384,0.7307,200.0000,65.1757,1
2025-07-06 22:10:00,22.4997,7.0156,10.3040,26.5024,29.7256,40.0002,50.0055,107.5493,343.9817,869.4842,29.5863,550.6103,5.1196,0.7315,200.0000,65.2532,1
2025-07-06 22:15:00,22.5974,6.9858,10.2440,26.6138,29.5863,39.7823,49.9237,104.9212,345.1640,867.9748,29.3752,542.5799,5.1713,0.7324,200.0000,65.3307,1
2025-07-06 22:20:00,22.5835,7.0263,10.1576,26.5709,29.6264,40.0022,50.2404,105.2754,343.7797,866.8482,29.3861,524.3406,4.9807,0.7333,200.0000,65.4082,1
2025-07-06 22:25:00,22.6224,7.0112,10.2040,26.5226,29.5954,39.8554,49.7643,104.2137,346.2254,868.8757,29.4472,532.6678,5.1113,0.7341,200.0000,65.4857,1
2025-07-06 22:30:00,22.5343,6.9729,10.1568,26.4759,29.5025,40.0014,49.8258,103.5781,348.7519,863.0638,29.3459,533.1295,5.1471,0.7350,200.0000,65.5632,1
2025-07-06 22:35:00,22.4262,6.9032,10.2183,26.3083,29.4345,40.1523,50.0367,105.2191,346.7591,864.4371,29.2287,557.1915,5.2955,0.7359,200.0000,65.6407,1
2025-07-06 22:40:00,22.3903,7.0067,10.2660,26.3485,29.5372,40.0556,50.0782,108.8076,344.4580,869.9074,29.3134,546.5052,5.0227,0.7368,200.0000,65.7182,1
2025-07-06 22:45:00,22.3874,6.9523,10.3515,26.3198,29.5658,40.0213,49.6119,109.3202,345.5850,869.4011,29.4333,569.4518,5.2090,0.7376,200.0000,65.7957,1
2025-07-06 22:50:00,22.2485,6.9711,10.3042,26.2732,29.5598,39.9365,49.7397,114.0456,345.0326,869.2999,29.1311,557.2152,4.8859,0.7385,200.0000,65.8732,1
2025-07-06 22:55:00,22.2960,7.0240,10.1942,26.4099,29.5027,40.0080,49.9605,109.3747,345.7838,865.5197,29.1170,530.9288,4.8542,0.7394,200.0000,65.9507,1
2025-07-06 23:00:00,22.2873,7.0709,10.2421,26.3879,29.4611,40.0676,50.2034,107.0461,346.3148,865.5864,29.1052,531.8833,4.9687,0.7402,200.0000,66.0281,1
2025-07-06 23:05:00,22.2962,6.9981,10.1574,26.3013,29.3222,40.0557,50.2832,105.1728,344.5407,859.1789,28.9012,529.7250,5.0367,0.7411,200.0000,66.1056,1
2025-07-06 23:10:00,22.2753,7.0277,10.1338,26.2407,29.2937,39.9881,49.9378,100.8465,347.2276,861.6182,28.6653,519.9249,5.1556,0.7420,200.0000,66.1831,1
2025-07-06 23:15:00,22.3349,6.9278,10.0586,26.3404,29.2272,40.0261,49.9744,103.2928,343.7438,859.8575,28.4815,524.5692,5.0785,0.7428,200.0000,66.2606,1
2025-07-06 23:20:00,22.3236,7.0123,10.2626,26.2668,29.2404,39.8420,49.8745,103.0919,347.7684,859.8439,28.6601,542.0922,5.2583,0.7437,200.0000,66.3381,1
2025-07-06 23:25:00,22.2499,6.9970,10.1596,26.1384,29.2195,39.9119,50.0950,104.6775,344.5499,856.8354,28.4674,528.3813,5.0477,0.7446,200.0000,66.4156,1
2025-07-06 23:30:00,22.0775,7.0615,10.1952,26.0885,29.1834,40.0849,50.2293,105.6450,348.8476,857.2482,28.3775,525.8194,4.9772,0.7454,200.0000,66.4931,1
2025-07-06 23:35:00,22.1411,6.9730,10.1518,26.1143,29.0873,40.1010,50.1884,100.3651,341.9445,854.1493,28.5029,533.6061,5.3167,0.7463,200.0000,66.5706,1
2025-07-06 23:40:00,22.0338,6.9879,10.1465,26.0886,29.0993,40.0112,49.9956,101.7104,350.5600,855.4583,28.4223,529.0150,5.2012,0.7472,200.0000,66.6481,1
2025-07-06 23:45:00,22.0590,7.0529,10.0325,26.0689,29.0301,40.1775,49.8742,96.5115,344.6975,849.4326,28.2770,501.1127,5.1923,0.7480,200.0000,66.7256,1
2025-07-06 23:50:00,22.0779,6.9954,10.1014,26.0723,28.9697,40.0610,50.0012,99.0174,344.9515,854.4814,28.3451,520.8664,5.2603,0.7489,200.0000,66.8031,1
2025-07-06 23:55:00,21.7913,6.9446,10.1650,25.8855,29.0217,39.9720,50.2071,101.6095,347.5460,854.2722,28.2848,538.8610,5.3033,0.7498,200.0000,66.8806,1
2025-07-07 00:00:00,21.9785,7.1276,10.0258,25.8912,28.7118,39.8536,49.9399,99.3202,348.2778,852.3950,28.1905,483.5008,4.8681,0.7507,200.0000,66.9581,1
2025-07-07 00:05:00,21.8870,6.9461,9.9949,25.8589,28.8535,40.1726,49.7277,99.6259,346.7444,849.8864,28.3999,512.6921,5.1462,0.7515,200.0000,67.0356,1
2025-07-07 00:10:00,21.6993,6.9968,10.0641,25.8567,28.6092,40.0924,49.9460,97.1612,349.2311,848.1348,28.1704,514.7777,5.2982,0.7524,200.0000,67.1131,1
2025-07-07 00:15:00,21.7005,7.0173,9.9760,25.5848,28.4941,40.2158,49.9581,94.8815,346.5304,842.9497,27.9640,498.0661,5.2494,0.7533,200.0000,67.1906,1
2025-07-07 00:20:00,21.6702,7.0134,10.0207,25.7037,28.4877,40.2600,49.7268,96.5334,347.2758,842.8941,28.0962,506.8174,5.2502,0.7541,200.0000,67.2681,1
2025-07-07 00:25:00,21.5398,6.9905,10.0385,25.6746,28.4201,39.8456,50.0348,96.7609,347.0930,841.1714,27.9601,508.3769,5.2539,0.7550,200.0000,67.3456,1
2025-07-07 00:30:00,21.5268,6.9908,10.1124,25.5609,28.4461,39.8459,50.0759,97.7630,346.2421,841.5378,28.2616,520.6665,5.3258,0.7559,200.0000,67.4231,1
2025-07-07 00:35:00,21.5778,6.9883,9.9259,25.4918,28.3264,39.6564,50.2790,95.0217,344.2362,836.1063,28.1650,487.6481,5.1320,0.7567,200.0000,67.5006,1
2025-07-07 00:40:00,21.4864,6.9442,10.0200,25.4423,28.4566,40.1102,49.8001,94.2508,347.7873,841.7885,28.3049,516.4351,5.4794,0.7576,200.0000,67.5781,1
2025-07-07 00:45:00,21.4996,7.1075,9.8719,25.5686,28.2809,40.0788,50.1096,91.8780,348.2813,837.6511,28.2207,463.7839,5.0478,0.7585,200.0000,67.6556,1
2025-07-07 00:50:00,21.5035,6.9890,9.8419,25.3854,28.2294,40.0117,50.1450,87.9865,351.6319,832.7057,28.1269,477.8319,5.4307,0.7593,200.0000,67.7331,1
2025-07-07 00:55:00,21.4397,7.0298,9.7705,25.4318,28.1118,39.8529,50.0779,90.6012,346.5564,830.9455,28.0389,457.2153,5.0465,0.7602,200.0000,67.8106,1
2025-07-07 01:00:00,21.4279,6.9833,9.8452,25.4070,28.1907,39.9893,49.8490,88.9887,348.1538,834.6316,28.0728,479.0677,5.3835,0.7611,200.0000,67.8881,1
2025-07-07 01:05:00,21.5317,6.9823,9.7879,25.4667,28.1137,40.0222,49.8403,90.4659,351.5606,833.2153,28.2487,470.0446,5.1958,0.7619,200.0000,67.9656,1
2025-07-07 01:10:00,21.6347,6.9772,9.8694,25.4366,28.2391,40.0939,50.0146,90.9827,349.5153,833.8179,28.2454,485.3975,5.3351,0.7628,200.0000,68.0431,1
2025-07-07 01:15:00,21.5065,6.9225,9.9524,25.5578,28.2279,40.0328,50.0135,90.8636,349.8694,834.6337,28.1393,507.7373,5.5879,0.7637,200.0000,68.1206,1
2025-07-07 01:20:00,21.4504,6.9920,9.9071,25.4307,28.2732,40.0797,49.9161,92.5780,349.7764,837.5347,28.1412,489.0748,5.2828,0.7646,200.0000,68.1981,1
2025-07-07 01:25:00,21.3658,6.9796,9.7413,25.2965,28.0471,39.9851,50.1937,87.5671,350.3827,827.7510,27.9832,462.2416,5.2787,0.7654,200.0000,68.2756,1
2025-07-07 01:30:00,21.4094,7.0586,9.7649,25.4065,27.8956,40.1418,49.9399,87.7662,353.3175,827.3743,27.7947,454.7453,5.1813,0.7663,200.0000,68.3531,1
2025-07-07 01:35:00,21.2848,6.9402,9.7799,25.2895,27.9597,40.0758,49.7159,89.1539,349.3903,836.0569,27.7238,476.3809,5.3434,0.7672,200.0000,68.4306,1
2025-07-07 01:40:00,21.3400,6.9711,9.8035,25.3706,28.0466,39.8576,49.9664,91.1463,346.9087,834.2705,27.7347,472.5600,5.1846,0.7680,200.0000,68.5081,1
2025-07-07 01:45:00,21.2873,6.9551,9.8682,25.4063,28.1294,40.1667,50.0720,89.0992,350.4233,830.3328,27.7351,489.8136,5.4974,0.7689,200.0000,68.5856,1
2025-07-07 01:50:00,21.3595,7.0721,9.8653,25.4424,28.1540,40.1471,50.0513,90.0463,348.2201,830.0768,27.6078,469.4160,5.2131,0.7698,200.0000,68.6631,1
2025-07-07 01:55:00,21.2971,6.9565,9.8767,25.2132,28.0185,40.0559,50.0501,90.7043,348.9894,827.4111,27.4089,489.6384,5.3982,0.7706,200.0000,68.7406,1
2025-07-07 02:00:00,21.3969,7.0281,9.8794,25.4345,28.0787,40.0337,50.2241,90.3709,349.9949,832.5777,27.4636,477.8137,5.2873,0.7715,200.0000,68.8181,1
2025-07-07 02:05:00,21.4927,7.0485,9.8277,25.3992,28.1263,40.1990,49.8328,88.8170,347.7857,833.2900,27.3829,467.6566,5.2654,0.7724,200.0000,68.8956,1
2025-07-07 02:10:00,21.3479,6.9927,9.8288,25.3047,27.9635,39.8040,49.9364,88.4839,348.2900,833.5638,27.6698,472.5496,5.3405,0.7732,200.0000,68.9731,1
2025-07-07 02:15:00,21.1738,6.9312,9.8009,25.2140,27.9514,40.1489,50.2318,91.8680,350.1619,824.9401,27.4822,482.3029,5.2500,0.7741,200.0000,69.0506,1
2025-07-07 02:20:00,21.2320,6.9318,9.7914,25.1879,27.9570,39.9429,49.7049,86.7593,348.4543,825.8314,27.7025,478.1284,5.5110,0.7750,200.0000,69.1281,1
2025-07-07 02:25:00,21.3038,7.0430,9.7543,25.2447,27.8977,40.1314,49.9919,88.7885,351.4403,827.8139,27.6607,455.4797,5.1299,0.7758,200.0000,69.2056,1
2025-07-07 02:30:00,21.2746,6.9370,9.7893,25.1500,27.9251,40.0144,50.1843,88.5941,347.4285,833.7157,27.5699,477.7713,5.3928,0.7767,200.0000,69.2831,1
2025-07-07 02:35:00,21.2472,7.0196,9.8268,25.2315,27.9293,39.8508,50.1821,87.9679,347.4982,830.2926,27.7285,468.2860,5.3234,0.7776,200.0000,69.3606,1
2025-07-07 02:40:00,21.2151,7.0057,9.7736,25.2450,27.8990,39.9404,50.0990,86.6911,353.6449,827.6673,27.4252,462.7673,5.3381,0.7785,200.0000,69.4381,1
2025-07-07 02:45:00,21.1893,7.0189,9.9118,25.1867,27.6816,40.1226,50.1028,84.9612,346.9460,821.4860,27.3322,485.8840,5.7189,0.7793,200.0000,69.5156,1
2025-07-07 02:50:00,21.1709,7.0236,9.6435,25.1796,27.8216,39.9748,49.8438,84.5025,350.3497,820.0938,27.1667,438.4103,5.1881,0.7802,200.0000,69.5930,1
2025-07-07 02:55:00,21.1546,6.9533,9.7206,25.2076,27.7710,39.9254,50.2060,84.7069,353.9734,823.1224,27.0573,462.4824,5.4598,0.7811,200.0000,69.6705,1
2025-07-07 03:00:00,21.2386,6.9512,9.5816,25.1723,27.6540,39.9246,49.8200,84.4827,350.8288,820.1564,26.9735,439.5961,5.2034,0.7819,200.0000,69.7480,1
2025-07-07 03:05:00,21.1223,7.0357,9.7082,25.0905,27.7272,40.0771,49.8289,85.4402,352.9576,822.1775,27.1949,448.3344,5.2473,0.7828,200.0000,69.8255,1
2025-07-07 03:10:00,21.0941,6.9685,9.7700,25.0775,27.7708,40.2101,50.0582,87.0472,351.0725,824.5622,27.2311,471.5434,5.4171,0.7837,200.0000,69.9030,1
2025-07-07 03:15:00,21.0747,6.8625,9.8481,24.9820,27.7588,39.7431,49.9260,87.5266,349.6000,822.7728,27.1751,496.6939,5.6748,0.7845,200.0000,69.9805,1
2025-07-07 03:20:00,21.0147,7.0324,9.8232,25.0518,27.7400,40.3361,50.0310,90.1555,349.0222,823.4129,27.3111,471.2198,5.2267,0.7854,200.0000,70.0580,1
2025-07-07 03:25:00,20.9258,6.9482,9.8713,24.9586,27.6700,40.0244,50.0646,88.4634,344.7539,828.4793,27.2474,489.7413,5.5361,0.7863,200.0000,70.1355,1
2025-07-07 03:30:00,21.0598,7.0234,9.8614,25.0847,27.8002,40.0696,50.2667,89.4261,348.3372,824.7373,27.3928,476.0274,5.3231,0.7871,200.0000,70.2130,1
2025-07-07 03:35:00,21.1141,7.0696,9.8001,25.0242,27.6991,39.9476,50.0651,87.3651,349.5456,826.3483,27.3606,456.5891,5.2262,0.7880,200.0000,70.2905,1
2025-07-07 03:40:00,21.0141,7.0008,9.8209,24.9846,27.7500,39.9996,49.9072,89.1670,349.6821,825.6846,27.5251,472.1918,5.2956,0.7889,200.0000,70.3680,1
2025-07-07 03:45:00,21.0858,7.0498,9.9067,25.1163,27.8628,40.0231,50.1015,92.2644,353.5520,831.4513,27.7458,478.6380,5.1877,0.7897,200.0000,70.4455,1
2025-07-07 03:50:00,21.1030,7.0077,9.8886,25.1168,27.8672,39.8741,49.8752,89.1219,349.5207,828.0430,27.8040,480.8639,5.3956,0.7906,200.0000,70.5230,1
2025-07-07 03:55:00,21.0861,7.0794,9.8757,25.0941,27.8039,39.9033,50.1370,90.0690,350.5270,829.1975,27.7329,467.0871,5.1859,0.7915,200.0000,70.6005,1
2025-07-07 04:00:00,20.9799,6.9469,9.8844,25.0573,27.7199,40.1421,50.0097,89.3720,351.1959,825.9077,27.6771,493.6037,5.5230,0.7924,200.0000,70.6780,1
2025-07-07 04:05:00,20.9619,6.9996,9.9254,25.0183,27.8261,39.8137,50.0601,91.2605,349.6006,828.3731,27.7164,487.6088,5.3430,0.7932,200.0000,70.7555,1
2025-07-07 04:10:00,21.1526,7.0337,9.8395,25.0641,27.8376,40.0529,49.7329,91.4346,348.4504,832.6599,27.9870,470.4300,5.1450,0.7941,200.0000,70.8330,1
2025-07-07 04:15:00,21.0540,6.9905,9.9786,25.0409,27.8015,39.9555,49.6624,93.7639,348.2444,827.8029,27.7822,499.7720,5.3301,0.7950,200.0000,70.9105,1
2025-07-07 04:20:00,21.0904,7.0576,9.9489,24.9771,27.9620,39.8847,49.7748,92.5708,347.4403,833.0812,27.9729,482.7178,5.2146,0.7958,200.0000,70.9880,1
2025-07-07 04:25:00,21.1212,6.9784,9.9604,25.0966,27.8621,40.2366,50.2619,91.6122,349.5312,831.9650,27.7082,502.2670,5.4825,0.7967,200.0000,71.0655,1
2025-07-07 04:30:00,21.2426,7.1035,10.0553,25.2120,28.0768,39.8855,49.8278,94.8929,347.7529,835.8474,27.9433,492.8385,5.1936,0.7976,200.0000,71.1430,1
2025-07-07 04:35:00,21.1385,7.1061,10.0132,25.2038,28.1028,39.8644,50.1098,95.7500,349.0697,835.2130,28.1388,485.1135,5.0665,0.7984,200.0000,71.2205,1
2025-07-07 04:40:00,21.2525,7.0141,9.9934,25.2692,28.2044,39.9776,49.9037,96.8544,345.6205,842.3622,28.3631,498.5678,5.1476,0.7993,200.0000,71.2980,1
2025-07-07 04:45:00,21.3014,7.0276,10.0765,25.3048,28.2726,39.9078,49.9640,98.4712,347.6611,841.0546,28.3490,509.3332,5.1724,0.8002,200.0000,71.3755,1
2025-07-07 04:50:00,21.3620,7.0596,10.1102,25.3917,28.2691,40.0008,49.9933,97.8140,350.3446,842.6887,28.3288,510.8045,5.2222,0.8010,200.0000,71.4530,1
2025-07-07 04:55:00,21.2747,6.9406,10.0474,25.2429,28.1002,40.0186,50.2466,98.7117,347.0355,838.7581,28.2112,520.4373,5.2723,0.8019,200.0000,71.5305,1
2025-07-07 05:00:00,21.2839,6.9344,10.0522,25.3154,28.2450,40.0282,50.0877,97.7032,351.0288,841.4572,28.3700,522.4060,5.3469,0.8028,200.0000,71.6080,1
2025-07-07 05:05:00,21.1920,7.0628,10.1362,25.2429,28.2711,39.9851,50.0578,98.4474,347.4422,843.1205,28.3972,514.4106,5.2252,0.8036,200.0000,71.6855,1
2025-07-07 05:10:00,21.4266,7.0137,10.1643,25.4423,28.4282,39.9157,50.1945,101.7506,346.7423,845.5199,28.5496,526.4334,5.1738,0.8045,200.0000,71.7630,1
2025-07-07 05:15:00,21.4421,6.9887,10.1268,25.4335,28.2765,40.0772,49.9050,100.0683,347.0502,842.8591,28.5440,526.4633,5.2610,0.8054,200.0000,71.8405,1
2025-07-07 05:20:00,21.5172,7.0006,10.0778,25.6941,28.6702,39.9866,50.1603,102.1789,346.0593,852.4387,28.6001,515.0767,5.0409,0.8063,200.0000,71.9180,1
2025-07-07 05:25:00,21.6859,6.8807,10.1379,25.7614,28.6786,39.9405,50.1352,99.6207,343.0952,848.8397,28.4709,544.5758,5.4665,0.8071,200.0000,71.9955,1
2025-07-07 05:30:00,21.7138,6.9905,10.0453,25.7093,28.5914,40.1776,50.1335,101.7235,349.0763,851.5522,28.5216,513.7643,5.0506,0.8080,200.0000,72.0730,1
2025-07-07 05:35:00,21.9119,6.9623,10.1007,25.8626,28.7839,39.9854,49.9767,102.1566,351.6493,853.1391,28.5952,525.2867,5.1420,0.8089,200.0000,72.1505,1
2025-07-07 05:40:00,21.8317,7.0459,10.1910,25.7743,28.9243,40.1310,49.9344,103.4737,347.4537,859.9930,28.8831,528.3427,5.1061,0.8097,200.0000,72.2280,1
2025-07-07 05:45:00,22.0128,7.0498,10.0776,25.9686,29.0390,40.1472,49.8695,104.3272,347.6695,860.2659,28.9909,508.8482,4.8774,0.8106,200.0000,72.3055,1
2025-07-07 05:50:00,21.9879,7.0288,10.1642,26.0273,29.1290,40.1545,49.8789,103.3848,346.3201,860.8250,29.0541,527.0059,5.0975,0.8115,200.0000,72.3830,1
2025-07-07 05:55:00,22.1768,7.0198,10.1130,26.1684,29.0556,40.0829,49.8624,100.7085,349.6018,861.5251,29.2243,518.9958,5.1534,0.8123,200.0000,72.4605,1
2025-07-07 06:00:00,22.3599,6.9251,10.1790,26.3399,29.3614,39.9999,50.0550,104.0709,346.7131,865.7909,29.2726,544.8339,5.2352,0.8132,200.0000,72.5380,1
2025-07-07 06:05:00,22.4337,7.0295,10.1014,26.3921,29.4322,39.9923,49.9657,102.3770,347.7520,872.0941,29.2659,514.2563,5.0232,0.8141,200.0000,72.6155,1
2025-07-07 06:10:00,22.5504,7.0315,10.0170,26.6167,29.5050,39.9707,50.0647,101.9646,343.9196,869.4403,29.3794,499.5300,4.8991,0.8149,200.0000,72.6930,1
2025-07-07 06:15:00,22.5849,7.0623,10.1202,26.7915,29.6298,39.7400,50.0732,101.9109,346.4820,875.7235,29.1795,508.7009,4.9916,0.8158,200.0000,72.7705,1
2025-07-07 06:20:00,22.7642,7.1059,10.1353,26.7820,29.7721,40.0863,49.8410,103.9553,347.7939,877.4049,29.3918,508.3336,4.8899,0.8167,200.0000,72.8480,1
2025-07-07 06:25:00,22.6714,6.9154,10.1048,26.7642,29.8102,40.0293,49.8365,106.2221,348.4598,877.8976,29.4294,534.4242,5.0312,0.8175,200.0000,72.9255,1
2025-07-07 06:30:00,22.7202,6.9806,10.1175,26.7333,29.7884,40.0991,49.9657,105.5749,348.5816,879.0540,29.3339,526.5476,4.9874,0.8184,200.0000,73.0030,1
2025-07-07 06:35:00,22.7435,6.9629,10.1028,26.7726,29.6973,39.9860,49.8837,103.0951,344.0946,878.8566,29.3142,525.5656,5.0979,0.8193,200.0000,73.0805,1
2025-07-07 06:40:00,22.7852,7.0086,10.2062,26.8180,29.7945,40.0798,49.8679,107.4560,343.6299,880.4798,29.3903,536.4703,4.9925,0.8202,200.0000,73.1579,1
2025-07-07 06:45:00,22.8278,7.0007,10.1868,26.9471,29.9360,39.8347,50.2544,108.7321,347.4327,884.0549,29.5966,531.2793,4.8861,0.8210,200.0000,73.2354,1
2025-07-07 06:50:00,22.8484,6.9883,10.2900,26.8314,29.9703,39.8597,49.7700,111.0940,344.4623,886.5657,29.5963,550.8901,4.9588,0.8219,200.0000,73.3129,1
2025-07-07 06:55:00,22.9821,7.0514,10.1396,26.9354,30.0390,39.7029,50.3035,109.8219,347.9054,885.1731,29.8724,513.2430,4.6734,0.8228,200.0000,73.3904,1
2025-07-07 07:00:00,23.1969,6.9449,10.1982,27.1803,30.3495,39.9839,50.0433,110.5502,342.6823,892.6164,30.1337,544.5039,4.9254,0.8236,200.0000,73.4679,1
2025-07-07 07:05:00,23.1508,6.9479,10.1737,27.1728,30.2750,39.9073,50.1479,112.3881,345.5271,887.4913,30.2672,538.8638,4.7947,0.8245,200.0000,73.5454,1
2025-07-07 07:10:00,23.2465,6.9488,10.3137,27.1560,30.4634,39.8916,50.1302,113.3542,344.9841,894.0747,30.4976,561.8988,4.9570,0.8254,200.0000,73.6229,1
2025-07-07 07:15:00,23.3885,6.9820,10.4897,27.3031,30.6609,40.0402,50.0925,120.1221,345.5562,904.1106,30.7611,587.9264,4.8944,0.8262,200.0000,73.7004,1
2025-07-07 07:20:00,23.3832,6.9386,10.5072,27.3296,30.6436,39.9489,50.2493,118.0423,342.6147,902.7817,30.8567,596.7760,5.0556,0.8271,200.0000,73.7779,1
2025-07-07 07:25:00,23.3230,6.9976,10.4305,27.3283,30.7544,39.8280,49.8376,120.4374,340.6256,901.8126,30.8536,572.3329,4.7521,0.8280,200.0000,73.8554,1
2025-07-07 07:30:00,23.5046,6.9917,10.3976,27.5093,30.7202,40.3054,49.9765,118.3085,344.8132,907.0505,30.8033,574.6337,4.8571,0.8288,200.0000,73.9329,1
2025-07-07 07:35:00,23.4761,6.9607,10.4535,27.3823,30.7395,39.9956,49.8721,119.3837,345.2365,907.0139,30.8001,584.7666,4.8982,0.8297,200.0000,74.0104,1
2025-07-07 07:40:00,23.6054,7.0437,10.4393,27.6274,30.8272,39.8700,49.7456,119.4371,346.5996,907.7030,30.8783,566.7113,4.7449,0.8306,200.0000,74.0879,1
2025-07-07 07:45:00,23.5113,6.9970,10.3607,27.5891,30.9870,39.9196,49.9008,120.4367,343.6768,907.6469,31.0940,562.0876,4.6671,0.8315,200.0000,74.1654,1
2025-07-07 07:50:00,23.5050,7.0531,10.4252,27.6634,30.9263,39.9792,50.2809,120.8998,345.8228,906.7396,31.0322,564.3270,4.6677,0.8323,200.0000,74.2429,1
2025-07-07 07:55:00,23.5635,6.9902,10.6203,27.5932,30.9842,39.9790,49.9740,124.7791,344.4673,916.6267,31.1347,607.4979,4.8686,0.8332,200.0000,74.3204,1
2025-07-07 08:00:00,23.6740,6.9988,10.5851,27.6302,31.1159,40.1563,50.2975,127.9124,345.4147,919.2559,31.4362,602.8346,4.7129,0.8341,200.0000,74.3979,1
2025-07-07 08:05:00,23.7045,6.9719,10.6886,27.7343,31.3891,39.9905,50.3129,131.1047,341.9356,927.3343,31.5367,622.1791,4.7457,0.8349,200.0000,74.4754,1
2025-07-07 08:10:00,23.8607,6.9996,10.7854,27.7870,31.4972,40.2226,50.4493,135.8039,338.1078,929.3710,31.7148,637.4227,4.6937,0.8358,200.0000,74.5529,1
2025-07-07 08:15:00,23.9453,7.0356,10.8454,27.7898,31.6738,39.9481,50.2858,136.5756,341.0538,934.7620,31.8597,637.0901,4.6647,0.8367,200.0000,74.6304,1
2025-07-07 08:20:00,24.1089,6.9794,10.8057,28.0369,31.7787,40.0512,50.3537,137.4353,341.3201,938.3546,32.0930,641.4851,4.6675,0.8375,200.0000,74.7079,1
2025-07-07 08:25:00,24.1627,7.0259,10.8161,28.0896,31.8369,40.1226,50.0488,137.5842,342.3805,939.1314,32.0325,636.5702,4.6268,0.8384,200.0000,74.7854,1
2025-07-07 08:30:00,24.1282,6.9594,10.8635,28.1004,31.9267,40.1434,50.0342,139.6407,338.1087,942.0987,32.1961,656.0566,4.6982,0.8393,200.0000,74.8629,1
2025-07-07 08:35:00,24.2765,7.0380,10.9317,28.2487,31.9548,40.1574,50.0442,141.5294,340.5460,942.9457,32.4225,654.5342,4.6247,0.8401,200.0000,74.9404,1
2025-07-07 08:40:00,24.1811,6.9710,10.8413,28.1081,31.9513,39.9674,50.0000,140.9807,342.7925,940.9870,32.4067,647.5115,4.5929,0.8410,200.0000,75.0179,1
2025-07-07 08:45:00,24.1191,7.0426,10.8685,28.1842,31.9124,39.9993,50.0224,142.4181,340.6616,945.7301,32.4040,640.5971,4.4980,0.8419,200.0000,75.0954,1
2025-07-07 08:50:00,24.2528,7.0030,10.8887,28.2793,32.0045,39.7025,50.1128,139.3614,340.7315,946.7840,32.2930,645.7810,4.6339,0.8427,200.0000,75.1729,1
2025-07-07 08:55:00,24.4223,7.0760,10.8346,28.3609,32.1587,39.9765,49.9301,141.6409,344.7516,951.2411,32.4565,628.9581,4.4405,0.8436,200.0000,75.2504,1
2025-07-07 09:00:00,24.3207,6.9423,10.8480,28.2771,32.1635,40.1310,49.7934,145.8678,338.3747,947.5247,32.2857,656.1139,4.4980,0.8445,200.0000,75.3279,1
2025-07-07 09:05:00,24.5759,6.9262,10.8877,28.4707,32.2888,40.1076,50.0545,141.0549,343.2980,950.1681,32.7350,665.1055,4.7152,0.8454,200.0000,75.4054,1
2025-07-07 09:10:00,24.5775,6.9692,10.9079,28.5295,32.3232,39.9896,49.8961,141.4253,343.0461,952.1318,32.5702,659.3257,4.6620,0.8462,200.0000,75.4829,1
2025-07-07 09:15:00,24.7524,6.9308,10.8701,28.6306,32.4678,40.2039,49.9116,141.6801,340.5696,954.4495,32.7254,662.9692,4.6793,0.8471,200.0000,75.5604,1
2025-07-07 09:20:00,24.7290,6.9309,10.8491,28.7230,32.5287,39.9539,49.9786,143.3764,340.9390,957.1502,32.9434,655.3121,4.5706,0.8480,200.0000,75.6379,1
2025-07-07 09:25:00,24.7505,7.0311,10.8204,28.7043,32.6228,39.9141,49.9442,143.3799,340.6154,957.6736,33.2016,633.1274,4.4157,0.8488,200.0000,75.7154,1
2025-07-07 09:30:00,24.7579,6.9998,10.8728,28.8352,32.6825,39.9438,50.1665,144.6677,341.1915,957.9461,33.2330,647.5873,4.4764,0.8497,200.0000,75.7929,1
2025-07-07 09:35:00,24.9591,6.9760,10.9148,28.9166,32.6641,39.8653,49.9750,143.8201,339.8226,962.2532,33.3095,657.2811,4.5702,0.8506,200.0000,75.8704,1
2025-07-07 09:40:00,25.0147,6.9807,10.9501,29.0315,32.9902,40.0747,50.1741,151.8459,338.8665,965.2254,33.7033,665.8818,4.3852,0.8514,200.0000,75.9479,1
2025-07-07 09:45:00,25.0563,6.9701,11.0625,29.2097,33.1238,40.0346,50.0309,154.9658,338.5019,976.0548,33.6760,685.8231,4.4256,0.8523,200.0000,76.0254,1
2025-07-07 09:50:00,25.1277,7.0825,10.9925,29.0566,32.9380,40.0732,49.9867,152.7051,339.0754,971.1799,33.4622,655.8886,4.2951,0.8532,200.0000,76.1029,1
2025-07-07 09:55:00,25.1299,6.9632,11.0686,29.0580,33.0412,39.9503,50.0237,155.4145,338.3582,978.7447,33.6427,686.5533,4.4176,0.8540,200.0000,76.1804,1
2025-07-07 10:00:00,25.1749,6.9339,11.1117,29.0972,33.0756,39.9930,49.8063,156.0129,334.5323,980.3884,33.6291,699.4044,4.4830,0.8549,200.0000,76.2579,1
2025-07-07 10:05:00,25.0832,7.0398,11.1016,29.0527,33.0976,39.7386,50.0507,153.7606,339.3698,979.2430,33.7150,675.6643,4.3943,0.8558,200.0000,76.3354,1
2025-07-07 10:10:00,25.1029,6.9892,11.1305,29.1397,33.1207,40.0451,50.1274,154.9370,337.8813,977.8271,33.7711,694.2013,4.4805,0.8566,200.0000,76.4129,1
2025-07-07 10:15:00,25.1139,7.1019,11.0569,29.0826,33.0742,40.0119,50.1486,157.5827,335.2283,976.4967,33.8142,662.4084,4.2036,0.8575,200.0000,76.4904,1
2025-07-07 10:20:00,25.2009,6.9737,11.0803,29.1334,33.2576,39.8679,49.7972,157.8936,337.8011,980.7790,34.0579,685.3488,4.3406,0.8584,200.0000,76.5679,1
2025-07-07 10:25:00,25.3336,7.0423,11.1982,29.2290,33.3647,39.9874,49.7722,160.8450,337.5577,986.4762,34.2982,695.6496,4.3250,0.8593,200.0000,76.6454,1
2025-07-07 10:30:00,25.3151,7.0541,11.1839,29.2474,33.4950,39.9691,49.9195,162.0764,340.6758,984.7770,34.3135,690.9503,4.2631,0.8601,200.0000,76.7228,1
2025-07-07 10:35:00,25.4925,6.9739,11.3535,29.3062,33.6897,40.2117,50.2077,165.6872,336.6237,995.7208,34.6272,737.1901,4.4493,0.8610,200.0000,76.8003,1
2025-07-07 10:40:00,25.4994,6.9629,11.3777,29.4314,33.6966,39.8727,50.0331,164.2067,338.8606,994.8947,34.6300,736.8734,4.4875,0.8619,200.0000,76.8778,1
2025-07-07 10:45:00,25.4467,7.0371,11.3752,29.5021,33.6350,40.0398,49.8838,166.4108,340.3535,996.4063,34.7286,727.1073,4.3694,0.8627,200.0000,76.9553,1
2025-07-07 10:50:00,25.5822,7.0287,11.2945,29.5506,33.8543,39.8691,49.7821,169.0602,335.8009,996.9308,34.8188,711.9275,4.2111,0.8636,200.0000,77.0328,1
2025-07-07 10:55:00,25.6974,6.9295,11.4188,29.6901,33.9460,39.9331,49.8974,171.2681,336.5688,1002.7299,34.9328,750.4390,4.3817,0.8645,200.0000,77.1103,1
2025-07-07 11:00:00,25.8072,6.9436,11.4621,29.7449,34.0602,40.0332,49.8873,173.4784,339.8945,1004.6172,35.3022,757.2047,4.3648,0.8653,200.0000,77.1878,1
2025-07-07 11:05:00,25.8732,6.8732,11.5255,29.8401,34.2100,39.9746,50.1403,178.7491,336.3397,1016.4269,35.3493,778.4899,4.3552,0.8662,200.0000,77.2653,1
2025-07-07 11:10:00,25.9484,7.0298,11.4880,30.0413,34.3851,39.9993,50.1519,180.0186,336.4836,1018.5323,35.6300,746.4712,4.1466,0.8671,200.0000,77.3428,1
2025-07-07 11:15:00,26.0222,6.9869,11.6030,30.0281,34.5222,40.0399,49.8425,181.2905,334.6535,1023.8725,35.8277,773.6977,4.2677,0.8679,200.0000,77.4203,1
2025-07-07 11:20:00,26.1232,6.9919,11.5741,30.0976,34.6708,39.9408,50.1130,182.3890,336.5613,1026.1567,35.8188,766.1079,4.2004,0.8688,200.0000,77.4978,1
2025-07-07 11:25:00,26.2657,6.9154,11.5670,30.1814,34.7317,40.1061,50.0976,182.2109,335.2160,1028.8293,36.1061,780.9267,4.2858,0.8697,200.0000,77.5753,1
2025-07-07 11:30:00,26.2255,6.9451,11.6386,30.2810,34.9824,39.9633,49.8230,192.2298,330.3899,1034.8343,36.3263,785.1590,4.0845,0.8705,200.0000,77.6528,1
2025-07-07 11:35:00,26.2439,6.9761,11.7662,30.2213,34.9620,39.9883,49.9874,191.2802,333.1957,1036.4915,36.3314,801.8216,4.1919,0.8714,200.0000,77.7303,1
2025-07-07 11:40:00,26.3596,6.9664,11.7131,30.3247,35.0806,40.0434,50.0511,192.7320,331.6024,1040.1764,36.2011,795.6565,4.1283,0.8723,200.0000,77.8078,1
2025-07-07 11:45:00,26.3535,7.0059,11.7340,30.3992,35.0410,40.0272,50.0245,194.7937,334.3166,1040.9055,36.1392,792.2090,4.0669,0.8732,200.0000,77.8853,1
2025-07-07 11:50:00,26.3574,7.0292,11.6658,30.3247,34.9405,40.0773,49.7434,189.5778,332.7122,1038.3599,35.9231,777.8611,4.1031,0.8740,200.0000,77.9628,1
2025-07-07 11:55:00,26.4510,7.1135,11.6042,30.4709,34.9827,40.0380,50.0197,187.1890,335.9741,1042.7057,35.8539,752.6461,4.0208,0.8749,200.0000,78.0403,1
2025-07-07 12:00:00,26.5476,6.9990,11.7477,30.4824,35.1570,40.0563,50.0954,193.6518,333.8677,1048.0121,36.2451,796.2393,4.1117,0.8758,200.0000,78.1178,1
2025-07-07 12:05:00,26.5424,7.0558,11.7287,30.5450,35.0951,39.9610,50.2369,190.7440,331.7675,1040.9715,36.2115,781.6637,4.0980,0.8766,200.0000,78.1953,1
2025-07-07 12:10:00,26.6716,6.9585,11.6661,30.6973,35.2760,39.8717,49.8997,192.6542,333.3849,1046.8818,36.3905,785.7090,4.0783,0.8775,200.0000,78.2728,1
2025-07-07 12:15:00,26.6226,6.9163,11.6118,30.5914,35.4124,39.8287,49.9182,192.0298,335.5424,1046.7396,36.4295,782.8613,4.0768,0.8784,200.0000,78.3503,1
2025-07-07 12:20:00,26.7813,6.9824,11.7265,30.7536,35.4466,39.7995,49.9687,194.6178,336.4897,1053.0102,36.5537,790.3710,4.0611,0.8792,200.0000,78.4278,1
2025-07-07 12:25:00,26.8167,6.9201,11.6685,30.7252,35.4239,40.2115,50.0437,194.1971,332.3018,1050.4772,36.5451,799.2684,4.1158,0.8801,200.0000,78.5053,1
2025-07-07 12:30:00,26.7859,7.0007,11.6548,30.8478,35.4306,39.7345,50.0146,198.0471,331.8154,1051.4575,36.7439,774.0957,3.9086,0.8810,200.0000,78.5828,1
2025-07-07 12:35:00,26.6410,6.9610,11.7094,30.6386,35.2792,40.1432,50.0906,195.7775,337.5956,1045.6983,36.4831,797.9285,4.0757,0.8818,200.0000,78.6603,1
2025-07-07 12:40:00,26.7388,6.9023,11.7734,30.6802,35.4709,39.9015,49.8312,196.9906,333.6845,1049.5647,36.4489,813.6139,4.1302,0.8827,200.0000,78.7378,1
2025-07-07 12:45:00,26.7695,7.0868,11.7883,30.7083,35.6254,40.1424,50.0595,197.9988,333.6160,1060.2828,36.6133,790.0254,3.9901,0.8836,200.0000,78.8153,1
2025-07-07 12:50:00,26.9035,6.9731,11.7018,30.9424,35.6741,39.7357,49.8887,201.2890,331.8320,1059.7734,36.7871,786.5424,3.9075,0.8844,200.0000,78.8928,1
2025-07-07 12:55:00,26.9471,6.9181,11.8502,30.9139,35.7120,39.9718,49.9785,204.3326,333.2549,1062.1016,36.7187,825.2442,4.0387,0.8853,200.0000,78.9703,1
2025-07-07 13:00:00,27.0051,7.0449,11.9860,30.9626,35.9145,40.1745,50.2562,206.5458,335.7905,1069.3726,36.9014,830.9528,4.0231,0.8862,200.0000,79.0478,1
2025-07-07 13:05:00,26.9529,6.9636,11.8968,30.9628,35.9328,40.0856,49.7903,206.4461,332.9349,1064.8933,36.8499,827.7798,4.0097,0.8871,200.0000,79.1253,1
2025-07-07 13:10:00,27.0257,7.0545,11.9434,31.0356,35.9750,39.9595,49.9581,210.2609,334.2981,1069.6384,36.9811,817.7713,3.8893,0.8879,200.0000,79.2028,1
2025-07-07 13:15:00,26.9553,6.9633,12.0660,31.0017,35.9236,39.7668,49.8088,213.4713,331.7316,1069.3665,37.1332,849.4029,3.9790,0.8888,200.0000,79.2803,1
2025-07-07 13:20:00,27.0080,6.9730,12.0196,31.0211,36.1280,39.8413,50.0230,209.1732,329.8928,1070.5898,37.1809,841.6512,4.0237,0.8897,200.0000,79.3578,1
2025-07-07 13:25:00,27.0139,7.0172,12.0375,30.9365,35.8602,40.1667,50.1572,210.0190,330.5248,1069.1453,37.1607,844.1033,4.0192,0.8905,200.0000,79.4353,1
2025-07-07 13:30:00,26.9755,7.0297,11.8750,30.8516,35.8490,39.9582,50.0254,213.3728,329.4395,1071.0815,37.2851,810.4554,3.7983,0.8914,200.0000,79.5128,1
2025-07-07 13:35:00,26.8835,7.0384,12.0645,30.9605,35.8775,39.9914,49.9825,209.9470,332.3953,1071.0912,37.1733,841.3907,4.0076,0.8923,200.0000,79.5903,1
2025-07-07 13:40:00,26.8283,6.9955,12.1048,30.9125,35.9257,40.0340,50.1993,215.4123,333.6508,1074.5214,37.4963,856.2276,3.9748,0.8931,200.0000,79.6678,1
2025-07-07 13:45:00,26.8662,7.0264,12.1859,30.9688,35.9675,39.8437,50.0496,215.8186,331.6057,1073.4394,37.3759,860.5280,3.9873,0.8940,200.0000,79.7453,1
2025-07-07 13:50:00,26.8984,7.0373,12.1124,30.9063,36.1064,40.0489,50.1229,218.5076,329.9639,1079.1232,37.5502,850.8142,3.8938,0.8949,200.0000,79.8228,1
2025-07-07 13:55:00,27.0589,7.0100,12.0421,30.9733,36.2300,39.9496,50.1073,218.3073,329.1683,1077.9442,37.7140,841.5172,3.8547,0.8957,200.0000,79.9003,1
2025-07-07 14:00:00,27.1018,6.9929,12.1151,31.0650,36.1891,40.0352,49.5686,218.3644,331.5818,1079.2173,37.4924,858.4300,3.9312,0.8966,200.0000,79.9778,1
2025-07-07 14:05:00,27.0833,6.9277,12.0347,31.1124,36.0893,39.9306,49.9885,216.1164,328.9219,1078.4971,37.5584,853.6219,3.9498,0.8975,200.0000,80.0553,1
2025-07-07 14:10:00,27.0498,7.0300,12.0094,30.9341,36.0343,39.8112,49.8383,211.6033,329.7010,1072.3612,37.3226,829.8151,3.9216,0.8983,200.0000,80.1328,1
2025-07-07 14:15:00,26.9974,7.0021,12.0785,30.9429,36.0961,39.9487,49.8756,214.0810,333.3871,1075.4823,37.1776,848.8972,3.9653,0.8992,200.0000,80.2103,1
2025-07-07 14:20:00,26.9853,6.9793,12.0117,31.0435,36.0382,40.0769,50.2212,212.5612,331.1000,1073.8811,36.9160,844.2468,3.9718,0.9001,200.0000,80.2877,1
2025-07-07 14:25:00,27.0243,7.0639,12.0001,31.1013,36.0643,40.0473,49.9438,213.7733,331.0918,1077.3968,37.1462,827.5011,3.8709,0.9010,200.0000,80.3652,1
2025-07-07 14:30:00,26.7974,6.9286,12.0903,30.8134,35.9482,40.0037,50.2839,214.6517,330.9348,1075.8356,36.8699,864.3582,4.0268,0.9018,200.0000,80.4427,1
2025-07-07 14:35:00,26.8379,7.0822,12.0158,30.9010,35.9405,40.1078,49.7888,213.4834,333.0074,1070.9206,36.7148,828.3103,3.8800,0.9027,200.0000,80.5202,1
2025-07-07 14:40:00,26.8721,6.9989,12.0116,30.9082,35.9596,39.9756,49.8374,214.0070,331.8868,1069.6426,36.6970,838.8187,3.9196,0.9036,200.0000,80.5977,1
2025-07-07 14:45:00,26.9544,7.0159,12.0971,30.9031,36.0278,40.0068,50.1144,215.6856,329.9375,1072.2655,36.8368,850.9432,3.9453,0.9044,200.0000,80.6752,1
2025-07-07 14:50:00,26.9189,6.9802,12.0865,30.9219,36.0527,39.9424,49.9488,212.6647,330.1821,1070.6823,36.8727,853.7634,4.0146,0.9053,200.0000,80.7527,1
2025-07-07 14:55:00,26.8974,6.9166,12.1347,30.8022,35.9707,40.1148,50.0461,215.3985,330.7529,1075.7874,37.0282,876.2226,4.0679,0.9062,200.0000,80.8302,1
2025-07-07 15:00:00,26.7892,6.9930,12.0693,30.8258,35.9730,40.0350,49.9832,216.9870,331.7703,1076.3148,37.1853,850.7080,3.9205,0.9070,200.0000,80.9077,1
2025-07-07 15:05:00,26.7907,7.0167,12.0431,30.8499,36.0474,39.9332,49.9786,221.1515,330.5198,1075.4643,37.2514,840.2039,3.7992,0.9079,200.0000,80.9852,1
2025-07-07 15:10:00,26.9722,7.0338,12.1828,30.9317,36.1211,39.8213,49.9544,222.0002,330.0233,1080.1169,37.3315,858.2967,3.8662,0.9088,200.0000,81.0627,1
2025-07-07 15:15:00,26.7851,6.9901,12.1422,30.8677,36.1660,40.1326,50.0269,220.7793,330.4453,1077.8383,37.4444,865.5243,3.9203,0.9096,200.0000,81.1402,1
2025-07-07 15:20:00,26.9664,6.8904,12.1510,30.9446,36.1061,39.9107,50.0962,221.6981,330.4599,1079.5303,37.2066,878.8657,3.9642,0.9105,200.0000,81.2177,1
2025-07-07 15:25:00,26.8230,6.9229,12.1569,30.8933,36.1079,40.0086,50.2422,220.8229,328.7098,1081.0832,37.3786,876.5644,3.9695,0.9114,200.0000,81.2952,1
2025-07-07 15:30:00,26.8827,7.1026,12.1912,30.8195,36.1004,40.2823,49.9696,220.4782,332.4705,1080.8249,37.1868,858.0476,3.8918,0.9123,200.0000,81.3727,1
2025-07-07 15:35:00,26.9175,6.9454,12.0852,30.9761,36.1217,40.0962,49.9410,219.3993,329.7288,1081.1442,37.0954,862.6784,3.9320,0.9131,200.0000,81.4502,1
2025-07-07 15:40:00,26.9575,7.0714,12.0568,30.8986,35.9964,40.1933,49.9216,218.4313,331.0810,1079.0648,37.0133,838.8051,3.8401,0.9140,200.0000,81.5277,1
2025-07-07 15:45:00,27.0712,6.9533,12.2408,30.9527,36.1318,39.9354,50.2205,220.7218,326.2354,1077.8024,37.3186,883.9101,4.0046,0.9149,200.0000,81.6052,1
2025-07-07 15:50:00,26.7761,6.9909,12.1465,30.8431,36.1210,40.1285,50.1035,222.7922,329.8045,1079.8451,37.5784,866.0250,3.8871,0.9157,200.0000,81.6827,1
2025-07-07 15:55:00,26.9003,7.0313,12.1668,30.7957,36.1020,40.0032,49.7151,221.0804,328.2586,1081.0483,37.4220,859.9717,3.8899,0.9166,200.0000,81.7602,1
2025-07-07 16:00:00,26.7546,6.9590,12.1374,30.8295,35.9916,40.0439,49.7085,215.7876,329.1124,1073.9114,37.0030,868.0238,4.0226,0.9175,200.0000,81.8377,1
2025-07-07 16:05:00,26.9603,7.0796,12.1395,30.9419,36.0454,40.2425,49.8755,219.0682,335.8824,1074.6649,37.0867,852.3589,3.8908,0.9183,200.0000,81.9152,1
2025-07-07 16:10:00,26.7691,7.0038,12.1267,30.7174,35.8563,39.9666,50.0345,216.2127,331.5911,1074.7842,37.0218,857.0619,3.9640,0.9192,200.0000,81.9927,1
2025-07-07 16:15:00,26.9307,7.0230,12.0863,30.8548,36.0118,40.0023,49.9950,216.8204,333.6695,1075.4411,37.2840,847.8430,3.9103,0.9201,200.0000,82.0702,1
2025-07-07 16:20:00,26.8068,6.9866,12.1362,30.8615,35.9872,39.8916,50.0772,215.5082,332.6989,1078.1359,37.1038,859.9111,3.9902,0.9209,200.0000,82.1477,1
2025-07-07 16:25:00,26.8234,7.0329,12.1823,30.7465,35.9381,40.1066,49.9737,215.9203,332.8468,1074.7751,37.0929,864.5015,4.0038,0.9218,200.0000,82.2252,1
2025-07-07 16:30:00,26.6670,7.0789,12.0561,30.6668,35.7985,39.9327,50.2096,213.1261,331.1080,1069.3601,36.8083,831.9768,3.9037,0.9227,200.0000,82.3027,1
2025-07-07 16:35:00,26.6647,6.9934,11.9346,30.6509,35.6296,40.1227,50.1158,213.3176,334.7860,1068.4839,36.8138,829.8821,3.8904,0.9235,200.0000,82.3802,1
2025-07-07 16:40:00,26.5586,7.0865,11.9331,30.5475,35.5885,39.8020,50.0116,206.5959,333.7990,1059.4574,36.5982,807.5032,3.9086,0.9244,200.0000,82.4577,1
2025-07-07 16:45:00,26.5070,6.9694,11.9643,30.6346,35.4710,40.0658,50.1718,206.0859,332.4277,1063.5631,36.4208,837.7214,4.0649,0.9253,200.0000,82.5352,1
2025-07-07 16:50:00,26.6722,7.0382,11.8309,30.5939,35.5730,39.9228,49.7527,201.1015,333.4077,1056.8151,36.4361,800.9424,3.9828,0.9262,200.0000,82.6127,1
2025-07-07 16:55:00,26.6577,7.0245,11.8798,30.6758,35.4902,40.0877,49.9872,198.5271,333.1148,1057.4812,36.2756,814.7551,4.1040,0.9270,200.0000,82.6902,1
2025-07-07 17:00:00,26.6585,6.9466,11.7094,30.5525,35.2042,39.9984,50.0206,194.3115,334.1824,1050.9191,35.9943,797.4477,4.1040,0.9279,200.0000,82.7677,1
2025-07-07 17:05:00,26.6909,7.0107,11.7332,30.4971,35.3555,39.9358,50.0903,194.8547,333.8596,1052.3939,36.0875,789.4592,4.0515,0.9288,200.0000,82.8452,1
2025-07-07 17:10:00,26.5877,7.0004,11.7948,30.5707,35.3928,39.9536,49.7427,194.5622,334.6328,1052.1826,36.1299,801.8432,4.1213,0.9296,200.0000,82.9227,1
2025-07-07 17:15:00,26.5243,6.9573,11.7235,30.5223,35.2292,39.8980,49.9609,193.7362,337.3967,1050.0414,36.1335,796.0111,4.1087,0.9305,200.0000,83.0002,1
2025-07-07 17:20:00,26.4246,7.0179,11.7110,30.4368,35.0272,40.1005,50.0601,191.0130,331.7499,1044.4157,36.0028,787.7919,4.1243,0.9314,200.0000,83.0777,1
2025-07-07 17:25:00,26.4815,7.0073,11.6803,30.3157,34.9660,39.8742,50.0716,189.7894,336.9807,1047.0570,35.7909,779.9807,4.1097,0.9322,200.0000,83.1552,1
2025-07-07 17:30:00,26.4072,6.9964,11.5042,30.3826,34.9644,39.9680,50.1779,186.8198,334.4206,1039.1181,35.8007,754.1879,4.0370,0.9331,200.0000,83.2327,1
2025-07-07 17:35:00,26.3713,6.9966,11.4994,30.3064,34.7591,40.0414,50.1142,183.3959,338.2117,1038.9817,35.6218,754.7292,4.1153,0.9340,200.0000,83.3102,1
2025-07-07 17:40:00,26.3945,6.9955,11.5308,30.4162,34.7919,40.1936,49.9909,180.8605,335.2009,1038.8575,35.7084,763.0617,4.2191,0.9348,200.0000,83.3877,1
2025-07-07 17:45:00,26.4310,6.9816,11.5061,30.4326,34.9351,39.9989,50.1012,183.6239,336.5848,1039.0046,35.8042,757.5591,4.1256,0.9357,200.0000,83.4652,1
2025-07-07 17:50:00,26.4549,7.0070,11.5374,30.4268,34.8118,39.9709,49.9698,181.1401,335.7531,1035.1622,35.8792,758.0241,4.1847,0.9366,200.0000,83.5427,1
2025-07-07 17:55:00,26.3168,6.9678,11.3366,30.3700,34.6629,40.0328,50.0220,177.6343,333.0008,1031.7597,35.7521,732.1183,4.1215,0.9374,200.0000,83.6202,1
2025-07-07 18:00:00,26.2048,7.1328,11.3170,30.2475,34.5643,39.7512,50.1192,176.3441,340.0524,1029.4855,35.6987,696.2312,3.9481,0.9383,200.0000,83.6977,1
2025-07-07 18:05:00,26.0631,6.9295,11.3809,30.1343,34.3180,39.8562,49.9932,172.2840,335.1644,1022.4345,35.5640,742.6580,4.3107,0.9392,200.0000,83.7752,1
2025-07-07 18:10:00,25.9525,6.9708,11.2759,29.9626,34.1884,39.9550,50.0543,167.2104,338.1037,1011.4189,35.2634,720.0388,4.3062,0.9401,200.0000,83.8526,1
2025-07-07 18:15:00,25.7668,6.9747,11.2556,29.9781,34.0114,39.9144,50.1442,169.5984,335.5673,1008.5896,35.0836,715.2597,4.2174,0.9409,200.0000,83.9301,1
2025-07-07 18:20:00,25.8595,7.1020,11.2219,29.8360,34.0209,39.8079,50.1068,166.3143,335.5097,1014.1880,34.8804,686.5259,4.1279,0.9418,200.0000,84.0076,1
2025-07-07 18:25:00,25.9411,6.9340,11.2118,29.8398,34.0054,40.1029,50.1850,163.4674,337.9955,1003.9808,34.7946,718.1119,4.3930,0.9427,200.0000,84.0851,1
2025-07-07 18:30:00,25.8442,7.0213,11.1660,29.8996,33.9965,40.0312,50.3493,165.7836,336.9581,1010.7972,34.7840,694.5310,4.1894,0.9435,200.0000,84.1626,1
2025-07-07 18:35:00,25.8230,7.0124,11.0997,29.8254,33.8322,40.0168,50.1054,160.3999,336.3871,1005.1668,34.6248,684.6556,4.2684,0.9444,200.0000,84.2401,1
2025-07-07 18:40:00,25.7564,7.0167,11.0705,29.9047,33.7864,39.9167,49.9308,159.1162,339.2527,1005.3254,34.7112,677.3631,4.2570,0.9453,200.0000,84.3176,1
2025-07-07 18:45:00,25.7890,7.0618,11.0357,29.7943,33.7098,40.0095,50.0768,153.7209,336.9318,996.6460,34.4247,665.5431,4.3296,0.9461,200.0000,84.3951,1
2025-07-07 18:50:00,25.6065,7.0608,10.8896,29.5104,33.5028,40.0617,50.0703,152.6482,340.4922,994.0806,34.1933,642.0855,4.2063,0.9470,200.0000,84.4726,1
2025-07-07 18:55:00,25.6794,6.9775,11.0077,29.7830,33.6352,39.9682,50.0920,158.5794,339.4208,999.1482,34.2630,674.2929,4.2521,0.9479,200.0000,84.5501,1
2025-07-07 19:00:00,25.5745,7.0097,10.9850,29.5552,33.4475,40.0533,50.2243,153.5067,334.8801,999.8533,34.0696,666.5134,4.3419,0.9487,200.0000,84.6276,1
2025-07-07 19:05:00,25.4677,6.9068,10.9152,29.5548,33.3205,39.9045,49.7474,151.9312,339.6302,988.4497,33.7934,669.5682,4.4070,0.9496,200.0000,84.7051,1
2025-07-07 19:10:00,25.2887,7.0050,10.8843,29.2932,33.2347,40.0117,50.2271,148.6657,341.6914,988.0284,33.6396,649.7422,4.3705,0.9505,200.0000,84.7826,1
2025-07-07 19:15:00,25.4060,6.9603,10.8719,29.3728,33.1947,40.1371,50.2776,147.9597,338.5095,982.1113,33.7225,657.2076,4.4418,0.9513,200.0000,84.8601,1
2025-07-07 19:20:00,25.2935,6.9907,10.9788,29.2532,33.2091,40.1478,50.0852,148.3866,341.5211,985.9042,33.8597,670.2336,4.5168,0.9522,200.0000,84.9376,1
2025-07-07 19:25:00,25.2456,6.9157,10.8378,29.2899,33.0895,40.1593,50.0888,149.1156,341.7821,981.7336,33.7138,659.3277,4.4216,0.9531,200.0000,85.0151,1
2025-07-07 19:30:00,25.2047,7.0202,10.8517,29.2689,33.0421,40.0343,49.9638,147.2925,338.8688,981.7516,33.8380,642.0881,4.3593,0.9540,200.0000,85.0926,1
2025-07-07 19:35:00,25.0318,6.9152,10.8230,29.1236,32.9708,40.0038,50.0009,147.2926,340.5847,979.5463,33.6278,654.3918,4.4428,0.9548,200.0000,85.1701,1
2025-07-07 19:40:00,25.0098,7.0074,10.7963,28.9457,32.7557,39.9461,50.1047,144.0222,342.8336,976.8134,33.6230,633.5525,4.3990,0.9557,200.0000,85.2476,1
2025-07-07 19:45:00,25.0632,6.9387,10.8069,28.9797,32.6875,39.7831,50.0950,142.3158,339.8451,971.4919,33.4763,644.1768,4.5264,0.9566,200.0000,85.3251,1
2025-07-07 19:50:00,24.9957,6.9575,10.8129,28.9765,32.7693,39.8386,50.1081,142.6121,341.0572,970.2207,33.6938,642.9477,4.5084,0.9574,200.0000,85.4026,1
2025-07-07 19:55:00,24.8646,7.0577,10.8426,28.9585,32.6228,39.9798,50.0940,143.4777,343.6410,969.9543,33.4614,633.4263,4.4148,0.9583,200.0000,85.4801,1
2025-07-07 20:00:00,24.9081,7.0294,10.8912,28.9463,32.6831,39.9870,50.1348,147.0677,339.2102,974.0465,33.6249,646.4168,4.3954,0.9592,200.0000,85.5576,1
2025-07-07 20:05:00,24.9168,7.0575,10.9624,28.9269,32.7588,40.1695,50.1180,144.0139,341.8901,973.7324,33.5068,656.6097,4.5593,0.9600,200.0000,85.6351,1
2025-07-07 20:10:00,24.8766,7.0780,10.8160,28.7696,32.6224,40.1578,49.8463,145.2386,338.8509,967.4627,33.2804,628.3597,4.3264,0.9609,200.0000,85.7126,1
2025-07-07 20:15:00,24.8380,6.9614,10.7222,28.8130,32.5113,39.9176,50.1248,142.1734,341.0959,968.9231,33.1734,628.4193,4.4201,0.9618,200.0000,85.7901,1
2025-07-07 20:20:00,24.5865,7.0749,10.7983,28.8664,32.4197,40.0982,50.2788,143.6066,341.9235,965.9202,33.1116,624.9687,4.3520,0.9626,200.0000,85.8676,1
2025-07-07 20:25:00,24.5766,6.9267,10.8628,28.6316,32.2493,39.9428,49.9960,146.5496,335.8373,966.2085,32.9324,658.1201,4.4908,0.9635,200.0000,85.9451,1
2025-07-07 20:30:00,24.4301,7.0373,10.8292,28.3316,32.3759,40.0819,50.2249,142.8397,339.7411,961.2256,32.9406,636.2166,4.4541,0.9644,200.0000,86.0226,1
2025-07-07 20:35:00,24.4848,6.9753,10.8308,28.5590,32.3121,40.0967,49.8624,139.9386,342.0894,962.1732,32.5970,647.1275,4.6244,0.9652,200.0000,86.1001,1
2025-07-07 20:40:00,24.4524,6.9535,10.8691,28.5084,32.1517,40.1491,49.9955,141.2829,341.8430,958.5413,32.5099,658.0680,4.6578,0.9661,200.0000,86.1776,1
2025-07-07 20:45:00,24.2935,7.0307,10.8676,28.2639,31.9900,39.9409,49.9038,139.4729,340.4751,957.3403,32.6055,641.5016,4.5995,0.9670,200.0000,86.2551,1
2025-07-07 20:50:00,24.1828,7.0472,10.7629,28.2418,31.8634,40.1217,50.2069,135.9090,339.7423,952.8564,32.5481,624.0398,4.5916,0.9679,200.0000,86.3326,1
2025-07-07 20:55:00,24.1824,7.0458,10.7992,28.1339,31.7285,39.7753,50.2461,133.1146,343.5798,949.8879,32.1585,624.9426,4.6948,0.9687,200.0000,86.4101,1
2025-07-07 21:00:00,24.1983,7.0107,10.7201,28.1878,31.7574,40.1555,49.9851,138.8137,341.3047,955.3842,32.2381,623.5096,4.4917,0.9696,200.0000,86.4876,1
2025-07-07 21:05:00,24.0667,7.0066,10.6615,28.0069,31.6415,39.9970,50.1757,137.2080,342.9974,947.5747,32.0919,611.9375,4.4599,0.9705,200.0000,86.5651,1
2025-07-07 21:10:00,23.9049,7.0263,10.7643,28.0077,31.4570,39.9996,50.2476,134.9462,342.9245,946.4118,31.9731,625.8687,4.6379,0.9713,200.0000,86.6426,1
2025-07-07 21:15:00,23.7701,7.0152,10.5532,27.8162,31.2839,39.7555,49.9951,133.7676,341.8118,936.2506,31.8617,588.7808,4.4015,0.9722,200.0000,86.7201,1
2025-07-07 21:20:00,23.7430,7.0271,10.5605,27.6449,31.2382,39.9534,50.0195,130.1221,345.2346,935.2535,31.6989,590.9485,4.5415,0.9731,200.0000,86.7976,1
2025-07-07 21:25:00,23.5650,7.0102,10.5344,27.6968,30.9958,40.1627,50.1100,126.9052,342.6359,926.4546,31.4710,592.4925,4.6688,0.9739,200.0000,86.8751,1
2025-07-07 21:30:00,23.7310,7.0421,10.5005,27.6006,31.1071,39.9488,49.8736,123.9910,346.2279,928.9197,31.7566,578.3307,4.6643,0.9748,200.0000,86.9526,1
2025-07-07 21:35:00,23.6210,6.9186,10.4502,27.6015,31.0330,40.0856,50.0165,121.8707,346.8658,927.1413,31.6194,592.5837,4.8624,0.9757,200.0000,87.0301,1
2025-07-07 21:40:00,23.5431,6.9934,10.4016,27.5193,30.9041,40.0041,50.3214,123.4556,346.3161,925.5772,31.4756,570.7166,4.6228,0.9765,200.0000,87.1076,1
2025-07-07 21:45:00,23.4430,6.9308,10.4799,27.6356,30.8884,40.1275,49.9250,124.0153,343.6926,922.0117,31.3209,596.1469,4.8070,0.9774,200.0000,87.1851,1
2025-07-07 21:50:00,23.4395,7.0138,10.5288,27.4126,30.8252,40.0230,50.1281,124.4866,349.1627,920.8390,31.1262,588.8788,4.7305,0.9783,200.0000,87.2626,1
2025-07-07 21:55:00,23.3302,7.0821,10.4448,27.1918,30.6131,39.8882,50.0786,119.6401,344.6574,918.9519,30.8308,561.4742,4.6930,0.9791,200.0000,87.3401,1
2025-07-07 22:00:00,23.1319,6.9763,10.3472,27.1697,30.5368,40.0068,49.9754,119.3656,345.2877,912.5283,30.6148,564.5151,4.7293,0.9800,200.0000,87.4175,1
2025-07-07 22:05:00,23.1874,7.0064,10.2580,27.1853,30.4658,40.1921,50.0332,116.7652,345.3222,907.0830,30.5172,547.0726,4.6852,0.9809,200.0000,87.4950,1
2025-07-07 22:10:00,23.0501,7.0378,10.3221,27.0848,30.3676,40.0597,50.2629,118.0156,342.7601,908.5973,30.1837,550.7459,4.6667,0.9818,200.0000,87.5725,1
2025-07-07 22:15:00,22.8905,6.8966,10.3787,27.0365,30.0591,39.9860,50.0830,116.1040,347.6388,905.4932,30.1308,582.8350,5.0199,0.9826,200.0000,87.6500,1
2025-07-07 22:20:00,22.8648,6.9739,10.3444,26.8924,30.0109,40.2707,50.1065,115.4048,344.1654,902.5550,30.0200,568.1770,4.9233,0.9835,200.0000,87.7275,1
2025-07-07 22:25:00,22.6132,7.0182,10.2982,26.7327,29.9435,40.1391,50.2401,114.2135,347.0592,901.3915,29.8955,551.1057,4.8252,0.9844,200.0000,87.8050,1
2025-07-07 22:30:00,22.6690,6.8552,10.2562,26.6071,29.9219,40.0980,49.9566,115.5962,347.3049,900.7019,29.9221,570.8662,4.9385,0.9852,200.0000,87.8825,1
2025-07-07 22:35:00,22.6016,6.9512,10.3364,26.6019,29.6284,40.0381,49.8430,112.3470,346.6141,893.2813,29.6503,567.3628,5.0501,0.9861,200.0000,87.9600,1
2025-07-07 22:40:00,22.5919,7.0550,10.2629,26.5015,29.6193,40.0876,50.2653,112.3368,344.0864,893.7735,29.5082,538.2921,4.7918,0.9870,200.0000,88.0375,1
2025-07-07 22:45:00,22.6183,7.0501,10.3349,26.5659,29.8448,40.0915,50.0205,112.8533,344.8480,898.1332,29.6910,551.2586,4.8847,0.9878,200.0000,88.1150,1
2025-07-07 22:50:00,22.5085,7.0187,10.3087,26.5027,29.7207,39.7381,50.1340,114.1833,339.7975,895.1973,29.6747,547.2720,4.7929,0.9887,200.0000,88.1925,1
2025-07-07 22:55:00,22.4639,7.0441,10.2585,26.4331,29.6078,40.0474,49.8857,112.2944,345.2359,893.4760,29.6283,538.8592,4.7986,0.9896,200.0000,88.2700,1
2025-07-07 23:00:00,22.4944,7.0108,10.2538,26.4863,29.5800,39.9807,50.0583,109.3730,347.5824,889.3742,29.4847,542.7497,4.9624,0.9904,200.0000,88.3475,1
2025-07-07 23:05:00,22.4955,7.0278,10.3604,26.4567,29.6093,39.9400,49.8355,112.3609,345.5319,891.2963,29.5343,557.1740,4.9588,0.9913,200.0000,88.4250,1
2025-07-07 23:10:00,22.4747,6.9842,10.2908,26.5516,29.6070,39.9765,50.0096,110.5000,344.7371,893.6331,29.6159,553.3341,5.0076,0.9922,200.0000,88.5025,1
2025-07-07 23:15:00,22.4889,7.0058,10.2457,26.4316,29.5808,39.8133,49.9028,110.5512,345.4412,887.0187,29.7357,539.9541,4.8842,0.9930,200.0000,88.5800,1
2025-07-07 23:20:00,22.5590,6.9684,10.3046,26.3890,29.5685,39.7834,49.8684,110.3610,348.0742,890.7095,29.7126,555.5943,5.0343,0.9939,200.0000,88.6575,1
2025-07-07 23:25:00,22.3929,7.0632,10.1585,26.3158,29.4328,40.1496,49.9545,111.6948,345.8689,887.2522,29.6762,520.2159,4.6575,0.9948,200.0000,88.7350,1
2025-07-07 23:30:00,22.2947,7.0761,10.1747,26.3724,29.5415,40.0555,49.6560,109.8012,349.8190,890.3842,29.5078,519.5466,4.7317,0.9957,200.0000,88.8125,1
2025-07-07 23:35:00,22.1473,7.0690,10.0177,26.2182,29.2543,39.7104,49.8260,105.3045,345.6828,878.3940,29.3582,490.1556,4.6547,0.9965,200.0000,88.8900,1
2025-07-07 23:40:00,22.1433,6.9796,10.1678,26.0768,29.0451,39.9308,50.1174,102.5857,347.7697,877.3200,29.2403,532.9056,5.1947,0.9974,200.0000,88.9675,1
2025-07-07 23:45:00,22.0891,6.9523,10.1095,26.0687,28.9758,40.1057,50.0521,102.0301,346.8660,876.9612,29.2078,530.0364,5.1949,0.9983,200.0000,89.0450,1
2025-07-07 23:50:00,22.0975,7.0638,10.0286,26.0731,29.0125,39.9664,49.8389,97.1793,352.0818,874.2157,29.1655,495.9940,5.1039,0.9991,200.0000,89.1225,1
2025-07-07 23:55:00,21.9500,7.0272,9.9429,26.0462,28.8194,40.1494,50.0822,96.3424,348.8942,868.6457,28.7514,490.0259,5.0863,1.0000,200.0000,89.2000,1
