timestamp,outdoor_wet_bulb_c,chw_supply_temp_c,chw_return_temp_c,cw_supply_temp_c,cw_return_temp_c,chw_flow_kg_s,cw_flow_kg_s,compressor_power_kw,suction_pressure_kpa,discharge_pressure_kpa,cooling_load_kw,cop,fault_severity,condenser_ua_kw_per_k,fault_active
2025-07-01 00:00:00,21.5960,7.0415,10.0993,25.4891,28.4135,40.1376,50.1575,86.9305,347.0839,778.0286,513.7550,5.9100,0.0000,200.0000,0
2025-07-01 00:05:00,21.6131,6.9921,10.0657,25.5723,28.4878,39.9300,49.7965,89.0821,346.9413,773.8217,513.7418,5.7671,0.0000,200.0000,0
2025-07-01 00:10:00,21.4296,6.9634,10.0060,25.5554,28.3035,40.0061,49.9785,84.0369,353.1438,771.0957,509.5284,6.0632,0.0000,200.0000,0
2025-07-01 00:15:00,21.4178,6.9800,9.9198,25.4163,28.1496,40.0483,49.9328,83.2813,347.5457,766.6285,492.8449,5.9178,0.0000,200.0000,0
2025-07-01 00:20:00,21.4328,6.9401,9.9885,25.2946,28.0828,39.9340,49.7916,82.6457,350.3441,765.4921,509.5780,6.1658,0.0000,200.0000,0
2025-07-01 00:25:00,21.3345,7.0995,10.0507,25.2474,28.1183,39.9885,49.7819,86.1665,351.7804,762.5257,494.0196,5.7333,0.0000,200.0000,0
2025-07-01 00:30:00,21.3341,6.9952,10.0488,25.4378,28.0746,39.9300,49.8791,82.4793,349.6188,765.9187,510.3981,6.1882,0.0000,200.0000,0
2025-07-01 00:35:00,21.2745,7.0322,10.0072,25.2797,28.0660,40.0479,49.9039,83.3207,346.8926,761.2928,498.7197,5.9855,0.0000,200.0000,0
2025-07-01 00:40:00,21.1984,6.9732,9.9020,25.1059,27.9677,39.8414,50.0425,83.5474,345.6765,761.8926,488.4610,5.8465,0.0000,200.0000,0
2025-07-01 00:45:00,21.1533,6.9474,10.0038,25.1146,27.9822,40.0686,50.1566,82.4451,349.5473,758.3802,512.6460,6.2180,0.0000,200.0000,0
2025-07-01 00:50:00,21.0897,6.9883,10.0728,25.0274,27.7976,40.0373,50.0770,80.6473,351.5790,758.6880,516.9543,6.4101,0.0000,200.0000,0
2025-07-01 00:55:00,20.9829,7.0551,9.9611,25.0485,27.8576,39.9756,50.1126,82.7888,349.0611,761.5739,486.2888,5.8738,0.0000,200.0000,0
2025-07-01 01:00:00,20.9602,6.9740,9.9611,25.0187,27.8400,40.0539,49.9600,82.6591,350.7704,758.0354,500.8461,6.0592,0.0000,200.0000,0
2025-07-01 01:05:00,20.9984,6.9565,10.0410,24.9807,27.8783,39.9562,50.0905,81.7528,353.4360,754.6302,515.9036,6.3105,0.0000,200.0000,0
2025-07-01 01:10:00,20.9998,7.0078,10.0013,25.0469,27.8407,39.9196,49.9777,81.8770,349.9254,753.3560,500.2348,6.1096,0.0000,200.0000,0
2025-07-01 01:15:00,20.9325,7.0250,10.1752,24.9648,27.7471,40.0652,49.9338,85.5126,345.3827,759.8422,528.3307,6.1784,0.0000,200.0000,0
2025-07-01 01:20:00,20.8821,7.0821,9.9673,24.9440,27.7122,40.0704,50.2846,81.9961,348.0758,758.8153,483.9469,5.9021,0.0000,200.0000,0
2025-07-01 01:25:00,20.9421,7.0177,9.9622,24.9212,27.7219,39.9391,49.6504,83.1353,350.6502,755.0776,492.2829,5.9215,0.0000,200.0000,0
2025-07-01 01:30:00,20.9140,7.0322,10.0462,25.0218,27.6640,39.9288,49.7190,80.5935,347.6329,758.7188,503.7697,6.2507,0.0000,200.0000,0
2025-07-01 01:35:00,20.8862,7.0360,9.8667,24.8629,27.5773,39.9780,50.0574,80.5972,351.6256,753.0068,473.7258,5.8777,0.0000,200.0000,0
2025-07-01 01:40:00,20.9267,6.9423,9.9343,24.8616,27.5629,39.9338,49.9603,81.1304,348.3348,750.0523,500.1398,6.1646,0.0000,200.0000,0
2025-07-01 01:45:00,20.8773,6.9518,9.8919,24.8531,27.5823,40.1830,49.7845,80.1024,349.5422,749.1319,494.5438,6.1739,0.0000,200.0000,0
2025-07-01 01:50:00,20.9308,6.9458,9.9371,24.8917,27.6240,40.0380,49.8418,77.8351,348.2538,753.4086,501.3446,6.4411,0.0000,200.0000,0
2025-07-01 01:55:00,20.9201,6.9334,9.9420,24.8153,27.6261,40.0018,49.8613,79.6239,349.0596,752.9879,503.7815,6.3270,0.0000,200.0000,0
2025-07-01 02:00:00,20.9354,7.0398,9.9500,24.9068,27.6376,39.8881,50.1339,79.0195,349.0344,756.0241,485.9184,6.1493,0.0000,200.0000,0
2025-07-01 02:05:00,20.9534,7.0145,9.9041,24.8224,27.6515,40.0887,50.1819,80.0434,345.4167,751.1403,484.8988,6.0579,0.0000,200.0000,0
2025-07-01 02:10:00,20.9166,7.0040,9.9010,24.8952,27.5497,39.9266,50.2459,78.9605,348.4462,750.2382,484.1798,6.1319,0.0000,200.0000,0
2025-07-01 02:15:00,20.8343,6.8704,10.0080,24.7716,27.4753,39.9217,49.7616,75.9305,347.1408,747.8107,524.3342,6.9054,0.0000,200.0000,0
2025-07-01 02:20:00,20.9330,7.1028,9.8188,24.9017,27.4966,40.0927,49.7949,74.4353,348.9792,748.5770,455.8278,6.1238,0.0000,200.0000,0
2025-07-01 02:25:00,21.0236,6.9553,9.7407,25.0006,27.5187,40.0465,49.7847,73.7391,348.6061,747.5702,466.9305,6.3322,0.0000,200.0000,0
2025-07-01 02:30:00,20.9098,7.1026,9.5870,25.0576,27.4936,39.6996,50.1933,70.0811,352.9172,744.1681,412.8591,5.8912,0.0000,200.0000,0
2025-07-01 02:35:00,20.9398,6.9275,9.6267,24.9174,27.4492,39.9811,50.0626,70.6972,352.8841,746.1113,451.7413,6.3898,0.0000,200.0000,0
2025-07-01 02:40:00,21.0222,6.9594,9.6803,25.0056,27.5176,40.0151,50.0120,73.8128,351.6884,748.3901,455.7687,6.1747,0.0000,200.0000,0
2025-07-01 02:45:00,21.0013,6.8899,9.6461,24.9443,27.4702,39.9592,50.0344,71.0212,348.1838,746.9504,461.0351,6.4915,0.0000,200.0000,0
2025-07-01 02:50:00,20.9248,7.0181,9.7115,24.9226,27.4769,40.0192,49.9915,73.9765,350.1949,749.8608,451.1935,6.0991,0.0000,200.0000,0
2025-07-01 02:55:00,20.8932,6.9449,9.7397,24.8612,27.3375,39.7828,49.8318,71.5434,348.2082,741.4436,465.4089,6.5053,0.0000,200.0000,0
2025-07-01 03:00:00,20.9233,6.9463,9.6718,24.9692,27.3620,39.6603,50.0770,69.7946,350.9518,739.5308,452.4779,6.4830,0.0000,200.0000,0
2025-07-01 03:05:00,20.8606,6.9314,9.6124,24.9470,27.3806,39.8829,49.9721,71.0228,352.4511,746.5140,447.5895,6.3021,0.0000,200.0000,0
2025-07-01 03:10:00,20.9726,7.0389,9.5442,25.0961,27.3961,40.0339,49.8200,69.4061,353.2711,742.3387,419.8465,6.0491,0.0000,200.0000,0
2025-07-01 03:15:00,20.9612,7.0356,9.7063,24.9899,27.3821,39.6130,50.0861,72.2253,351.9429,744.3094,442.8538,6.1316,0.0000,200.0000,0
2025-07-01 03:20:00,20.9273,7.0906,9.6628,24.8848,27.4173,39.8988,49.9361,71.3897,353.2994,743.9582,429.5922,6.0176,0.0000,200.0000,0
2025-07-01 03:25:00,20.9912,6.9657,9.5659,24.9021,27.4137,39.7693,50.0341,71.2480,351.4103,743.1483,432.8567,6.0753,0.0000,200.0000,0
2025-07-01 03:30:00,20.8985,7.0109,9.6373,24.9192,27.3653,39.9709,49.9813,69.6735,350.8441,740.6716,439.4366,6.3071,0.0000,200.0000,0
2025-07-01 03:35:00,20.9294,6.9355,9.6396,25.0106,27.2743,40.2349,50.1337,70.4865,353.1702,742.2525,455.4217,6.4611,0.0000,200.0000,0
2025-07-01 03:40:00,20.8786,6.9832,9.4993,24.9273,27.4741,39.9739,50.0330,71.4646,352.9667,746.6302,421.0126,5.8912,0.0000,200.0000,0
2025-07-01 03:45:00,20.9921,6.9741,9.6194,24.9491,27.4956,39.9871,49.8674,69.5746,349.7719,746.8230,442.8006,6.3644,0.0000,200.0000,0
2025-07-01 03:50:00,21.0059,7.0232,9.6433,24.9961,27.4384,40.1007,50.0483,72.1072,351.6770,747.6533,439.8047,6.0993,0.0000,200.0000,0
2025-07-01 03:55:00,20.9296,7.0509,9.6161,24.9892,27.3892,40.0026,50.0532,67.7300,350.9082,741.7572,429.5560,6.3422,0.0000,200.0000,0
2025-07-01 04:00:00,20.9698,7.0496,9.5055,24.9760,27.1938,39.9742,50.0767,67.5280,347.8804,742.0516,410.9633,6.0858,0.0000,200.0000,0
2025-07-01 04:05:00,20.9248,6.9579,9.5252,24.9508,27.3165,40.1112,50.1554,68.7574,352.4818,739.6880,431.0724,6.2695,0.0000,200.0000,0
2025-07-01 04:10:00,20.9869,7.0499,9.6015,25.0095,27.3626,40.0566,49.9076,68.7661,349.0263,738.6782,427.8462,6.2218,0.0000,200.0000,0
2025-07-01 04:15:00,21.0320,6.9978,9.5421,25.0464,27.3208,40.0346,50.1002,69.8328,352.2686,745.0401,426.3933,6.1059,0.0000,200.0000,0
2025-07-01 04:20:00,21.1135,6.9838,9.5670,25.1019,27.4307,39.9833,49.7413,69.2931,348.7550,745.3432,432.3630,6.2396,0.0000,200.0000,0
2025-07-01 04:25:00,21.0664,6.9646,9.4602,25.0101,27.3838,39.9585,49.9820,67.0694,350.5875,741.9990,417.4393,6.2240,0.0000,200.0000,0
2025-07-01 04:30:00,20.9504,6.9720,9.5097,24.8991,27.3575,40.1101,49.9588,68.7103,350.6467,745.8848,426.0852,6.2012,0.0000,200.0000,0
2025-07-01 04:35:00,20.9502,7.0871,9.6556,25.0578,27.4322,39.9596,50.2172,70.8814,353.5797,744.1351,429.6408,6.0614,0.0000,200.0000,0
2025-07-01 04:40:00,20.9590,7.0154,9.6221,24.9308,27.3990,40.1478,49.9765,68.9440,350.1792,745.6737,438.0838,6.3542,0.0000,200.0000,0
2025-07-01 04:45:00,21.0215,7.0087,9.6797,24.9805,27.4068,39.8743,50.0912,70.7718,348.8954,748.6902,445.8275,6.2995,0.0000,200.0000,0
2025-07-01 04:50:00,21.1350,6.9869,9.6385,25.0271,27.4061,40.1721,49.7357,73.6987,351.5121,747.1643,445.8893,6.0502,0.0000,200.0000,0
2025-07-01 04:55:00,21.0471,7.1223,9.7202,25.0565,27.6760,40.0566,49.9472,73.9169,349.5614,750.3482,435.6030,5.8931,0.0000,200.0000,0
2025-07-01 05:00:00,21.0551,7.0653,9.7968,25.1403,27.6205,39.8838,49.8730,74.2479,351.8356,750.6399,456.0361,6.1421,0.0000,200.0000,0
2025-07-01 05:05:00,21.1548,6.9639,9.6821,25.2556,27.7467,40.0611,50.3713,75.3206,347.9859,757.8150,455.8150,6.0517,0.0000,200.0000,0
2025-07-01 05:10:00,21.3019,6.9863,9.8786,25.2841,27.8433,39.9220,49.9000,79.9749,349.9515,758.6928,483.3390,6.0436,0.0000,200.0000,0
2025-07-01 05:15:00,21.1548,6.9893,9.9674,25.2209,27.9880,40.0040,50.0110,80.1064,353.7613,764.3906,498.7124,6.2256,0.0000,200.0000,0
2025-07-01 05:20:00,21.2574,7.0073,9.9287,25.2353,27.8562,39.9416,50.0190,79.6062,348.4740,759.8244,488.4429,6.1357,0.0000,200.0000,0
2025-07-01 05:25:00,21.2330,6.9649,9.8492,25.1623,27.8874,39.9841,49.7616,78.8605,349.3434,757.0313,482.7455,6.1215,0.0000,200.0000,0
2025-07-01 05:30:00,21.2477,7.0219,9.8898,25.2161,27.9308,40.1130,49.9211,81.5515,345.2586,759.5474,481.5428,5.9048,0.0000,200.0000,0
2025-07-01 05:35:00,21.2026,7.0726,9.8678,25.3445,27.8711,40.0622,50.0607,80.0606,347.3078,758.7658,468.7528,5.8550,0.0000,200.0000,0
2025-07-01 05:40:00,21.3423,6.9343,9.8483,25.3231,27.9776,39.8650,50.0129,80.3784,349.6453,758.0283,486.2682,6.0497,0.0000,200.0000,0
2025-07-01 05:45:00,21.5469,6.9436,9.9777,25.5609,28.3378,39.8718,49.6549,86.7698,347.1336,770.1798,506.4049,5.8362,0.0000,200.0000,0
2025-07-01 05:50:00,21.4882,6.9758,10.0927,25.4918,28.3911,40.0325,49.9150,87.1793,348.7363,771.1729,522.3030,5.9911,0.0000,200.0000,0
2025-07-01 05:55:00,21.6856,6.9782,10.0083,25.6440,28.3883,40.0412,50.1531,85.1486,349.0559,771.1244,507.8968,5.9648,0.0000,200.0000,0
2025-07-01 06:00:00,21.6012,7.0999,9.9059,25.6568,28.3466,39.9191,50.0882,83.4718,345.7148,774.5095,468.8801,5.6172,0.0000,200.0000,0
2025-07-01 06:05:00,21.7012,7.0501,9.9862,25.7008,28.4199,40.1910,50.1827,83.9929,350.4307,771.5262,493.9721,5.8811,0.0000,200.0000,0
2025-07-01 06:10:00,21.6039,7.0472,10.0490,25.7355,28.6033,40.0976,49.8522,86.2363,345.3038,771.5846,503.8484,5.8427,0.0000,200.0000,0
2025-07-01 06:15:00,21.7805,6.9868,10.1162,25.7684,28.4814,39.9249,50.1921,88.3676,346.1401,773.9210,523.0132,5.9186,0.0000,200.0000,0
2025-07-01 06:20:00,21.8169,6.9857,10.0136,25.8070,28.5379,39.9133,49.9933,85.2412,348.5884,774.9424,505.8939,5.9348,0.0000,200.0000,0
2025-07-01 06:25:00,21.9076,6.9274,10.0622,25.9203,28.6792,39.9727,50.2388,86.5111,351.0644,779.1978,524.5216,6.0631,0.0000,200.0000,0
2025-07-01 06:30:00,22.0485,7.0391,10.0659,26.0149,28.8222,39.9602,50.0005,87.5628,345.6514,786.0678,506.3059,5.7822,0.0000,200.0000,0
2025-07-01 06:35:00,22.0332,7.0246,10.0943,26.0500,28.8753,40.1507,49.6929,87.5611,347.9280,784.4971,515.9280,5.8922,0.0000,200.0000,0
2025-07-01 06:40:00,21.9875,7.0643,9.9636,25.9744,28.8329,40.1181,50.1274,87.7738,348.0875,784.1583,486.8946,5.5472,0.0000,200.0000,0
2025-07-01 06:45:00,22.0571,6.9895,10.1511,25.9939,28.9343,40.0042,49.9335,92.8458,348.0243,786.6810,529.4351,5.7023,0.0000,200.0000,0
2025-07-01 06:50:00,21.9963,6.9929,10.2192,26.0341,29.1304,40.0813,49.9436,93.6044,348.5507,791.7585,541.3050,5.7829,0.0000,200.0000,0
2025-07-01 06:55:00,22.0919,7.0085,10.2755,26.0353,29.2617,40.0988,49.7820,97.0873,344.8273,792.1595,548.3691,5.6482,0.0000,200.0000,0
2025-07-01 07:00:00,22.2390,7.0446,10.3237,26.2240,29.1939,40.0070,50.2433,97.8671,347.5453,797.8054,549.1481,5.6112,0.0000,200.0000,0
2025-07-01 07:05:00,22.3214,6.9265,10.3246,26.2245,29.3001,40.0483,49.9218,98.0729,348.2534,797.1122,569.6605,5.8085,0.0000,200.0000,0
2025-07-01 07:10:00,22.2276,7.0368,10.3150,26.2393,29.3960,40.0713,50.2363,96.0596,349.1401,794.6413,549.8725,5.7243,0.0000,200.0000,0
2025-07-01 07:15:00,22.3019,6.9990,10.2519,26.3280,29.3956,40.0585,49.9353,95.8925,346.8604,799.2597,545.4693,5.6883,0.0000,200.0000,0
2025-07-01 07:20:00,22.3816,6.9471,10.3257,26.4158,29.6604,39.9065,49.8608,99.3989,345.3352,806.3409,564.4028,5.6782,0.0000,200.0000,0
2025-07-01 07:25:00,22.5335,6.8958,10.4363,26.4797,29.7192,39.9187,50.1979,101.8081,343.9157,805.3970,591.6248,5.8112,0.0000,200.0000,0
2025-07-01 07:30:00,22.5261,6.9932,10.4848,26.5727,29.8677,39.9654,49.9890,104.3403,341.2432,814.3749,584.1270,5.5983,0.0000,200.0000,0
2025-07-01 07:35:00,22.7262,7.0724,10.4193,26.7054,29.9393,39.9152,49.9905,105.3790,343.5814,811.2146,559.2128,5.3067,0.0000,200.0000,0
2025-07-01 07:40:00,22.9028,7.0837,10.5038,26.8431,30.2174,39.8232,49.8078,106.9301,344.0072,817.5195,570.1299,5.3318,0.0000,200.0000,0
2025-07-01 07:45:00,22.8518,7.0178,10.4575,26.8176,30.1502,40.0811,49.9314,108.8574,343.3089,820.5581,577.1117,5.3015,0.0000,200.0000,0
2025-07-01 07:50:00,23.0711,7.0981,10.5051,27.0747,30.4062,40.0416,50.0643,107.2387,345.0617,822.5395,571.0534,5.3251,0.0000,200.0000,0
2025-07-01 07:55:00,23.0588,6.9979,10.5996,26.9688,30.5209,39.8393,49.8051,113.3839,340.0887,827.2341,600.6599,5.2976,0.0000,200.0000,0
2025-07-01 08:00:00,23.2154,7.0477,10.5850,27.2158,30.6176,39.9711,49.9191,113.8931,342.5993,832.6993,591.8591,5.1966,0.0000,200.0000,0
2025-07-01 08:05:00,23.1871,6.9774,10.6645,27.2125,30.6813,39.9779,49.9369,112.5106,347.1850,830.5424,617.0230,5.4841,0.0000,200.0000,0
2025-07-01 08:10:00,23.3280,6.9743,10.5835,27.2981,30.8503,40.0218,50.0100,114.3924,344.7290,834.0116,604.6575,5.2858,0.0000,200.0000,0
2025-07-01 08:15:00,23.2946,6.9661,10.7010,27.2602,30.8082,39.8702,50.2219,113.8382,343.7712,837.5808,623.3355,5.4756,0.0000,200.0000,0
2025-07-01 08:20:00,23.5004,6.8970,10.8155,27.4579,31.0396,39.8375,49.9550,117.6394,342.9896,840.9292,653.4557,5.5547,0.0000,200.0000,0
2025-07-01 08:25:00,23.5823,7.0644,10.7884,27.5808,31.1236,40.0624,49.8964,118.8963,341.2462,845.6870,624.5261,5.2527,0.0000,200.0000,0
2025-07-01 08:30:00,23.5943,6.9679,10.6615,27.7004,31.1410,39.8159,50.4120,117.3366,339.0521,843.3661,615.6007,5.2465,0.0000,200.0000,0
2025-07-01 08:35:00,23.6079,6.9599,10.5960,27.6550,31.0425,39.9721,49.9350,117.2686,343.5585,841.6393,608.4065,5.1881,0.0000,200.0000,0
2025-07-01 08:40:00,23.7534,6.9410,10.5746,27.6251,31.1547,39.9609,49.9714,116.7704,337.8295,846.3259,607.8142,5.2052,0.0000,200.0000,0
2025-07-01 08:45:00,23.6815,6.9898,10.6976,27.6470,31.2184,39.9852,49.9463,120.6343,341.4596,850.8015,620.6017,5.1445,0.0000,200.0000,0
2025-07-01 08:50:00,23.6600,7.0882,10.7155,27.7548,31.3775,40.0303,49.9585,120.2340,341.8447,851.7122,607.8244,5.0553,0.0000,200.0000,0
2025-07-01 08:55:00,23.8542,7.1047,10.7287,27.7789,31.3435,40.1918,50.0117,121.3361,340.8373,854.0169,609.7091,5.0250,0.0000,200.0000,0
2025-07-01 09:00:00,23.9788,6.9170,10.8040,27.9822,31.6248,39.8081,50.1381,125.8750,345.6208,857.9266,647.7299,5.1458,0.0000,200.0000,0
2025-07-01 09:05:00,24.1830,6.9823,10.8372,28.0099,31.7498,40.1052,50.0606,126.0038,344.7482,860.1033,647.1618,5.1361,0.0000,200.0000,0
2025-07-01 09:10:00,24.1056,6.9483,10.8854,28.0720,31.7748,39.6985,50.1616,126.7213,343.0115,865.5716,654.2704,5.1631,0.0000,200.0000,0
2025-07-01 09:15:00,24.0737,7.0494,10.8372,28.2275,31.8175,40.1672,50.1566,130.3824,338.7871,860.4257,636.8770,4.8847,0.0000,200.0000,0
2025-07-01 09:20:00,24.2447,7.0143,10.8982,28.1530,31.9003,39.7549,50.0313,130.8550,344.2104,867.6245,646.3335,4.9393,0.0000,200.0000,0
2025-07-01 09:25:00,24.2606,6.9682,11.0703,28.3751,32.2244,40.2924,50.0564,137.0688,340.4215,880.2092,691.8875,5.0477,0.0000,200.0000,0
2025-07-01 09:30:00,24.4046,7.0036,11.0513,28.3616,32.2108,39.9532,50.1663,136.0564,337.4391,876.9803,676.9540,4.9755,0.0000,200.0000,0
2025-07-01 09:35:00,24.5290,6.9761,11.1093,28.4557,32.2569,40.1548,49.8333,136.3466,339.7418,879.0997,694.7424,5.0954,0.0000,200.0000,0
2025-07-01 09:40:00,24.5606,7.0807,11.0719,28.6099,32.4219,40.1301,50.3747,137.6847,341.2472,884.2422,670.4506,4.8695,0.0000,200.0000,0
2025-07-01 09:45:00,24.5041,7.0273,10.9726,28.5613,32.4953,39.9476,49.9231,137.3180,338.1884,880.9250,659.7351,4.8044,0.0000,200.0000,0
2025-07-01 09:50:00,24.6252,7.0335,11.0027,28.6422,32.4336,39.9568,49.9474,135.1644,340.2471,882.5081,663.8883,4.9117,0.0000,200.0000,0
2025-07-01 09:55:00,24.7499,6.8667,10.9929,28.6324,32.4656,39.8995,49.8182,134.8260,340.7306,881.2708,689.1575,5.1115,0.0000,200.0000,0
2025-07-01 10:00:00,24.7545,6.9967,10.9537,28.6785,32.5211,40.0945,49.8227,134.5220,337.9416,884.6109,664.1322,4.9370,0.0000,200.0000,0
2025-07-01 10:05:00,24.6700,7.1042,10.8540,28.7638,32.4717,39.9492,50.1461,132.8341,339.9709,882.6839,627.0749,4.7207,0.0000,200.0000,0
2025-07-01 10:10:00,24.6660,7.0663,11.1419,28.6726,32.5755,39.9017,50.3405,138.2789,337.3301,887.4730,680.7327,4.9229,0.0000,200.0000,0
2025-07-01 10:15:00,24.8482,6.9076,10.9834,28.7555,32.7115,40.0645,49.9149,138.4624,341.2562,890.6640,683.5523,4.9367,0.0000,200.0000,0
2025-07-01 10:20:00,24.8878,6.9843,11.2415,28.9580,32.9353,39.8923,50.0521,144.6422,336.3152,897.9592,710.8939,4.9148,0.0000,200.0000,0
2025-07-01 10:25:00,25.0214,6.9399,11.2297,28.9144,33.0826,39.9605,50.0330,148.0952,338.6234,897.7052,717.5778,4.8454,0.0000,200.0000,0
2025-07-01 10:30:00,25.0116,7.0856,11.3593,28.9467,33.1513,40.0129,50.1500,149.9921,334.3756,904.6613,715.8278,4.7724,0.0000,200.0000,0
2025-07-01 10:35:00,25.0922,7.0122,11.4276,29.1514,33.2407,39.9229,50.3328,152.6735,334.7841,906.5708,737.8932,4.8331,0.0000,200.0000,0
2025-07-01 10:40:00,25.0427,6.9616,11.4154,29.1022,33.3518,39.9410,50.2281,153.2868,334.3244,913.1675,744.6457,4.8579,0.0000,200.0000,0
2025-07-01 10:45:00,25.0230,7.0017,11.3766,29.0812,33.2526,40.1842,49.9642,155.2179,335.9703,912.6708,735.9104,4.7411,0.0000,200.0000,0
2025-07-01 10:50:00,25.1633,6.8696,11.4723,29.0752,33.4092,39.9755,50.0793,155.5559,336.8102,914.4347,770.1969,4.9513,0.0000,200.0000,0
2025-07-01 10:55:00,25.0989,6.9458,11.4201,29.0844,33.4618,39.9568,50.0942,158.0178,336.9003,918.7444,748.3712,4.7360,0.0000,200.0000,0
2025-07-01 11:00:00,25.2779,7.0018,11.5047,29.2809,33.6071,39.9790,49.9970,160.9539,332.2651,919.8288,753.5719,4.6819,0.0000,200.0000,0
2025-07-01 11:05:00,25.3859,7.0423,11.4607,29.3889,33.7293,40.0545,49.8356,161.4349,335.2409,922.7917,740.8295,4.5890,0.0000,200.0000,0
2025-07-01 11:10:00,25.3731,6.9029,11.4971,29.4453,33.8312,39.8759,49.8802,163.7811,333.8890,925.7696,766.8643,4.6823,0.0000,200.0000,0
2025-07-01 11:15:00,25.4561,6.9809,11.5383,29.4833,33.9672,40.0513,50.1722,164.9843,336.5634,924.7807,764.0595,4.6311,0.0000,200.0000,0
2025-07-01 11:20:00,25.6848,7.0505,11.5716,29.6905,34.1768,40.0307,50.1877,164.0593,334.8196,930.5793,757.5942,4.6178,0.0000,200.0000,0
2025-07-01 11:25:00,25.7916,6.9274,11.5633,29.6745,34.2528,39.7854,49.9689,169.5285,334.4295,941.0780,772.0638,4.5542,0.0000,200.0000,0
2025-07-01 11:30:00,25.8056,7.0115,11.6555,29.7755,34.2407,40.2153,50.0392,170.3052,333.2434,935.8964,781.7905,4.5905,0.0000,200.0000,0
2025-07-01 11:35:00,25.8515,7.0033,11.6647,29.8292,34.3899,40.1753,50.1796,173.5622,337.5823,941.6738,783.9185,4.5166,0.0000,200.0000,0
2025-07-01 11:40:00,25.7724,7.0857,11.8083,29.8674,34.4414,39.9039,49.7444,175.2691,331.2559,943.8966,788.8569,4.5008,0.0000,200.0000,0
2025-07-01 11:45:00,25.8114,6.9885,11.7850,29.8491,34.5508,39.8653,49.9330,179.4891,332.5577,948.0246,800.4305,4.4595,0.0000,200.0000,0
2025-07-01 11:50:00,25.8183,6.9914,11.7074,29.8247,34.5314,40.0274,50.3027,175.8452,333.8843,949.5281,790.1910,4.4937,0.0000,200.0000,0
2025-07-01 11:55:00,25.9003,7.0427,11.7950,29.9233,34.6376,39.8289,50.0449,177.7970,332.9459,950.5712,792.3124,4.4563,0.0000,200.0000,0
2025-07-01 12:00:00,25.9899,6.9337,11.7462,29.9531,34.6266,40.1637,49.8306,177.9555,331.9140,950.0822,809.1119,4.5467,0.0000,200.0000,0
2025-07-01 12:05:00,26.0442,6.9890,11.8587,30.0491,34.7874,39.9438,50.0176,178.7296,329.7929,955.3502,814.2438,4.5557,0.0000,200.0000,0
2025-07-01 12:10:00,25.8167,6.9772,11.8792,29.9230,34.6980,40.1946,50.1532,184.0853,331.3635,955.7014,824.7774,4.4804,0.0000,200.0000,0
2025-07-01 12:15:00,25.9424,6.9931,11.8721,29.9187,34.7175,39.9011,49.6180,181.4078,330.8235,953.0933,814.9249,4.4922,0.0000,200.0000,0
2025-07-01 12:20:00,26.0678,7.0424,11.9350,29.9258,34.8023,39.9865,50.0264,183.3812,335.8951,958.2849,818.9455,4.4658,0.0000,200.0000,0
2025-07-01 12:25:00,26.0785,7.0277,11.7844,30.0876,34.8702,40.1521,49.9441,179.9669,337.6309,955.0250,799.4912,4.4424,0.0000,200.0000,0
2025-07-01 12:30:00,25.9578,6.9626,11.8658,30.0978,34.8401,39.9612,49.7537,187.3718,332.2376,957.9882,820.1961,4.3774,0.0000,200.0000,0
2025-07-01 12:35:00,26.1731,7.0068,12.0015,30.0593,34.9896,40.0327,50.0123,188.1474,329.1244,966.2368,836.9932,4.4486,0.0000,200.0000,0
2025-07-01 12:40:00,26.0364,7.0745,11.9316,30.0785,34.8987,40.1311,49.9795,188.6234,333.3660,962.5133,815.9432,4.3258,0.0000,200.0000,0
2025-07-01 12:45:00,26.1800,6.9584,11.9244,30.2115,35.0104,39.9333,49.9964,187.6644,329.9850,964.9071,830.1216,4.4234,0.0000,200.0000,0
2025-07-01 12:50:00,26.3267,7.0073,12.0575,30.3200,35.2696,39.8486,49.9478,191.7552,330.5608,971.2056,842.4065,4.3931,0.0000,200.0000,0
2025-07-01 12:55:00,26.3535,6.9903,12.1042,30.3312,35.3257,39.8250,49.8468,196.5747,329.9057,977.4540,852.5215,4.3369,0.0000,200.0000,0
2025-07-01 13:00:00,26.3990,6.9968,12.1011,30.4451,35.5665,40.0700,49.7818,200.9647,329.4808,980.0338,856.1546,4.2602,0.0000,200.0000,0
2025-07-01 13:05:00,26.5591,6.9185,12.1719,30.5133,35.6025,40.0467,49.8964,202.8400,329.4629,982.6804,880.6552,4.3416,0.0000,200.0000,0
2025-07-01 13:10:00,26.4959,7.0705,12.1593,30.4722,35.5356,40.1274,50.1289,201.4330,327.5318,984.9308,854.7832,4.2435,0.0000,200.0000,0
2025-07-01 13:15:00,26.4504,6.9613,12.3381,30.4467,35.5858,39.9671,50.0350,204.9137,328.4001,981.6387,899.5555,4.3899,0.0000,200.0000,0
2025-07-01 13:20:00,26.4607,7.0513,12.3275,30.4087,35.6202,39.8283,49.9896,207.3518,331.5831,988.8260,879.6602,4.2424,0.0000,200.0000,0
2025-07-01 13:25:00,26.4593,6.9689,12.3107,30.4993,35.7977,39.7177,49.8440,209.4563,329.0847,988.1490,888.1071,4.2401,0.0000,200.0000,0
2025-07-01 13:30:00,26.6474,6.9687,12.4378,30.5775,36.0337,40.3442,49.9439,215.9470,328.7915,996.6237,923.6230,4.2771,0.0000,200.0000,0
2025-07-01 13:35:00,26.5655,7.0607,12.2564,30.6051,35.8549,40.0632,50.1106,211.5187,324.7463,990.5991,871.3570,4.1195,0.0000,200.0000,0
2025-07-01 13:40:00,26.6177,7.0497,12.2287,30.6619,35.8298,40.0164,50.0757,206.6152,331.5964,988.6584,867.5291,4.1988,0.0000,200.0000,0
2025-07-01 13:45:00,26.5856,7.0104,12.3338,30.5502,35.9409,40.0334,49.9284,211.9708,327.8058,998.3000,892.0867,4.2085,0.0000,200.0000,0
2025-07-01 13:50:00,26.5289,7.0381,12.3109,30.6324,35.8602,39.8282,49.6083,208.6487,331.7433,994.8546,879.0933,4.2133,0.0000,200.0000,0
2025-07-01 13:55:00,26.5978,6.9856,12.2792,30.5779,35.7957,39.9046,49.8988,209.3678,329.8376,993.4773,884.2430,4.2234,0.0000,200.0000,0
2025-07-01 14:00:00,26.5836,6.9996,12.2594,30.5555,35.7650,40.2092,49.9276,208.4501,328.6983,987.7372,885.3081,4.2471,0.0000,200.0000,0
2025-07-01 14:05:00,26.5827,6.9669,12.3007,30.7158,35.9375,40.0790,49.8639,208.4529,326.0727,992.5183,894.8478,4.2928,0.0000,200.0000,0
2025-07-01 14:10:00,26.7469,7.0452,12.1749,30.6836,35.8240,39.9084,49.9380,204.2347,334.6783,991.0392,856.9564,4.1959,0.0000,200.0000,0
2025-07-01 14:15:00,26.8682,6.9653,12.1703,30.7443,35.8389,39.8528,50.1225,205.1319,331.9194,993.0818,868.3107,4.2329,0.0000,200.0000,0
2025-07-01 14:20:00,26.7242,7.0743,12.2374,30.7471,35.9025,39.9381,49.9944,206.2801,331.4560,990.4508,863.1717,4.1845,0.0000,200.0000,0
2025-07-01 14:25:00,26.6938,6.9842,12.2369,30.7571,35.8747,39.9621,50.1485,205.1396,333.6316,990.8020,878.6842,4.2833,0.0000,200.0000,0
2025-07-01 14:30:00,26.8096,7.0010,12.1677,30.8379,35.8807,40.2459,49.7737,201.4380,331.0622,988.9454,870.4239,4.3210,0.0000,200.0000,0
2025-07-01 14:35:00,26.9152,7.0379,12.1733,30.8899,36.0398,39.9774,49.9542,203.1489,333.1899,997.0324,859.3813,4.2303,0.0000,200.0000,0
2025-07-01 14:40:00,26.9842,7.0012,12.0757,30.9198,35.9093,39.8573,49.7091,201.6875,329.7563,993.0431,846.6425,4.1978,0.0000,200.0000,0
2025-07-01 14:45:00,26.9310,6.9851,12.1333,31.0481,36.1371,39.9930,49.9360,204.6412,331.8024,996.9089,861.8697,4.2116,0.0000,200.0000,0
2025-07-01 14:50:00,26.9705,6.9985,12.2101,31.0089,36.0580,40.0317,49.8432,206.1811,329.0125,997.9238,873.3247,4.2357,0.0000,200.0000,0
2025-07-01 14:55:00,26.9777,7.0447,12.2186,30.9252,36.0583,39.8463,50.1922,200.9233,329.6231,997.6744,862.9933,4.2951,0.0000,200.0000,0
2025-07-01 15:00:00,27.0147,6.9669,12.1424,30.9170,36.0325,40.0483,50.0615,201.4261,330.9064,993.7682,867.6350,4.3075,0.0000,200.0000,0
2025-07-01 15:05:00,26.9167,6.9937,12.1576,30.9517,35.9964,40.1451,50.1522,205.0786,327.8331,998.2373,867.7793,4.2314,0.0000,200.0000,0
2025-07-01 15:10:00,27.0052,7.0005,12.1776,31.0084,36.1860,40.0166,49.9356,204.8354,331.1202,995.2878,867.2131,4.2337,0.0000,200.0000,0
2025-07-01 15:15:00,27.0272,7.0432,12.0689,30.8868,36.1155,39.9044,49.8470,200.6782,330.1600,996.7658,839.4874,4.1833,0.0000,200.0000,0
2025-07-01 15:20:00,27.0648,6.9950,12.1960,31.0258,36.0642,39.9365,49.8423,202.8345,326.7703,992.5407,869.4803,4.2866,0.0000,200.0000,0
2025-07-01 15:25:00,27.1008,7.0904,12.1350,31.0635,36.1615,39.8009,50.0398,203.7591,329.8694,997.5942,840.4573,4.1248,0.0000,200.0000,0
2025-07-01 15:30:00,27.2035,6.9922,12.1262,31.1440,36.2254,39.9839,50.2715,204.4947,329.8247,1003.8084,859.2931,4.2020,0.0000,200.0000,0
2025-07-01 15:35:00,27.2250,6.9881,12.1688,31.2664,36.4581,40.0373,50.0619,205.2600,332.0818,1006.4022,868.2614,4.2301,0.0000,200.0000,0
2025-07-01 15:40:00,27.1896,6.9914,12.1312,31.0781,36.1054,39.8924,49.9438,205.2514,331.1015,1001.0460,858.2921,4.1817,0.0000,200.0000,0
2025-07-01 15:45:00,27.0931,6.9342,12.2882,31.0977,36.2555,40.2328,49.9717,209.4537,332.9104,999.9640,901.6959,4.3050,0.0000,200.0000,0
2025-07-01 15:50:00,27.2918,6.9482,12.2037,31.1034,36.2549,40.0951,49.9953,206.7289,331.1253,1001.9544,882.0813,4.2668,0.0000,200.0000,0
2025-07-01 15:55:00,26.9751,6.9735,12.1327,31.0130,35.9826,39.7849,50.3040,202.1824,329.6825,999.2557,859.2150,4.2497,0.0000,200.0000,0
2025-07-01 16:00:00,26.9341,7.0568,12.0684,30.9420,35.9242,39.7873,50.1850,198.2174,331.3512,991.6582,834.6746,4.2109,0.0000,200.0000,0
2025-07-01 16:05:00,27.0018,6.9983,12.0159,31.0374,36.0612,39.8819,50.0390,198.0297,330.6662,993.4583,837.6614,4.2300,0.0000,200.0000,0
2025-07-01 16:10:00,26.8954,6.9758,12.0667,30.8615,35.8321,40.1888,50.0165,195.7755,332.3056,989.0378,856.4555,4.3747,0.0000,200.0000,0
2025-07-01 16:15:00,26.9556,7.0613,11.9532,30.9267,35.7625,40.1069,50.0449,191.5970,332.3853,982.4035,821.2804,4.2865,0.0000,200.0000,0
2025-07-01 16:20:00,26.8301,7.0776,11.8348,30.9526,35.7601,40.1948,50.0741,188.7867,331.2234,983.4126,800.4309,4.2399,0.0000,200.0000,0
2025-07-01 16:25:00,26.8930,7.0628,11.9533,30.8108,35.7130,40.0012,49.9380,189.8867,332.2735,983.2502,818.8908,4.3125,0.0000,200.0000,0
2025-07-01 16:30:00,26.8942,6.9573,11.9668,30.6900,35.7375,39.9749,49.8734,190.8672,332.9519,983.3713,838.2572,4.3918,0.0000,200.0000,0
2025-07-01 16:35:00,26.8022,6.9752,11.9909,30.8192,35.5909,39.8503,50.1548,194.2015,329.8949,979.6474,836.6783,4.3083,0.0000,200.0000,0
2025-07-01 16:40:00,26.7033,7.0907,11.9666,30.7342,35.6041,40.0420,50.0033,191.0498,332.6977,983.0427,817.2782,4.2778,0.0000,200.0000,0
2025-07-01 16:45:00,26.7692,7.0121,12.0047,30.6555,35.6598,39.9765,50.1423,193.3455,328.6916,981.7828,835.4829,4.3212,0.0000,200.0000,0
2025-07-01 16:50:00,26.7147,6.9866,12.0692,30.6238,35.5818,39.9718,50.2469,193.8910,333.9758,978.8977,850.4351,4.3862,0.0000,200.0000,0
2025-07-01 16:55:00,26.7020,7.0359,11.9226,30.6513,35.5945,40.1942,50.0781,192.4792,332.9846,982.0409,822.1963,4.2716,0.0000,200.0000,0
2025-07-01 17:00:00,26.5719,7.0504,11.8561,30.6266,35.3558,39.9848,50.0538,186.3214,336.0521,972.1472,804.3737,4.3171,0.0000,200.0000,0
2025-07-01 17:05:00,26.4011,6.9714,11.8264,30.3978,35.1984,40.1597,50.4800,181.3386,331.2008,963.8022,816.1558,4.5007,0.0000,200.0000,0
2025-07-01 17:10:00,26.3995,7.0110,11.7772,30.4676,35.0397,39.8094,50.0311,179.1508,336.0197,963.6336,794.2549,4.4334,0.0000,200.0000,0
2025-07-01 17:15:00,26.4141,7.0463,11.7554,30.4067,35.0980,40.3226,49.8364,177.0927,335.7900,961.6871,794.8478,4.4883,0.0000,200.0000,0
2025-07-01 17:20:00,26.4281,6.9420,11.9133,30.4111,35.1151,39.9552,49.9578,179.4277,333.2085,964.0993,831.4687,4.6340,0.0000,200.0000,0
2025-07-01 17:25:00,26.4275,7.0006,11.7922,30.4504,35.2228,40.0849,50.2328,179.6911,332.9329,963.6953,804.0029,4.4744,0.0000,200.0000,0
2025-07-01 17:30:00,26.3272,6.9443,11.8109,30.4077,34.9768,40.1040,49.8059,178.8160,331.5731,965.2287,816.9804,4.5688,0.0000,200.0000,0
2025-07-01 17:35:00,26.2132,6.9508,11.6989,30.2919,34.8735,39.9403,49.8871,176.6627,331.3720,954.4680,793.8388,4.4935,0.0000,200.0000,0
2025-07-01 17:40:00,26.2008,6.9718,11.6117,30.2396,34.7270,40.0983,50.1660,174.3744,332.9853,953.4069,778.8016,4.4663,0.0000,200.0000,0
2025-07-01 17:45:00,26.2507,7.0239,11.6729,30.2389,34.8458,40.1045,49.9593,175.3027,331.7577,954.6592,780.4672,4.4521,0.0000,200.0000,0
2025-07-01 17:50:00,26.2426,6.9839,11.6469,30.2406,34.7992,39.9144,49.9835,170.2242,338.0797,951.7691,779.1084,4.5770,0.0000,200.0000,0
2025-07-01 17:55:00,26.2401,6.9676,11.5729,30.2442,34.6791,39.9158,50.1610,165.8983,332.3556,950.2853,769.4958,4.6384,0.0000,200.0000,0
2025-07-01 18:00:00,26.0276,7.0026,11.5580,30.0398,34.5461,40.0054,49.8925,165.7867,335.7757,942.3138,762.8664,4.6015,0.0000,200.0000,0
2025-07-01 18:05:00,26.0506,6.9427,11.5612,29.9206,34.4030,39.9861,49.7797,166.4334,336.0757,943.4153,773.0662,4.6449,0.0000,200.0000,0
2025-07-01 18:10:00,25.8543,7.0214,11.5161,29.8273,34.2447,40.1672,49.7917,164.6872,336.2171,938.1622,755.7387,4.5889,0.0000,200.0000,0
2025-07-01 18:15:00,25.8260,7.0566,11.4836,29.8356,34.2228,40.0843,50.0873,163.5390,336.7317,933.9817,742.8315,4.5422,0.0000,200.0000,0
2025-07-01 18:20:00,25.8443,6.9960,11.5091,29.8533,34.1716,39.9915,50.0389,162.3014,337.8927,936.1891,755.5076,4.6550,0.0000,200.0000,0
2025-07-01 18:25:00,25.7588,6.9899,11.5205,29.9136,34.2011,40.0727,49.8961,164.4955,335.0633,936.1538,759.9867,4.6201,0.0000,200.0000,0
2025-07-01 18:30:00,25.6720,7.0187,11.3992,29.6437,33.9903,39.7544,49.8262,161.0418,336.3627,928.8821,728.9753,4.5266,0.0000,200.0000,0
2025-07-01 18:35:00,25.6907,6.8986,11.5245,29.6118,34.0645,39.9262,49.9594,163.8534,335.3039,931.6714,773.1412,4.7185,0.0000,200.0000,0
2025-07-01 18:40:00,25.5271,7.0268,11.4898,29.5961,33.9949,40.0345,50.1675,164.2196,338.2079,928.6025,747.9164,4.5544,0.0000,200.0000,0
2025-07-01 18:45:00,25.6388,7.1551,11.5204,29.6227,34.0264,40.1338,49.8746,163.2251,340.0065,928.2841,733.3660,4.4930,0.0000,200.0000,0
2025-07-01 18:50:00,25.7293,6.9939,11.5589,29.6274,34.1019,40.0240,49.9006,165.5603,332.8442,932.4682,764.8249,4.6196,0.0000,200.0000,0
2025-07-01 18:55:00,25.5885,6.9940,11.6256,29.5854,34.0640,40.1750,49.8214,163.5883,331.3394,932.6580,778.9076,4.7614,0.0000,200.0000,0
2025-07-01 19:00:00,25.5137,7.0372,11.5519,29.4285,33.9751,40.1042,49.9449,164.8693,336.3355,928.4009,757.9157,4.5971,0.0000,200.0000,0
2025-07-01 19:05:00,25.4965,7.0823,11.5699,29.4647,33.8338,39.9414,50.0507,164.4337,337.4332,928.7985,750.3069,4.5630,0.0000,200.0000,0
2025-07-01 19:10:00,25.3098,7.0487,11.5777,29.3251,33.7693,39.9832,50.3173,162.6121,339.3153,925.0181,758.0124,4.6615,0.0000,200.0000,0
2025-07-01 19:15:00,25.1954,6.8922,11.4006,29.1193,33.5563,40.0490,50.0327,156.4710,337.7051,913.8857,755.8161,4.8304,0.0000,200.0000,0
2025-07-01 19:20:00,25.0356,7.0282,11.3634,29.0562,33.3087,39.9462,49.9919,153.9100,339.6430,912.8550,724.9156,4.7100,0.0000,200.0000,0
2025-07-01 19:25:00,25.1053,7.1286,11.3173,29.1855,33.3656,40.1838,50.1294,151.1242,340.4651,907.7579,704.5794,4.6623,0.0000,200.0000,0
2025-07-01 19:30:00,24.9731,7.0311,11.3342,28.9629,33.2661,39.8670,50.1044,151.3515,339.8390,904.6027,718.1047,4.7446,0.0000,200.0000,0
2025-07-01 19:35:00,24.9479,6.9423,11.3289,28.8887,33.1533,40.0379,49.9134,150.9429,338.7444,906.5954,735.1868,4.8706,0.0000,200.0000,0
2025-07-01 19:40:00,24.9416,7.0141,11.3670,28.9463,33.0591,40.0883,50.3453,149.8121,334.7356,897.7103,730.4594,4.8758,0.0000,200.0000,0
2025-07-01 19:45:00,24.7954,6.9360,11.2847,28.8084,32.9994,39.9624,49.9963,148.8115,337.2572,903.0597,727.4696,4.8885,0.0000,200.0000,0
2025-07-01 19:50:00,24.6138,7.0616,11.3654,28.7109,32.9027,39.9353,50.0355,149.9545,337.6934,897.8911,719.4497,4.7978,0.0000,200.0000,0
2025-07-01 19:55:00,24.7202,6.9522,11.3233,28.7944,32.8663,39.9909,50.0827,149.9374,337.1310,896.1417,731.7345,4.8803,0.0000,200.0000,0
2025-07-01 20:00:00,24.8179,7.0037,11.2185,28.7964,32.9511,40.0974,50.0519,149.1637,337.4098,896.9227,707.4416,4.7427,0.0000,200.0000,0
2025-07-01 20:05:00,24.8612,6.9571,11.2885,28.7516,32.8735,39.9400,50.2288,146.6308,340.8289,893.7242,724.1539,4.9386,0.0000,200.0000,0
2025-07-01 20:10:00,24.7137,6.9727,11.1590,28.7355,32.7531,39.8717,49.9115,144.1637,336.4461,894.4557,698.7054,4.8466,0.0000,200.0000,0
2025-07-01 20:15:00,24.6354,7.0743,11.1948,28.7128,32.7304,40.1381,50.1175,141.7858,340.0936,887.3031,692.3091,4.8828,0.0000,200.0000,0
2025-07-01 20:20:00,24.6670,7.0052,11.0703,28.6829,32.5341,40.0479,50.0247,139.9483,339.6764,887.5308,681.4739,4.8695,0.0000,200.0000,0
2025-07-01 20:25:00,24.5719,6.9720,11.1206,28.5246,32.4799,40.1209,50.1474,141.0358,337.1295,885.7612,696.7379,4.9401,0.0000,200.0000,0
2025-07-01 20:30:00,24.5247,6.9427,11.0135,28.6089,32.5061,40.0911,49.9678,138.4981,337.0311,882.6822,683.1637,4.9327,0.0000,200.0000,0
2025-07-01 20:35:00,24.4836,6.9064,11.0421,28.5136,32.3403,40.2616,49.9474,137.4774,336.1243,882.6300,697.0028,5.0699,0.0000,200.0000,0
2025-07-01 20:40:00,24.5126,6.9374,10.9698,28.4045,32.1110,40.1338,50.1098,132.8401,341.4110,876.0592,677.4354,5.0996,0.0000,200.0000,0
2025-07-01 20:45:00,24.1571,7.0056,10.7674,28.2756,31.9759,39.9131,50.0537,125.1393,341.2539,868.5015,628.5126,5.0225,0.0000,200.0000,0
2025-07-01 20:50:00,24.3103,7.0490,10.8226,28.3120,31.9695,40.0564,49.8770,128.9057,339.3612,866.3837,632.7410,4.9086,0.0000,200.0000,0
2025-07-01 20:55:00,24.0893,6.9720,10.8202,28.1395,31.7687,39.9331,50.2018,124.1937,337.7125,861.4227,643.2609,5.1795,0.0000,200.0000,0
2025-07-01 21:00:00,23.9932,7.0785,10.6627,28.0009,31.4647,39.9455,50.1099,118.6801,343.6245,851.5456,599.3116,5.0498,0.0000,200.0000,0
2025-07-01 21:05:00,24.0585,6.9641,10.6159,28.0158,31.4750,39.8305,49.9889,122.1485,341.6043,855.9971,608.8676,4.9847,0.0000,200.0000,0
2025-07-01 21:10:00,23.8998,6.9881,10.7922,27.9425,31.3999,39.9657,49.9298,117.4504,340.9013,851.3581,636.4108,5.4185,0.0000,200.0000,0
2025-07-01 21:15:00,23.8171,6.9460,10.6260,27.8224,31.2687,40.0654,50.0546,114.4779,341.1507,846.4181,617.1799,5.3913,0.0000,200.0000,0
2025-07-01 21:20:00,23.7732,7.0495,10.6233,27.7443,31.1349,39.9921,50.0991,113.4938,342.6926,844.2355,598.2671,5.2714,0.0000,200.0000,0
2025-07-01 21:25:00,23.7550,7.1049,10.6017,27.7549,31.1878,39.8681,49.7609,113.5439,343.9430,845.3223,583.5697,5.1396,0.0000,200.0000,0
2025-07-01 21:30:00,23.6050,6.9119,10.5285,27.6229,31.0522,39.8172,50.0564,116.2479,342.2414,842.5701,602.7964,5.1854,0.0000,200.0000,0
2025-07-01 21:35:00,23.5804,6.9827,10.6763,27.5904,31.1383,40.2534,50.0979,118.4050,340.3503,845.1857,622.3780,5.2563,0.0000,200.0000,0
2025-07-01 21:40:00,23.4960,7.0632,10.5463,27.5816,30.9474,40.0390,49.6471,112.9306,343.1672,838.4028,583.7662,5.1692,0.0000,200.0000,0
2025-07-01 21:45:00,23.5264,6.9277,10.6434,27.4383,30.9216,39.9011,50.0294,115.3420,345.0340,837.1550,620.6240,5.3807,0.0000,200.0000,0
2025-07-01 21:50:00,23.3746,7.0283,10.6468,27.4505,30.8750,40.0554,50.1042,117.2115,342.6838,838.0371,606.7208,5.1763,0.0000,200.0000,0
2025-07-01 21:55:00,23.3371,7.0611,10.7104,27.2444,30.8156,40.2627,50.0871,117.2917,342.4076,835.9914,615.0593,5.2438,0.0000,200.0000,0
2025-07-01 22:00:00,23.3310,7.0039,10.6415,27.3350,30.8541,40.0745,50.1204,116.4686,341.7681,838.9925,610.2183,5.2393,0.0000,200.0000,0
2025-07-01 22:05:00,23.1894,7.0275,10.6762,27.1874,30.6859,39.6656,49.9509,113.8974,341.0266,832.5021,605.8239,5.3190,0.0000,200.0000,0
2025-07-01 22:10:00,23.2694,7.0880,10.5234,27.1368,30.4658,40.3183,49.8440,112.5973,341.3696,830.6864,579.7974,5.1493,0.0000,200.0000,0
2025-07-01 22:15:00,23.1502,7.0974,10.5944,27.1353,30.4942,39.7781,49.7300,108.9938,340.7162,826.2972,582.2790,5.3423,0.0000,200.0000,0
2025-07-01 22:20:00,23.1418,6.9969,10.5451,27.2525,30.4259,39.9753,50.1638,106.7576,346.8031,827.3340,593.7391,5.5616,0.0000,200.0000,0
2025-07-01 22:25:00,23.1068,6.9734,10.3808,27.0591,30.2016,39.8640,50.1055,101.3228,346.4655,817.2139,568.6009,5.6118,0.0000,200.0000,0
2025-07-01 22:30:00,22.9030,6.9540,10.2676,26.8995,29.9014,39.9112,50.1753,96.9586,346.4897,810.3906,553.6043,5.7097,0.0000,200.0000,0
2025-07-01 22:35:00,22.8367,7.0488,10.1983,26.7750,29.8747,40.0341,49.8912,95.1000,346.9271,807.0787,527.7897,5.5498,0.0000,200.0000,0
2025-07-01 22:40:00,22.7964,6.9314,10.2352,26.7098,29.7391,39.7515,50.1206,96.4129,347.2261,807.4544,549.7496,5.7020,0.0000,200.0000,0
2025-07-01 22:45:00,22.6754,6.9874,10.1681,26.6485,29.7045,39.9892,49.7746,93.6476,345.1109,802.3071,532.4315,5.6855,0.0000,200.0000,0
2025-07-01 22:50:00,22.6695,7.0051,10.1140,26.6248,29.5960,40.1377,49.8696,96.1505,345.7750,800.0305,522.3320,5.4324,0.0000,200.0000,0
2025-07-01 22:55:00,22.7358,6.9748,10.2687,26.6200,29.5959,39.8988,50.0189,96.2619,345.4614,802.1609,550.1266,5.7149,0.0000,200.0000,0
2025-07-01 23:00:00,22.7110,7.0140,10.2468,26.5805,29.7300,39.8332,50.0995,94.4832,351.4589,804.3098,539.0416,5.7052,0.0000,200.0000,0
2025-07-01 23:05:00,22.4967,7.1282,10.1670,26.6110,29.5708,39.9833,50.2519,93.9537,348.6558,799.6413,508.6022,5.4133,0.0000,200.0000,0
2025-07-01 23:10:00,22.5113,6.9939,10.0548,26.5464,29.3822,39.9594,49.9640,94.3905,347.3845,796.2995,511.9853,5.4241,0.0000,200.0000,0
2025-07-01 23:15:00,22.3869,6.9782,10.0131,26.4661,29.2909,39.9286,49.8701,89.2320,350.3884,791.1733,507.2458,5.6846,0.0000,200.0000,0
2025-07-01 23:20:00,22.3520,7.0508,9.9353,26.2551,29.2418,39.8574,49.8624,87.4152,350.2680,789.8134,481.2673,5.5055,0.0000,200.0000,0
2025-07-01 23:25:00,22.2618,7.0120,10.0634,26.2095,29.1187,40.0623,49.8968,88.7328,345.1124,789.6896,511.7184,5.7670,0.0000,200.0000,0
2025-07-01 23:30:00,22.2394,7.0720,9.9650,26.1982,29.1442,40.0714,50.3332,88.1303,347.1874,785.4295,485.2811,5.5064,0.0000,200.0000,0
2025-07-01 23:35:00,22.1464,7.0082,10.0371,26.1563,28.9752,39.8721,50.1135,85.8889,347.7860,789.1857,505.5295,5.8859,0.0000,200.0000,0
2025-07-01 23:40:00,22.1398,6.9876,9.9916,26.0482,28.9466,39.8887,50.1669,88.5669,348.9508,784.5150,501.5882,5.6634,0.0000,200.0000,0
2025-07-01 23:45:00,22.0276,6.9108,9.8791,26.1388,28.7889,40.0164,49.9642,84.1069,347.9681,781.5386,497.2210,5.9118,0.0000,200.0000,0
2025-07-01 23:50:00,21.9042,6.9190,9.9624,25.9537,28.7249,39.8842,49.9998,84.9933,348.2189,778.2535,508.1109,5.9782,0.0000,200.0000,0
2025-07-01 23:55:00,21.9686,6.9082,9.9299,25.8112,28.5500,40.0214,50.1049,83.2695,347.5259,771.3177,506.2153,6.0792,0.0000,200.0000,0
2025-07-02 00:00:00,21.8115,7.0190,10.0376,25.9269,28.6323,40.1762,49.9241,86.5470,350.1401,775.0652,507.6659,5.8658,0.0000,200.0000,0
2025-07-02 00:05:00,21.8288,6.9319,9.9044,25.8230,28.6333,39.9928,49.9563,85.0010,345.3863,774.6117,497.6278,5.8544,0.0000,200.0000,0
2025-07-02 00:10:00,21.6354,7.0628,9.8023,25.7302,28.4247,39.8544,49.8988,77.5981,348.4748,770.6018,457.0378,5.8898,0.0000,200.0000,0
2025-07-02 00:15:00,21.6099,7.0015,9.6978,25.5666,28.2556,40.0471,49.9329,79.4651,345.8332,762.6310,451.9917,5.6879,0.0000,200.0000,0
2025-07-02 00:20:00,21.6369,6.9878,9.7326,25.6150,28.4297,39.9787,50.0073,79.8638,347.2566,766.3504,459.3475,5.7516,0.0000,200.0000,0
2025-07-02 00:25:00,21.5703,6.9578,9.8666,25.5619,28.1498,39.9820,49.8767,79.1421,350.4905,764.0701,486.8301,6.1513,0.0000,200.0000,0
2025-07-02 00:30:00,21.7018,7.0311,9.8845,25.7589,28.1546,40.0570,50.0429,78.4213,350.4988,766.1075,478.4448,6.1010,0.0000,200.0000,0
2025-07-02 00:35:00,21.6481,6.9598,9.7200,25.6562,28.1949,40.0829,50.0427,76.5959,349.7392,763.2480,463.1284,6.0464,0.0000,200.0000,0
2025-07-02 00:40:00,21.5153,6.9507,9.7541,25.5006,28.0571,40.0043,49.9731,77.2772,351.9501,760.0171,469.4399,6.0748,0.0000,200.0000,0
2025-07-02 00:45:00,21.3372,7.0594,9.7113,25.3770,27.9541,39.9927,49.8759,74.7716,352.9833,755.0441,443.9518,5.9374,0.0000,200.0000,0
2025-07-02 00:50:00,21.5320,7.0177,9.7395,25.4857,27.8649,40.2476,50.0157,74.6070,350.3892,758.6056,458.5592,6.1463,0.0000,200.0000,0
2025-07-02 00:55:00,21.2406,6.9883,9.6766,25.2323,27.7725,40.1441,49.9243,74.0387,350.9750,757.4624,451.7536,6.1016,0.0000,200.0000,0
2025-07-02 01:00:00,21.3115,7.0321,9.7329,25.1567,27.6941,40.1000,50.0070,76.1278,349.4138,753.0764,453.3502,5.9551,0.0000,200.0000,0
2025-07-02 01:05:00,21.2199,7.0004,9.7733,25.1409,27.7307,40.0157,50.1647,76.1186,351.1328,751.7873,464.4693,6.1019,0.0000,200.0000,0
2025-07-02 01:10:00,21.2032,7.0192,9.7066,25.2720,27.7011,39.8793,49.8121,73.8202,347.8141,752.0190,448.6247,6.0773,0.0000,200.0000,0
2025-07-02 01:15:00,21.1320,6.9592,9.7369,25.2697,27.7527,40.1353,50.3260,75.1187,353.5600,754.6327,466.6730,6.2125,0.0000,200.0000,0
2025-07-02 01:20:00,21.1889,7.1035,9.6904,25.1587,27.7335,40.0173,49.9891,74.1478,352.9752,750.5609,433.3292,5.8441,0.0000,200.0000,0
2025-07-02 01:25:00,21.1468,6.9710,9.5741,25.1366,27.6440,39.9307,50.0618,71.3177,348.7366,751.8151,435.0999,6.1009,0.0000,200.0000,0
2025-07-02 01:30:00,21.1744,7.0778,9.5772,25.0909,27.4669,39.9708,49.8871,69.1363,350.1255,748.6119,418.1904,6.0488,0.0000,200.0000,0
2025-07-02 01:35:00,21.0606,6.9906,9.4949,25.0770,27.4429,39.8841,50.1713,69.0020,352.8472,743.7017,418.1104,6.0594,0.0000,200.0000,0
2025-07-02 01:40:00,20.9651,7.0404,9.5615,25.0752,27.4467,40.1269,49.9812,68.1419,351.0229,740.5148,423.4716,6.2146,0.0000,200.0000,0
2025-07-02 01:45:00,21.1904,7.0367,9.5972,25.1737,27.4787,40.0820,49.9409,66.1828,353.0141,743.6273,429.6130,6.4913,0.0000,200.0000,0
2025-07-02 01:50:00,21.1123,7.0573,9.5021,25.1619,27.4477,40.0218,49.9137,66.9710,351.3521,742.9316,409.5771,6.1157,0.0000,200.0000,0
2025-07-02 01:55:00,21.0365,6.9580,9.5731,25.0509,27.4184,39.9949,49.9597,68.4147,354.9822,741.8558,437.8230,6.3995,0.0000,200.0000,0
2025-07-02 02:00:00,20.9845,7.0538,9.4629,25.0403,27.3486,39.9183,50.0628,68.5635,351.7378,743.5059,402.5541,5.8713,0.0000,200.0000,0
2025-07-02 02:05:00,21.0973,7.0923,9.5121,25.0443,27.4260,39.7444,50.0259,66.9293,356.7029,744.4682,402.5754,6.0149,0.0000,200.0000,0
2025-07-02 02:10:00,20.8759,6.9871,9.4919,24.9475,27.2906,39.8304,49.9940,67.6514,353.4436,735.6777,417.6253,6.1732,0.0000,200.0000,0
2025-07-02 02:15:00,20.9496,7.0017,9.6677,25.0370,27.4166,39.9109,49.8933,69.7151,348.8639,746.4768,445.3868,6.3887,0.0000,200.0000,0
2025-07-02 02:20:00,20.9549,6.9738,9.4567,24.9575,27.2548,39.8928,49.8846,69.0397,355.8753,741.5043,414.6252,6.0056,0.0000,200.0000,0
2025-07-02 02:25:00,20.9350,6.9827,9.5388,24.9279,27.2668,40.0347,49.9309,68.6499,353.9928,741.2500,428.3609,6.2398,0.0000,200.0000,0
2025-07-02 02:30:00,20.8258,7.0856,9.6118,24.8393,27.1347,40.0974,50.0690,66.5718,352.5944,740.2517,424.0140,6.3693,0.0000,200.0000,0
2025-07-02 02:35:00,20.8057,6.9498,9.5315,24.9028,27.1629,39.9846,50.0993,69.2343,352.8620,738.8899,432.1172,6.2414,0.0000,200.0000,0
2025-07-02 02:40:00,20.9060,6.9529,9.4941,24.8230,27.2083,40.1691,50.1196,67.9232,349.7412,741.5955,427.2961,6.2909,0.0000,200.0000,0
2025-07-02 02:45:00,20.8358,7.0805,9.6244,24.8557,27.4032,39.9061,49.9998,71.3570,347.6514,742.3927,424.9420,5.9552,0.0000,200.0000,0
2025-07-02 02:50:00,20.8475,7.0312,9.6040,24.8854,27.3062,39.9837,50.0575,70.5030,351.2852,745.0423,430.6101,6.1077,0.0000,200.0000,0
2025-07-02 02:55:00,20.7580,7.1060,9.7056,24.7233,27.2430,39.9939,49.9747,70.9887,353.8554,739.0232,435.2057,6.1306,0.0000,200.0000,0
2025-07-02 03:00:00,20.8178,6.9775,9.6601,24.7552,27.1172,40.1311,49.7387,68.9999,351.8027,743.5932,450.6551,6.5312,0.0000,200.0000,0
2025-07-02 03:05:00,20.7523,7.0063,9.7930,24.7517,27.3248,40.0127,49.9676,73.4830,353.6902,741.7649,466.7541,6.3519,0.0000,200.0000,0
2025-07-02 03:10:00,20.6889,6.9670,9.7853,24.7767,27.3204,40.0160,49.9437,74.7707,352.2778,749.9261,472.0910,6.3138,0.0000,200.0000,0
2025-07-02 03:15:00,20.8375,7.0072,9.7893,24.7468,27.3333,39.8014,49.8441,77.8350,349.4853,744.3351,463.5350,5.9554,0.0000,200.0000,0
2025-07-02 03:20:00,20.7783,6.9113,9.7697,24.8121,27.3537,39.8920,49.9149,76.3122,352.1877,747.2936,477.3259,6.2549,0.0000,200.0000,0
2025-07-02 03:25:00,20.7697,7.0342,9.7777,24.7678,27.3971,40.1315,50.0203,75.9411,352.4122,746.1175,460.8751,6.0689,0.0000,200.0000,0
2025-07-02 03:30:00,20.7463,7.0162,9.7770,24.7380,27.2691,39.7510,49.8300,74.2593,349.8938,745.7579,459.3986,6.1864,0.0000,200.0000,0
2025-07-02 03:35:00,20.7290,6.9971,9.6924,24.7655,27.2936,40.1612,49.8934,73.2416,349.9684,742.7357,453.1173,6.1866,0.0000,200.0000,0
2025-07-02 03:40:00,20.5639,6.9805,9.6780,24.7097,27.2498,40.0600,50.2322,73.6216,350.6774,738.7314,452.3566,6.1443,0.0000,200.0000,0
2025-07-02 03:45:00,20.7699,6.9553,9.6657,24.7812,27.1604,39.9103,49.7596,68.9918,346.1616,734.0292,452.8259,6.5635,0.0000,200.0000,0
2025-07-02 03:50:00,20.6110,7.0364,9.5681,24.5820,26.9788,39.9002,49.9725,67.5706,351.6755,741.1871,422.8529,6.2579,0.0000,200.0000,0
2025-07-02 03:55:00,20.6204,6.9414,9.7109,24.5470,27.0993,40.2275,49.8251,71.3978,352.1642,738.7795,466.3468,6.5317,0.0000,200.0000,0
2025-07-02 04:00:00,20.5693,7.0256,9.6241,24.4902,27.0738,40.1694,49.8873,67.9101,351.2148,730.7624,436.9307,6.4340,0.0000,200.0000,0
2025-07-02 04:05:00,20.6619,7.1037,9.7559,24.6088,27.0669,39.9857,49.9703,72.3025,351.1993,739.9991,443.9277,6.1399,0.0000,200.0000,0
2025-07-02 04:10:00,20.6014,7.0743,9.7989,24.5622,27.3264,40.0162,49.8519,76.6963,349.4224,746.0019,456.3874,5.9506,0.0000,200.0000,0
2025-07-02 04:15:00,20.6692,6.9247,9.8725,24.7885,27.3048,39.9225,50.0861,78.1164,345.3296,744.3821,492.6127,6.3061,0.0000,200.0000,0
2025-07-02 04:20:00,20.7101,6.9732,9.8921,24.7968,27.4604,40.0162,50.2027,77.8344,352.2989,747.3442,488.9430,6.2818,0.0000,200.0000,0
2025-07-02 04:25:00,20.8557,7.0211,9.9817,24.7354,27.4788,39.9191,50.1263,80.5981,347.7301,750.8034,494.7197,6.1381,0.0000,200.0000,0
2025-07-02 04:30:00,20.8154,6.9965,9.9306,24.7162,27.4648,39.9906,50.1537,80.4768,347.3906,752.6928,491.1711,6.1033,0.0000,200.0000,0
2025-07-02 04:35:00,20.7858,6.9300,9.8817,24.9474,27.7336,40.2172,49.7930,80.3643,351.0130,754.6324,496.9111,6.1832,0.0000,200.0000,0
2025-07-02 04:40:00,20.8291,7.0193,9.9959,24.8491,27.5774,39.9885,49.9635,81.8516,350.4153,756.8949,498.2578,6.0873,0.0000,200.0000,0
2025-07-02 04:45:00,20.9193,6.9995,9.9596,24.8750,27.7114,39.8742,50.0701,81.8898,348.8501,757.3419,494.0891,6.0336,0.0000,200.0000,0
2025-07-02 04:50:00,20.8051,7.0957,10.0520,24.7905,27.7213,39.8360,50.1307,82.2618,349.4417,754.0861,492.9724,5.9927,0.0000,200.0000,0
2025-07-02 04:55:00,20.7569,6.9873,10.0113,24.8288,27.6290,40.0153,50.2630,81.8197,345.8886,750.0568,506.5226,6.1907,0.0000,200.0000,0
2025-07-02 05:00:00,20.9059,7.0584,9.8356,24.8397,27.4156,39.9087,50.1604,78.1728,348.8852,748.9418,463.9549,5.9350,0.0000,200.0000,0
2025-07-02 05:05:00,20.8574,6.9366,9.7978,24.9014,27.4226,40.0296,50.1345,78.2168,351.8912,750.1526,479.4278,6.1295,0.0000,200.0000,0
2025-07-02 05:10:00,20.8974,6.9486,9.9428,24.9259,27.5448,39.8057,50.3950,79.3229,347.3963,752.1854,498.9181,6.2897,0.0000,200.0000,0
2025-07-02 05:15:00,20.8833,7.0361,9.8593,24.9179,27.6013,40.0828,50.0144,78.9092,347.0487,753.1211,473.6998,6.0031,0.0000,200.0000,0
2025-07-02 05:20:00,20.9445,7.0542,9.9856,24.9594,27.6564,39.8728,49.9566,80.1126,348.6698,755.5509,489.2810,6.1074,0.0000,200.0000,0
2025-07-02 05:25:00,20.9735,6.9521,9.9009,24.9589,27.6393,40.0056,50.0266,79.1366,348.9570,755.7916,493.8053,6.2399,0.0000,200.0000,0
2025-07-02 05:30:00,21.0680,7.0012,9.9667,24.9911,27.7559,39.9594,49.8627,80.7355,350.0004,756.3980,496.0396,6.1440,0.0000,200.0000,0
2025-07-02 05:35:00,21.2058,6.9309,9.9531,25.1417,27.8692,40.2062,50.0101,80.5179,345.8133,760.6532,508.6411,6.3171,0.0000,200.0000,0
2025-07-02 05:40:00,21.1443,6.9909,9.9155,25.1854,27.9226,40.0206,49.7410,81.3773,343.7258,764.1717,489.9450,6.0207,0.0000,200.0000,0
2025-07-02 05:45:00,21.2851,7.0418,9.8929,25.1737,28.0201,40.2335,49.9206,81.4415,350.5806,756.6158,480.1607,5.8958,0.0000,200.0000,0
2025-07-02 05:50:00,21.3098,6.9783,9.8713,25.2527,27.9215,40.0673,49.9827,78.7090,347.0019,760.9517,485.2283,6.1648,0.0000,200.0000,0
2025-07-02 05:55:00,21.3582,6.9875,9.9279,25.2711,27.9208,40.1710,50.1424,79.9444,347.8771,763.7856,494.4318,6.1847,0.0000,200.0000,0
2025-07-02 06:00:00,21.3643,6.9435,9.8868,25.4490,28.0592,39.9749,50.1667,80.0707,344.5543,761.3138,492.5153,6.1510,0.0000,200.0000,0
2025-07-02 06:05:00,21.3385,6.9676,9.8358,25.4705,28.0370,40.0415,49.8555,76.5040,351.6323,762.1504,480.7448,6.2839,0.0000,200.0000,0
2025-07-02 06:10:00,21.4724,7.0879,9.7998,25.4442,28.1401,40.1462,50.3114,77.6060,350.3839,765.3217,455.7479,5.8726,0.0000,200.0000,0
2025-07-02 06:15:00,21.6464,7.0036,9.8502,25.5695,28.2468,40.1086,50.0223,80.0107,349.9184,764.0512,477.9232,5.9732,0.0000,200.0000,0
2025-07-02 06:20:00,21.6278,6.9499,9.9093,25.5849,28.2440,40.0637,50.0360,79.8670,350.0778,767.4952,496.3136,6.2142,0.0000,200.0000,0
2025-07-02 06:25:00,21.6643,6.9843,9.9388,25.7258,28.3397,39.9606,49.7573,81.5334,344.8900,768.8881,494.2195,6.0616,0.0000,200.0000,0
2025-07-02 06:30:00,21.6858,6.9201,9.9415,25.7262,28.5003,39.9809,49.9070,84.4139,346.5526,772.4778,505.6637,5.9903,0.0000,200.0000,0
2025-07-02 06:35:00,21.7437,6.9493,9.9930,25.7708,28.7343,40.1365,50.1575,84.2658,347.2499,775.1304,511.3723,6.0686,0.0000,200.0000,0
2025-07-02 06:40:00,21.9144,7.0680,10.0143,25.9526,28.8038,40.1615,50.0255,87.5294,346.1013,783.2973,495.3117,5.6588,0.0000,200.0000,0
2025-07-02 06:45:00,21.8206,6.9929,9.9941,25.8917,28.6526,39.9289,50.0162,87.7104,347.4410,777.1232,501.6267,5.7191,0.0000,200.0000,0
2025-07-02 06:50:00,21.9451,7.0945,10.0975,25.9785,28.8382,39.9107,50.0341,87.3158,347.8215,782.3507,501.6944,5.7457,0.0000,200.0000,0
2025-07-02 06:55:00,22.0095,6.9952,10.1070,25.8913,28.7393,39.8915,49.7835,88.0254,349.4868,780.6680,519.6238,5.9031,0.0000,200.0000,0
2025-07-02 07:00:00,22.0501,6.9982,10.1389,26.0678,29.0029,40.0996,49.9855,89.1103,344.2087,785.0220,527.1843,5.9161,0.0000,200.0000,0
2025-07-02 07:05:00,22.2145,7.0320,10.1616,26.1394,29.2105,39.8885,50.2112,94.3750,346.1981,789.9321,522.5578,5.5370,0.0000,200.0000,0
2025-07-02 07:10:00,22.1369,6.8664,10.2761,26.1515,29.1758,40.0981,50.1630,94.5411,347.5552,791.8053,572.3287,6.0538,0.0000,200.0000,0
2025-07-02 07:15:00,22.2253,7.0102,10.2518,26.1875,29.3383,40.0655,49.9812,96.7869,344.0458,795.1882,543.6489,5.6170,0.0000,200.0000,0
2025-07-02 07:20:00,22.4008,6.9976,10.1879,26.4499,29.4542,39.9346,50.2346,96.4775,345.6643,799.5651,533.3192,5.5279,0.0000,200.0000,0
2025-07-02 07:25:00,22.4527,7.0743,10.4180,26.5501,29.7391,40.1877,49.8111,99.5250,346.0463,808.4805,562.5008,5.6519,0.0000,200.0000,0
2025-07-02 07:30:00,22.7253,7.0482,10.4079,26.7057,29.8175,39.8245,49.8542,100.0893,345.2710,808.7205,560.0740,5.5957,0.0000,200.0000,0
2025-07-02 07:35:00,22.7383,6.9433,10.4064,26.8119,29.9437,40.1991,50.2795,103.1713,346.1166,811.6152,582.7507,5.6484,0.0000,200.0000,0
2025-07-02 07:40:00,22.8849,7.0621,10.5141,26.8705,30.0928,40.0383,50.0867,107.4857,344.2572,816.1652,578.5584,5.3827,0.0000,200.0000,0
2025-07-02 07:45:00,22.9123,6.9869,10.5759,26.9245,30.2952,39.7512,49.9567,111.8037,342.9625,823.4382,597.2028,5.3415,0.0000,200.0000,0
2025-07-02 07:50:00,22.8991,6.9548,10.6460,26.9593,30.3391,40.1910,49.9917,111.3676,340.9244,823.0314,621.0055,5.5762,0.0000,200.0000,0
2025-07-02 07:55:00,22.8972,7.0099,10.6388,26.9638,30.3312,40.1167,49.8790,110.7863,343.5503,824.8841,609.3951,5.5006,0.0000,200.0000,0
2025-07-02 08:00:00,23.1702,6.9899,10.4987,27.2385,30.5130,39.9486,50.0415,110.9688,343.5609,828.2526,586.7591,5.2876,0.0000,200.0000,0
2025-07-02 08:05:00,23.2708,7.0769,10.7718,27.2707,30.6912,39.8842,50.0296,115.9499,340.5073,836.3704,616.8761,5.3202,0.0000,200.0000,0
2025-07-02 08:10:00,23.4186,7.0170,10.7582,27.4351,30.9655,39.8117,50.0030,117.1774,343.3828,840.7162,623.4704,5.3207,0.0000,200.0000,0
2025-07-02 08:15:00,23.5433,7.0103,10.7014,27.4899,31.0406,40.2899,49.8260,119.3539,344.5752,842.5323,622.5223,5.2158,0.0000,200.0000,0
2025-07-02 08:20:00,23.6200,7.0450,10.6461,27.5573,31.0244,39.8892,50.0397,115.8246,340.9578,842.2906,601.3007,5.1915,0.0000,200.0000,0
2025-07-02 08:25:00,23.5856,7.0546,10.7502,27.5344,31.0853,39.8484,49.9206,119.6685,340.5995,843.3532,616.4457,5.1513,0.0000,200.0000,0
2025-07-02 08:30:00,23.5362,7.0392,10.7333,27.6220,31.2262,40.0322,49.8521,119.7759,340.3457,848.6144,619.0346,5.1683,0.0000,200.0000,0
2025-07-02 08:35:00,23.6909,7.0710,10.8723,27.7518,31.3453,39.8035,50.1900,125.0263,337.6323,853.2306,633.3663,5.0659,0.0000,200.0000,0
2025-07-02 08:40:00,23.7544,7.0304,10.9142,27.8624,31.4564,39.8822,50.3255,127.8173,344.8256,854.1909,648.3900,5.0728,0.0000,200.0000,0
2025-07-02 08:45:00,23.8928,7.0084,10.8718,27.8719,31.5824,40.1194,50.2914,126.2659,339.7313,861.4060,648.8273,5.1386,0.0000,200.0000,0
2025-07-02 08:50:00,23.9203,7.0620,10.8151,27.8886,31.7199,40.0557,50.0975,126.8459,339.1500,857.4407,629.2999,4.9611,0.0000,200.0000,0
2025-07-02 08:55:00,23.8321,6.9955,10.8794,27.8853,31.5585,39.9536,49.9602,126.8813,338.7011,858.7199,649.5737,5.1195,0.0000,200.0000,0
2025-07-02 09:00:00,23.9817,7.0017,10.8831,27.9250,31.7578,40.0022,49.9894,128.6951,339.7748,863.8331,649.9470,5.0503,0.0000,200.0000,0
2025-07-02 09:05:00,23.9747,7.0861,10.8585,28.1325,31.7471,39.9469,50.0608,124.7581,339.6370,862.0147,630.8096,5.0563,0.0000,200.0000,0
2025-07-02 09:10:00,24.1757,7.0811,10.8593,28.1513,31.9115,39.9926,49.9370,131.4046,343.2914,863.2812,632.5050,4.8134,0.0000,200.0000,0
2025-07-02 09:15:00,24.1623,6.9996,10.9881,28.2935,32.0914,39.9086,50.1978,133.2536,337.3153,873.6664,666.3072,5.0003,0.0000,200.0000,0
2025-07-02 09:20:00,24.2711,6.9773,11.0210,28.2585,32.0451,39.9304,49.6946,132.2852,336.8610,874.9111,675.8945,5.1094,0.0000,200.0000,0
2025-07-02 09:25:00,24.3517,7.0732,11.0576,28.3480,32.1817,39.9267,49.9556,134.6818,340.7007,877.7565,665.9307,4.9445,0.0000,200.0000,0
2025-07-02 09:30:00,24.5587,7.0400,11.0730,28.4575,32.3355,39.9129,50.1202,138.8609,338.6931,878.7070,673.8113,4.8524,0.0000,200.0000,0
2025-07-02 09:35:00,24.4948,7.0158,11.0699,28.4130,32.4222,40.1253,49.8732,138.6891,338.3329,887.5736,680.9495,4.9099,0.0000,200.0000,0
2025-07-02 09:40:00,24.5089,6.9839,11.1367,28.4816,32.5554,40.0924,49.9640,140.7400,339.8366,882.9717,696.9524,4.9521,0.0000,200.0000,0
2025-07-02 09:45:00,24.6006,7.0166,11.1778,28.6461,32.5576,39.8881,50.0890,140.7210,338.8786,884.7941,694.8117,4.9375,0.0000,200.0000,0
2025-07-02 09:50:00,24.5243,6.9989,11.2056,28.5998,32.6803,39.8567,50.2277,143.7067,338.2241,890.8542,701.8434,4.8839,0.0000,200.0000,0
2025-07-02 09:55:00,24.6295,6.9668,11.1536,28.7338,32.7340,39.9811,49.8059,143.6824,335.5561,892.1018,700.7078,4.8768,0.0000,200.0000,0
2025-07-02 10:00:00,24.7729,7.0065,11.1999,28.8255,32.7883,40.2586,49.7948,145.4228,334.9840,893.6337,706.6949,4.8596,0.0000,200.0000,0
2025-07-02 10:05:00,24.6438,7.0133,11.2983,28.7311,32.7938,39.8767,49.8581,145.2477,336.6112,893.7822,715.2711,4.9245,0.0000,200.0000,0
2025-07-02 10:10:00,24.9000,6.9812,11.2356,28.9231,32.9567,39.9807,49.7694,145.4764,335.8259,901.5788,712.0039,4.8943,0.0000,200.0000,0
2025-07-02 10:15:00,24.7867,7.0452,11.1150,28.8400,32.8129,40.0106,49.7800,143.2323,338.7643,895.9887,681.6379,4.7590,0.0000,200.0000,0
2025-07-02 10:20:00,24.9088,7.0644,11.1481,28.8459,32.8813,39.9870,49.8541,144.6224,335.1035,892.2341,683.5460,4.7264,0.0000,200.0000,0
2025-07-02 10:25:00,24.9065,7.0485,11.2736,28.9512,32.9937,39.9450,50.1850,144.8327,337.5360,900.6804,706.4795,4.8779,0.0000,200.0000,0
2025-07-02 10:30:00,24.8853,6.9862,11.1950,28.8935,33.0627,40.1386,49.9532,146.9223,337.3736,899.7792,707.1655,4.8132,0.0000,200.0000,0
2025-07-02 10:35:00,25.0242,7.0378,11.3073,28.9983,33.2132,40.0545,50.0047,152.1724,337.2660,907.6574,715.8553,4.7042,0.0000,200.0000,0
2025-07-02 10:40:00,25.1339,7.0039,11.2685,29.0476,33.1588,40.1015,49.8567,150.8619,338.3528,906.5551,715.8739,4.7452,0.0000,200.0000,0
2025-07-02 10:45:00,25.0739,6.9382,11.2783,29.0649,33.1336,40.0707,50.0950,147.9200,336.9523,910.1869,727.9955,4.9215,0.0000,200.0000,0
2025-07-02 10:50:00,25.1838,7.0336,11.2981,29.3278,33.3625,40.1073,50.2814,149.9166,336.1504,909.3090,715.9612,4.7757,0.0000,200.0000,0
2025-07-02 10:55:00,25.2508,7.0073,11.4613,29.1714,33.5734,40.1901,49.8669,156.0467,339.0404,915.9169,749.3233,4.8019,0.0000,200.0000,0
2025-07-02 11:00:00,25.2587,7.1297,11.5227,29.3510,33.7028,40.1597,50.2587,160.7625,334.9937,923.8390,738.5025,4.5937,0.0000,200.0000,0
2025-07-02 11:05:00,25.4004,7.0729,11.6845,29.3675,33.9016,40.2790,50.0547,166.8922,337.6518,927.6244,777.5630,4.6591,0.0000,200.0000,0
2025-07-02 11:10:00,25.4905,7.0356,11.6371,29.4290,33.9714,40.1461,50.0025,169.2054,333.9846,932.9707,773.2915,4.5701,0.0000,200.0000,0
2025-07-02 11:15:00,25.6932,7.0125,11.7895,29.5558,34.2976,39.9197,50.0600,175.7755,333.2897,935.5542,798.2638,4.5414,0.0000,200.0000,0
2025-07-02 11:20:00,25.6524,7.0082,11.7490,29.7169,34.2732,40.1017,50.0586,176.8428,333.2408,943.3155,795.8239,4.5002,0.0000,200.0000,0
2025-07-02 11:25:00,25.6948,6.9498,11.6852,29.7444,34.4519,40.0853,50.2786,177.5318,334.0323,943.6426,794.5782,4.4757,0.0000,200.0000,0
2025-07-02 11:30:00,25.7350,6.9131,11.8436,29.7730,34.4290,40.2304,50.0780,179.7664,332.3003,947.4557,830.3330,4.6190,0.0000,200.0000,0
2025-07-02 11:35:00,25.8279,6.9564,11.9550,29.8720,34.6027,39.8839,50.0812,180.7224,333.1530,948.4378,834.5412,4.6178,0.0000,200.0000,0
2025-07-02 11:40:00,25.9136,6.9976,11.8999,29.9579,34.6544,40.0670,49.9368,181.8160,335.8253,955.2150,822.2144,4.5222,0.0000,200.0000,0
2025-07-02 11:45:00,25.9820,6.8947,11.8294,30.0255,34.6694,39.9183,50.1259,179.6667,335.5151,951.2219,824.5822,4.5895,0.0000,200.0000,0
2025-07-02 11:50:00,26.0014,6.9728,11.7418,29.9198,34.5907,40.0615,49.8565,175.8147,335.7899,950.1592,799.7522,4.5488,0.0000,200.0000,0
2025-07-02 11:55:00,25.9707,6.9876,11.7629,30.0262,34.6844,39.9742,50.0164,178.1640,330.8937,951.7293,799.0508,4.4849,0.0000,200.0000,0
2025-07-02 12:00:00,26.1487,6.9892,11.8072,30.1243,34.7772,40.0575,50.4325,177.6253,331.3537,954.7260,807.8891,4.5483,0.0000,200.0000,0
2025-07-02 12:05:00,26.1482,6.9669,11.8125,30.0805,34.7820,39.8308,49.6244,176.5497,334.5167,955.1513,807.9167,4.5761,0.0000,200.0000,0
2025-07-02 12:10:00,26.1636,6.9829,11.7787,30.0857,34.8354,40.0952,50.0350,174.6834,335.6853,953.5064,804.9110,4.6078,0.0000,200.0000,0
2025-07-02 12:15:00,26.1329,7.0862,11.7779,30.0475,34.8002,40.0247,50.0407,176.3469,332.8390,955.8509,786.0565,4.4574,0.0000,200.0000,0
2025-07-02 12:20:00,26.3185,7.0331,11.7922,30.2006,34.9741,40.0183,49.9658,178.5263,332.0595,958.1418,797.2266,4.4656,0.0000,200.0000,0
2025-07-02 12:25:00,26.0829,6.9720,11.7296,30.1387,34.7436,40.2340,49.9693,176.2237,336.8129,951.6552,801.2731,4.5469,0.0000,200.0000,0
2025-07-02 12:30:00,26.1702,6.9966,11.7017,30.0962,34.8461,39.9541,50.0137,176.5443,335.2350,954.1450,786.9138,4.4573,0.0000,200.0000,0
2025-07-02 12:35:00,26.1599,6.9986,11.6823,30.2497,34.8728,40.0411,49.9622,177.1039,335.8567,955.6971,785.0390,4.4326,0.0000,200.0000,0
2025-07-02 12:40:00,26.3858,6.9616,11.7285,30.3041,34.9571,40.0120,50.0333,179.2656,332.6162,961.4749,798.4173,4.4538,0.0000,200.0000,0
2025-07-02 12:45:00,26.3111,6.9615,11.7541,30.3342,34.9284,40.0238,49.9269,178.7256,332.7253,958.2445,802.9366,4.4926,0.0000,200.0000,0
2025-07-02 12:50:00,26.2904,7.0505,11.7064,30.3428,34.9718,40.2666,50.3034,175.8640,335.9076,956.6633,784.7795,4.4624,0.0000,200.0000,0
2025-07-02 12:55:00,26.3628,6.9790,11.7278,30.2839,35.0418,40.0077,49.9622,180.0717,332.8430,961.7491,795.2844,4.4165,0.0000,200.0000,0
2025-07-02 13:00:00,26.2863,6.9453,11.7011,30.2963,34.8963,39.9319,50.0854,176.6865,332.9325,952.9996,794.9640,4.4993,0.0000,200.0000,0
2025-07-02 13:05:00,26.2529,6.9978,11.6717,30.3122,34.9084,40.2245,49.8996,174.8861,332.4509,955.1446,786.9788,4.5000,0.0000,200.0000,0
2025-07-02 13:10:00,26.3568,7.0059,11.6343,30.2915,34.9107,39.9631,50.1400,176.4887,333.2121,956.8552,774.2602,4.3870,0.0000,200.0000,0
2025-07-02 13:15:00,26.4374,6.9014,11.6841,30.3458,34.8763,39.8074,50.1100,176.1903,335.9074,963.6229,796.9624,4.5233,0.0000,200.0000,0
2025-07-02 13:20:00,26.4110,6.9980,11.6788,30.4052,35.0813,39.9111,50.0629,176.0673,331.1997,961.8716,782.0231,4.4416,0.0000,200.0000,0
2025-07-02 13:25:00,26.3398,7.0434,11.7106,30.2919,34.9711,39.8504,49.8459,178.2442,335.1045,957.5795,778.5556,4.3679,0.0000,200.0000,0
2025-07-02 13:30:00,26.4034,7.0226,11.8279,30.4379,35.0275,39.7840,49.8871,181.7180,332.1094,962.9444,800.2564,4.4038,0.0000,200.0000,0
2025-07-02 13:35:00,26.5203,7.1115,11.6994,30.4885,35.1564,39.9564,50.2529,182.9964,333.0011,967.0752,767.3677,4.1933,0.0000,200.0000,0
2025-07-02 13:40:00,26.6636,7.0626,11.6855,30.7469,35.3413,39.9916,49.8855,183.1775,333.2075,969.9426,773.9005,4.2249,0.0000,200.0000,0
2025-07-02 13:45:00,26.5772,7.0724,11.7941,30.5031,35.2868,40.1417,50.0961,181.5792,332.9856,969.0564,793.3865,4.3694,0.0000,200.0000,0
2025-07-02 13:50:00,26.6547,7.1400,11.8210,30.5768,35.2611,40.0755,49.8583,182.1472,332.6745,968.6007,785.2699,4.3112,0.0000,200.0000,0
2025-07-02 13:55:00,26.5660,7.0379,11.8192,30.6900,35.2957,40.0701,50.1513,183.2799,332.4978,973.6221,801.9805,4.3757,0.0000,200.0000,0
2025-07-02 14:00:00,26.6256,7.0082,11.8164,30.5597,35.3880,39.8928,49.8970,186.0968,331.8890,970.6567,802.9422,4.3146,0.0000,200.0000,0
2025-07-02 14:05:00,26.6795,7.0487,11.8596,30.6875,35.6218,40.1062,49.8555,189.6158,335.1758,977.5388,807.6802,4.2596,0.0000,200.0000,0
2025-07-02 14:10:00,26.8343,6.9720,11.9849,30.7262,35.6973,40.1669,49.8931,192.9497,331.9512,976.8753,842.8500,4.3682,0.0000,200.0000,0
2025-07-02 14:15:00,26.6060,7.0054,12.0352,30.6170,35.6907,40.0473,49.9169,196.9579,331.0758,984.2282,843.1923,4.2811,0.0000,200.0000,0
2025-07-02 14:20:00,26.5805,6.9676,12.1246,30.6295,35.5701,40.0507,50.0607,196.2321,330.1196,983.5278,864.5877,4.4059,0.0000,200.0000,0
2025-07-02 14:25:00,26.5521,7.0199,12.0412,30.5358,35.5880,39.8482,50.0104,196.0931,330.5106,979.0636,837.5838,4.2714,0.0000,200.0000,0
2025-07-02 14:30:00,26.7457,6.9674,12.0510,30.7239,35.7325,40.1265,49.8357,196.6823,330.0744,983.5914,853.8875,4.3415,0.0000,200.0000,0
2025-07-02 14:35:00,26.6983,6.9657,12.1733,30.7927,35.7123,40.2137,49.9958,196.5822,332.9206,986.3796,876.6187,4.4593,0.0000,200.0000,0
2025-07-02 14:40:00,26.7582,7.0207,12.0325,30.7714,35.7320,40.0388,49.8285,195.3937,329.9406,985.6079,839.9869,4.2989,0.0000,200.0000,0
2025-07-02 14:45:00,26.7104,6.9931,12.0738,30.7680,35.8368,39.9287,50.0965,195.9054,326.9254,987.6866,849.1866,4.3347,0.0000,200.0000,0
2025-07-02 14:50:00,26.9355,6.9036,12.1354,30.9750,36.0174,39.9806,50.1240,199.5950,331.0804,991.8153,875.5852,4.3868,0.0000,200.0000,0
2025-07-02 14:55:00,26.9373,6.9272,12.1536,30.9988,36.0209,39.9495,49.9964,199.6831,330.2946,997.8658,873.9954,4.3769,0.0000,200.0000,0
2025-07-02 15:00:00,26.8841,6.9426,12.0761,30.9064,35.8952,39.9567,50.0407,198.3933,330.1221,990.1069,858.6107,4.3278,0.0000,200.0000,0
2025-07-02 15:05:00,27.0646,6.9559,12.1156,30.9456,36.0404,40.0778,50.2628,200.9180,332.7648,1000.3653,865.6232,4.3083,0.0000,200.0000,0
2025-07-02 15:10:00,26.9955,7.0207,12.1184,31.0133,36.0430,40.0335,49.9764,202.4291,325.4148,999.2546,854.2750,4.2201,0.0000,200.0000,0
2025-07-02 15:15:00,27.1675,7.0109,12.1042,31.1549,36.2083,40.1205,49.8584,204.3943,333.8791,1001.2549,855.3765,4.1849,0.0000,200.0000,0
2025-07-02 15:20:00,27.0637,7.0533,12.1578,31.1125,36.1967,40.0445,50.0869,204.7568,332.7681,997.0881,855.6523,4.1789,0.0000,200.0000,0
2025-07-02 15:25:00,26.9953,7.0376,12.2526,30.9547,35.9918,39.8963,49.8301,204.2908,329.3263,996.2200,870.9236,4.2632,0.0000,200.0000,0
2025-07-02 15:30:00,26.7284,7.0536,12.2223,30.6746,35.7981,39.9399,49.9684,201.3649,329.5964,989.7527,864.1495,4.2915,0.0000,200.0000,0
2025-07-02 15:35:00,26.6639,7.0304,12.0882,30.6680,35.7368,39.9325,49.9102,196.0079,332.2120,980.8416,845.4382,4.3133,0.0000,200.0000,0
2025-07-02 15:40:00,26.5934,7.0105,12.1333,30.6852,35.6702,39.9776,49.8947,198.8744,332.1266,980.9688,857.2767,4.3106,0.0000,200.0000,0
2025-07-02 15:45:00,26.7456,7.0550,12.0074,30.6876,35.6336,40.2154,49.9625,197.6396,330.1112,984.8020,833.6986,4.2183,0.0000,200.0000,0
2025-07-02 15:50:00,26.8271,7.0460,12.0100,30.8496,35.7801,40.2346,50.1350,197.0485,328.3665,986.0537,836.0565,4.2429,0.0000,200.0000,0
2025-07-02 15:55:00,26.8431,7.0188,12.0657,30.7740,35.8198,40.1004,50.1659,195.7884,335.8653,985.3851,847.1720,4.3270,0.0000,200.0000,0
2025-07-02 16:00:00,26.9080,7.0636,12.1628,30.8159,35.9450,40.0143,50.1389,197.0381,332.9927,991.6249,854.1164,4.3348,0.0000,200.0000,0
2025-07-02 16:05:00,26.7838,6.8827,11.9935,30.8717,35.7691,39.8366,50.0505,196.2286,331.8424,984.4320,852.2520,4.3432,0.0000,200.0000,0
2025-07-02 16:10:00,26.7265,6.9855,11.9985,30.6861,35.6983,40.0264,49.9613,195.3421,331.9549,982.0614,839.9274,4.2998,0.0000,200.0000,0
2025-07-02 16:15:00,26.7078,6.9847,12.1116,30.7008,35.6298,39.9052,49.6463,194.6117,333.0060,979.0152,856.4114,4.4006,0.0000,200.0000,0
2025-07-02 16:20:00,26.6845,7.0576,12.0423,30.5275,35.5965,40.1957,50.0551,196.5592,332.9673,982.4890,838.7181,4.2670,0.0000,200.0000,0
2025-07-02 16:25:00,26.6102,7.0786,12.1047,30.5902,35.6118,39.8073,49.6581,194.6099,327.5035,976.1986,837.5128,4.3035,0.0000,200.0000,0
2025-07-02 16:30:00,26.6197,6.9275,12.0236,30.6256,35.6307,40.0461,49.7115,193.1936,330.9762,979.0805,854.2784,4.4219,0.0000,200.0000,0
2025-07-02 16:35:00,26.4621,7.0706,11.9673,30.6361,35.4909,39.8951,49.9757,189.1876,331.2319,971.5818,817.7679,4.3225,0.0000,200.0000,0
2025-07-02 16:40:00,26.4485,6.9414,11.9815,30.4429,35.4397,39.9989,50.0397,192.6774,331.4861,974.9779,843.8895,4.3798,0.0000,200.0000,0
2025-07-02 16:45:00,26.5198,6.9429,11.9650,30.5374,35.4545,40.0799,49.9323,187.2239,333.9794,973.5217,842.5720,4.5003,0.0000,200.0000,0
2025-07-02 16:50:00,26.3797,6.9883,11.9973,30.4395,35.1975,40.1226,50.2303,189.4322,328.7652,970.8237,841.2878,4.4411,0.0000,200.0000,0
2025-07-02 16:55:00,26.4089,6.9841,11.8767,30.3691,35.3524,39.9927,50.0693,186.3063,329.6549,968.3575,819.0728,4.3964,0.0000,200.0000,0
2025-07-02 17:00:00,26.4673,6.9221,11.9156,30.3966,35.3000,40.0913,49.9626,188.8805,330.9522,971.3745,838.0171,4.4368,0.0000,200.0000,0
2025-07-02 17:05:00,26.3460,7.0325,11.8994,30.4125,35.2351,39.9205,50.2079,184.4585,333.2590,966.0612,813.2870,4.4091,0.0000,200.0000,0
2025-07-02 17:10:00,26.3334,7.0340,11.8217,30.2711,35.0637,40.0295,50.2348,182.2970,334.8173,966.3454,802.2526,4.4008,0.0000,200.0000,0
2025-07-02 17:15:00,26.4109,7.0527,11.8329,30.3787,35.2104,40.1203,50.0769,183.3981,336.1810,966.2432,802.8097,4.3774,0.0000,200.0000,0
2025-07-02 17:20:00,26.4096,6.9783,11.9779,30.5086,35.3572,40.0399,49.8837,186.1194,331.7888,964.9218,837.9636,4.5023,0.0000,200.0000,0
2025-07-02 17:25:00,26.4996,6.9980,11.9590,30.4541,35.1894,39.9365,49.9175,186.3255,334.2109,971.1175,829.3402,4.4510,0.0000,200.0000,0
2025-07-02 17:30:00,26.4412,6.9985,11.8985,30.3880,35.2206,39.9665,49.7830,187.0539,333.8333,968.2941,819.7710,4.3825,0.0000,200.0000,0
2025-07-02 17:35:00,26.4188,7.0844,11.9170,30.4099,35.1151,40.1219,49.9936,187.9711,333.6124,968.2391,811.6412,4.3179,0.0000,200.0000,0
2025-07-02 17:40:00,26.4076,6.8583,11.8220,30.3470,35.0995,39.8690,49.8425,184.3535,332.6714,965.9838,828.4098,4.4936,0.0000,200.0000,0
2025-07-02 17:45:00,26.2378,6.9522,11.7971,30.3514,35.0199,39.8867,49.9506,183.4772,332.2446,960.4935,808.9456,4.4090,0.0000,200.0000,0
2025-07-02 17:50:00,26.2878,7.0003,11.8278,30.2604,35.0034,40.0722,50.0391,180.5573,331.0753,961.9017,809.7740,4.4849,0.0000,200.0000,0
2025-07-02 17:55:00,26.2379,6.9457,11.8336,30.2963,35.1010,39.9473,49.7024,182.4837,330.8592,961.3985,817.3499,4.4790,0.0000,200.0000,0
2025-07-02 18:00:00,26.1496,6.9871,11.7964,30.2612,35.0291,39.8256,49.8104,180.2778,333.7154,960.9584,801.7563,4.4473,0.0000,200.0000,0
2025-07-02 18:05:00,26.2482,6.9937,11.7268,30.2671,34.8245,40.1621,49.9240,180.6565,333.5683,956.4044,795.7248,4.4046,0.0000,200.0000,0
2025-07-02 18:10:00,26.0281,6.9671,11.6643,30.0413,34.7237,39.8680,49.9921,175.3487,333.2068,953.4793,783.8959,4.4705,0.0000,200.0000,0
2025-07-02 18:15:00,26.0072,7.0032,11.6707,29.9216,34.5502,39.9761,49.9259,168.6637,335.9244,943.4152,781.0574,4.6309,0.0000,200.0000,0
2025-07-02 18:20:00,25.9596,7.0314,11.5333,29.8904,34.4089,39.9257,49.9594,169.5941,334.3241,941.6567,752.3984,4.4365,0.0000,200.0000,0
2025-07-02 18:25:00,25.9072,6.9882,11.5462,29.8966,34.3851,39.9643,49.8941,167.6655,333.1789,940.7527,762.5079,4.5478,0.0000,200.0000,0
2025-07-02 18:30:00,25.7680,6.9773,11.5006,29.7722,34.3532,39.8938,49.7826,167.5661,334.4964,940.5931,755.3640,4.5079,0.0000,200.0000,0
2025-07-02 18:35:00,25.7960,6.9917,11.6137,29.8691,34.2544,40.0857,49.9198,167.7249,336.6784,938.8711,775.5682,4.6241,0.0000,200.0000,0
2025-07-02 18:40:00,25.7962,6.9996,11.3830,29.8324,34.0687,40.0133,49.9680,161.2975,333.9512,934.7367,734.1883,4.5518,0.0000,200.0000,0
2025-07-02 18:45:00,25.7163,6.9130,11.3562,29.7440,33.9535,40.1180,49.9534,155.3242,337.3700,926.3800,746.1721,4.8040,0.0000,200.0000,0
2025-07-02 18:50:00,25.5871,7.0231,11.4241,29.6880,33.9439,39.9269,50.0168,154.4360,336.9413,925.5853,735.5647,4.7629,0.0000,200.0000,0
2025-07-02 18:55:00,25.7383,6.9774,11.4681,29.6364,33.9000,40.2560,50.0628,158.1541,335.1896,926.5407,756.7330,4.7848,0.0000,200.0000,0
2025-07-02 19:00:00,25.6532,7.0631,11.2543,29.6614,33.8245,39.7714,50.1023,156.5339,336.4459,924.9932,697.7655,4.4576,0.0000,200.0000,0
2025-07-02 19:05:00,25.5454,7.0296,11.3189,29.5787,33.7569,39.8098,49.9050,152.9126,334.2164,920.6900,714.7945,4.6745,0.0000,200.0000,0
2025-07-02 19:10:00,25.5422,7.0585,11.2852,29.5146,33.7408,40.2104,49.7636,154.0922,337.3322,915.3943,711.4334,4.6169,0.0000,200.0000,0
2025-07-02 19:15:00,25.4385,6.9494,11.2942,29.5025,33.6917,40.0569,50.1907,153.7707,334.2282,921.4752,728.5221,4.7377,0.0000,200.0000,0
2025-07-02 19:20:00,25.4342,6.9814,11.2830,29.5232,33.7064,40.0410,50.0578,151.9604,339.6281,916.6806,720.9941,4.7446,0.0000,200.0000,0
2025-07-02 19:25:00,25.4290,6.9379,11.3638,29.3545,33.5456,40.0518,49.8568,152.4637,337.1885,916.8679,742.0413,4.8670,0.0000,200.0000,0
2025-07-02 19:30:00,25.3846,6.9647,11.2759,29.3066,33.4143,40.0685,50.0417,148.8883,336.6845,909.2681,723.1026,4.8567,0.0000,200.0000,0
2025-07-02 19:35:00,25.3454,7.0626,11.1656,29.2461,33.3097,40.0360,50.1602,147.3504,340.5094,903.7428,687.6230,4.6666,0.0000,200.0000,0
2025-07-02 19:40:00,25.2435,7.0744,11.1733,29.2206,33.2532,39.8841,50.2594,144.2651,336.6361,899.1967,684.3426,4.7436,0.0000,200.0000,0
2025-07-02 19:45:00,25.1708,6.9426,10.9511,29.1909,33.0295,40.0982,50.0376,139.2497,337.8104,896.7433,672.8240,4.8318,0.0000,200.0000,0
2025-07-02 19:50:00,25.2673,6.9771,11.0161,29.2764,33.2372,40.0793,50.1590,141.4529,335.7244,901.3598,677.6283,4.7905,0.0000,200.0000,0
2025-07-02 19:55:00,25.1836,6.9962,10.9327,29.3164,32.9951,40.1714,49.8186,136.6775,342.6488,900.1291,661.9620,4.8432,0.0000,200.0000,0
2025-07-02 20:00:00,25.2321,7.0293,10.9719,29.2211,33.1118,40.2117,49.9946,138.0910,343.8242,896.6817,663.6402,4.8058,0.0000,200.0000,0
2025-07-02 20:05:00,25.1178,6.9120,10.9492,29.1490,32.9756,40.0397,49.9497,136.2626,336.8008,892.4485,676.6643,4.9659,0.0000,200.0000,0
2025-07-02 20:10:00,25.1847,6.9198,10.9301,29.1561,32.9909,39.8527,50.0514,136.9253,338.6968,892.4460,669.0021,4.8859,0.0000,200.0000,0
2025-07-02 20:15:00,25.1506,7.0245,10.8918,29.0752,32.9863,40.2127,50.2417,134.5370,340.7654,895.0663,650.9897,4.8387,0.0000,200.0000,0
2025-07-02 20:20:00,25.1075,6.9025,10.8567,29.1495,32.8363,39.8778,50.0375,131.3343,339.9597,885.8498,660.0678,5.0259,0.0000,200.0000,0
2025-07-02 20:25:00,25.0397,6.9777,10.8186,29.0177,32.6432,40.0406,49.8593,127.4886,341.4493,888.8405,643.7841,5.0497,0.0000,200.0000,0
2025-07-02 20:30:00,24.7992,7.0081,10.8543,28.9782,32.6822,39.9692,49.8105,129.4643,340.8276,888.5365,643.5059,4.9705,0.0000,200.0000,0
2025-07-02 20:35:00,24.8191,7.0208,10.8071,28.8441,32.5744,39.9483,50.2469,129.0080,342.0854,884.3740,633.1602,4.9079,0.0000,200.0000,0
2025-07-02 20:40:00,24.6723,6.9929,10.8143,28.5780,32.2362,40.0917,50.0771,126.7559,339.5688,875.4536,641.3214,5.0595,0.0000,200.0000,0
2025-07-02 20:45:00,24.6032,6.9817,10.7766,28.5348,32.2672,40.0293,50.0672,123.3487,342.3564,870.1623,635.8784,5.1551,0.0000,200.0000,0
2025-07-02 20:50:00,24.6705,7.0422,10.7542,28.7530,32.3237,40.0616,49.9484,127.0944,339.3581,875.8166,622.4873,4.8978,0.0000,200.0000,0
2025-07-02 20:55:00,24.7671,7.0143,10.7332,28.6995,32.2467,39.9021,50.0402,124.4590,341.1398,875.3370,621.1807,4.9910,0.0000,200.0000,0
2025-07-02 21:00:00,24.6137,6.9676,10.7882,28.5691,32.1290,39.9791,49.8520,124.6389,338.5397,869.7738,639.3783,5.1298,0.0000,200.0000,0
2025-07-02 21:05:00,24.5463,7.0019,10.6767,28.5181,32.0890,39.9077,50.0581,122.5795,341.1902,867.0752,613.8850,5.0081,0.0000,200.0000,0
2025-07-02 21:10:00,24.4750,7.0192,10.8073,28.4771,31.8842,39.9761,49.8238,123.5245,340.9736,865.5646,633.9160,5.1319,0.0000,200.0000,0
2025-07-02 21:15:00,24.2724,7.0859,10.5646,28.3010,31.7043,39.9857,49.9461,118.8785,344.7045,856.9985,582.2631,4.8980,0.0000,200.0000,0
2025-07-02 21:20:00,24.1186,7.0393,10.6274,28.0902,31.6323,40.2213,49.9036,119.7183,342.5920,859.2649,604.1081,5.0461,0.0000,200.0000,0
2025-07-02 21:25:00,23.9684,7.0607,10.5501,28.1720,31.4706,39.9689,49.5114,117.3297,343.3400,851.8982,583.8007,4.9757,0.0000,200.0000,0
2025-07-02 21:30:00,24.0039,6.9695,10.7259,28.0761,31.5166,39.7449,49.9480,116.7555,342.8955,852.4981,624.9631,5.3528,0.0000,200.0000,0
2025-07-02 21:35:00,24.0659,6.9738,10.5404,28.0202,31.4180,40.1674,49.8652,114.6721,339.0983,852.3053,599.6952,5.2297,0.0000,200.0000,0
2025-07-02 21:40:00,23.9654,6.9882,10.5952,27.9235,31.4055,40.0539,49.9684,118.5862,338.9160,853.8997,604.7631,5.0998,0.0000,200.0000,0
2025-07-02 21:45:00,24.0229,6.9928,10.6242,28.0355,31.4430,39.9843,50.0003,117.4011,342.0887,852.6217,607.7979,5.1771,0.0000,200.0000,0
2025-07-02 21:50:00,23.9515,6.9496,10.6750,27.9679,31.4648,39.9475,50.2652,119.3687,343.0587,853.0745,622.9643,5.2188,0.0000,200.0000,0
2025-07-02 21:55:00,23.9639,7.0633,10.6540,27.8266,31.4054,39.8864,50.0457,118.0588,342.0304,849.1697,599.5169,5.0781,0.0000,200.0000,0
2025-07-02 22:00:00,23.8509,7.0442,10.5837,27.8541,31.2531,40.2326,50.0501,113.2833,341.4256,849.3212,596.1126,5.2621,0.0000,200.0000,0
2025-07-02 22:05:00,23.7657,6.9847,10.3247,27.8987,31.0808,40.0062,50.0743,109.9531,343.4027,843.3415,559.3416,5.0871,0.0000,200.0000,0
2025-07-02 22:10:00,23.7435,7.0321,10.5422,27.7191,31.0850,39.7915,50.1308,112.9627,342.9168,837.9375,584.6743,5.1758,0.0000,200.0000,0
2025-07-02 22:15:00,23.7025,7.0111,10.5840,27.5903,30.9811,40.0393,50.0681,114.5843,344.7711,844.6394,598.8290,5.2261,0.0000,200.0000,0
2025-07-02 22:20:00,23.4542,7.0360,10.5525,27.4891,30.8527,40.1447,50.0423,110.7511,345.3346,834.4100,590.9337,5.3357,0.0000,200.0000,0
2025-07-02 22:25:00,23.4487,6.9328,10.5450,27.5602,30.8063,40.0188,50.1067,110.4149,342.9536,834.5465,605.1184,5.4804,0.0000,200.0000,0
2025-07-02 22:30:00,23.4206,6.9927,10.4973,27.4205,30.7374,39.8918,49.6360,110.3208,343.7383,832.2558,585.2267,5.3048,0.0000,200.0000,0
2025-07-02 22:35:00,23.3257,6.9971,10.5359,27.3188,30.5536,39.8811,50.3134,108.1908,344.4859,828.3805,590.7738,5.4605,0.0000,200.0000,0
2025-07-02 22:40:00,23.1919,7.0312,10.4326,27.1923,30.5218,39.8899,50.2385,109.0038,344.8438,826.1425,567.9581,5.2104,0.0000,200.0000,0
2025-07-02 22:45:00,23.0832,6.9686,10.4620,27.1605,30.2927,40.1826,50.0326,105.8488,347.8240,820.1907,587.6127,5.5514,0.0000,200.0000,0
2025-07-02 22:50:00,23.0527,6.8750,10.3597,26.9724,30.1751,39.9914,49.7880,103.4640,344.7523,819.9071,583.3527,5.6382,0.0000,200.0000,0
2025-07-02 22:55:00,22.9867,6.9459,10.3858,26.9513,30.1925,39.7986,50.1816,106.3412,346.6810,818.6689,573.0734,5.3890,0.0000,200.0000,0
2025-07-02 23:00:00,22.7353,6.9969,10.3948,26.7676,30.0464,40.0461,49.8959,103.6821,342.3592,810.5411,569.5916,5.4936,0.0000,200.0000,0
2025-07-02 23:05:00,22.6927,7.0032,10.4040,26.7453,29.8328,40.0169,50.0801,100.1308,343.9792,806.6715,569.6754,5.6893,0.0000,200.0000,0
2025-07-02 23:10:00,22.7574,7.0842,10.2854,26.7144,29.7774,39.9461,49.8076,98.5494,341.4570,804.5760,535.2826,5.4316,0.0000,200.0000,0
2025-07-02 23:15:00,22.8088,7.0291,10.3198,26.6830,29.8541,39.8776,50.3340,99.0707,346.2889,805.3463,549.3046,5.5446,0.0000,200.0000,0
2025-07-02 23:20:00,22.6920,7.0041,10.1876,26.6581,29.6827,39.8723,49.7837,98.1001,347.4456,805.2278,531.3469,5.4164,0.0000,200.0000,0
2025-07-02 23:25:00,22.5966,6.9984,10.2507,26.5106,29.7213,40.1304,50.0103,95.7289,341.2598,800.4318,546.3426,5.7072,0.0000,200.0000,0
2025-07-02 23:30:00,22.3935,7.0552,10.2238,26.2802,29.4387,40.0297,49.6817,96.9366,346.2685,801.2274,530.9512,5.4773,0.0000,200.0000,0
2025-07-02 23:35:00,22.3357,6.9705,10.1488,26.3494,29.2085,40.0574,49.9938,90.9174,348.0794,792.6778,532.9447,5.8619,0.0000,200.0000,0
2025-07-02 23:40:00,22.2890,6.9930,10.1288,26.2760,29.2185,40.0294,49.9362,93.3366,348.1273,791.3276,525.4414,5.6295,0.0000,200.0000,0
2025-07-02 23:45:00,22.2271,6.9455,10.1531,26.2046,29.1380,40.0393,50.1706,92.4495,344.6239,790.2115,537.6027,5.8151,0.0000,200.0000,0
2025-07-02 23:50:00,22.1736,7.0709,10.1594,26.2681,29.1450,39.9438,49.9362,93.1331,348.3407,794.1342,516.4026,5.5448,0.0000,200.0000,0
2025-07-02 23:55:00,22.2960,7.0196,10.0959,26.3010,29.3066,39.9753,50.1708,89.6331,346.9287,788.2079,514.7675,5.7431,0.0000,200.0000,0
2025-07-03 00:00:00,22.0877,6.9646,10.1671,26.1715,29.0951,40.1398,49.8464,91.2975,348.1726,791.8958,538.0938,5.8938,0.0000,200.0000,0
2025-07-03 00:05:00,22.0786,6.9943,10.2197,26.1967,29.0668,40.1698,49.9577,91.3176,346.6562,789.8225,542.3525,5.9392,0.0000,200.0000,0
2025-07-03 00:10:00,22.1430,7.0255,10.0805,26.1632,29.0364,39.8533,49.9607,91.4495,347.8633,787.9065,509.6491,5.5730,0.0000,200.0000,0
2025-07-03 00:15:00,22.1023,6.9875,9.8808,26.0179,28.7609,39.9750,50.0743,85.1426,350.4518,782.3222,484.1594,5.6865,0.0000,200.0000,0
2025-07-03 00:20:00,21.9122,6.9733,9.9258,25.9453,28.7015,40.1007,50.0553,82.7108,348.4190,775.1927,495.6150,5.9921,0.0000,200.0000,0
2025-07-03 00:25:00,21.7639,6.9673,9.8592,25.7329,28.4041,40.2258,50.1083,82.2704,349.6031,772.4084,486.9525,5.9189,0.0000,200.0000,0
2025-07-03 00:30:00,21.6751,7.0169,9.8109,25.7504,28.2789,40.2138,50.0400,78.6415,352.0175,766.5721,470.3204,5.9806,0.0000,200.0000,0
2025-07-03 00:35:00,21.8522,6.9821,9.9500,25.6470,28.4918,39.9045,50.0992,82.5311,348.3834,774.7493,495.7662,6.0070,0.0000,200.0000,0
2025-07-03 00:40:00,21.5651,6.9773,9.8649,25.6764,28.4739,40.1530,49.8653,81.9353,346.6851,768.7430,485.3409,5.9235,0.0000,200.0000,0
2025-07-03 00:45:00,21.5014,6.9332,9.8067,25.5527,28.1665,40.0070,50.0583,80.3492,350.8474,764.2068,481.2312,5.9892,0.0000,200.0000,0
2025-07-03 00:50:00,21.5919,7.0039,9.7989,25.4158,28.0927,40.1253,50.2412,78.9755,352.4999,762.9246,469.4679,5.9445,0.0000,200.0000,0
2025-07-03 00:55:00,21.3550,6.9909,9.8632,25.3029,27.9279,40.0946,49.7480,78.3617,352.3254,760.2411,482.0743,6.1519,0.0000,200.0000,0
2025-07-03 01:00:00,21.2479,6.9839,9.7460,25.3952,27.9256,39.8483,50.0734,75.8219,351.5534,754.4573,460.7301,6.0765,0.0000,200.0000,0
2025-07-03 01:05:00,21.2959,7.0099,9.6922,25.3532,27.7853,40.0660,50.1015,77.5401,345.3567,757.8102,449.8523,5.8015,0.0000,200.0000,0
2025-07-03 01:10:00,21.3230,7.0374,9.6243,25.2853,27.8567,40.1207,50.2192,72.1407,349.3534,752.4526,434.4650,6.0225,0.0000,200.0000,0
2025-07-03 01:15:00,21.3705,7.0351,9.6489,25.3047,27.7786,39.9976,50.1089,74.5923,349.8066,748.8788,437.6372,5.8671,0.0000,200.0000,0
2025-07-03 01:20:00,21.3093,7.0276,9.5822,25.1535,27.7191,39.9704,50.0150,74.2757,351.0932,749.0868,427.4151,5.7544,0.0000,200.0000,0
2025-07-03 01:25:00,21.2329,6.9880,9.5431,25.2487,27.6113,39.8114,50.0645,72.0190,354.5253,751.5755,425.8094,5.9125,0.0000,200.0000,0
2025-07-03 01:30:00,21.1531,6.9717,9.6797,25.1676,27.6451,40.0820,49.8897,73.1336,348.7654,750.0382,454.3625,6.2128,0.0000,200.0000,0
2025-07-03 01:35:00,21.2562,6.9478,9.7504,25.1185,27.7409,40.0250,49.9418,74.5400,354.8435,752.1235,469.5539,6.2994,0.0000,200.0000,0
2025-07-03 01:40:00,21.2034,6.9703,9.6792,25.2434,27.7001,39.8893,49.7996,73.8467,349.7483,753.1588,452.3187,6.1251,0.0000,200.0000,0
2025-07-03 01:45:00,21.2808,7.0010,9.7969,25.3544,27.8625,39.9609,50.2231,76.4554,348.2764,758.0910,467.6928,6.1172,0.0000,200.0000,0
2025-07-03 01:50:00,21.1654,6.9607,9.7247,25.3015,27.7533,40.0185,50.0675,74.6178,352.0564,755.2292,463.0232,6.2053,0.0000,200.0000,0
2025-07-03 01:55:00,21.0906,7.0048,9.8085,25.1652,27.7632,39.9330,49.8626,76.9694,351.6911,751.0042,468.6588,6.0889,0.0000,200.0000,0
2025-07-03 02:00:00,21.0764,6.9517,9.7378,25.1026,27.6030,40.0003,50.0407,74.4225,351.7306,750.5535,466.4957,6.2682,0.0000,200.0000,0
2025-07-03 02:05:00,21.0396,6.9170,9.5914,25.1978,27.6147,39.7900,50.1739,76.3667,348.7742,750.9760,445.4560,5.8331,0.0000,200.0000,0
2025-07-03 02:10:00,21.0588,7.0410,9.6734,25.0435,27.4463,40.1619,50.1489,73.1595,351.6184,745.5357,442.5591,6.0492,0.0000,200.0000,0
2025-07-03 02:15:00,20.9178,6.9763,9.6743,25.0137,27.4204,40.0019,49.8609,70.2033,348.8554,742.8042,451.7736,6.4352,0.0000,200.0000,0
2025-07-03 02:20:00,20.8278,6.9581,9.7325,24.9580,27.5971,39.8681,49.5299,76.6600,348.4580,748.5180,463.0100,6.0398,0.0000,200.0000,0
2025-07-03 02:25:00,20.8942,6.9453,9.7896,24.9809,27.5750,39.7048,50.0593,74.7755,349.5744,749.5725,472.7321,6.3220,0.0000,200.0000,0
2025-07-03 02:30:00,20.8727,7.0212,9.8086,24.8235,27.4686,40.1235,49.8670,74.7452,348.2626,747.8973,468.1787,6.2637,0.0000,200.0000,0
2025-07-03 02:35:00,20.7785,7.0687,9.6447,24.7857,27.2724,40.0670,50.0933,71.2039,353.0919,740.4392,432.0470,6.0677,0.0000,200.0000,0
2025-07-03 02:40:00,20.7482,6.9798,9.6318,24.6118,27.0005,40.0253,50.1425,68.3371,350.5319,734.5402,444.3273,6.5020,0.0000,200.0000,0
2025-07-03 02:45:00,20.7225,6.9892,9.5618,24.7229,27.1570,40.1036,50.1670,65.1590,351.6720,735.0406,431.8753,6.6280,0.0000,200.0000,0
2025-07-03 02:50:00,20.8757,7.0536,9.5053,24.8942,27.2642,40.1033,50.2617,66.2633,350.3047,738.3487,411.5760,6.2112,0.0000,200.0000,0
2025-07-03 02:55:00,20.8787,6.9095,9.5285,24.8491,27.2435,40.0233,50.1855,66.5038,353.9136,742.2033,438.7859,6.5979,0.0000,200.0000,0
2025-07-03 03:00:00,20.9105,7.0983,9.3611,24.9486,27.3653,39.9695,50.2624,67.6353,350.7965,734.8452,378.5832,5.5974,0.0000,200.0000,0
2025-07-03 03:05:00,20.8389,7.1222,9.5307,24.9566,27.2104,39.9499,50.2069,69.4367,354.0504,741.2700,402.7775,5.8006,0.0000,200.0000,0
2025-07-03 03:10:00,20.9161,6.8647,9.5134,24.9177,27.2530,40.0505,50.2199,68.1949,353.6203,741.7827,444.0548,6.5116,0.0000,200.0000,0
2025-07-03 03:15:00,20.8190,6.9951,9.5733,24.9069,27.1995,40.1676,49.9939,69.6458,350.7482,741.0613,433.4936,6.2243,0.0000,200.0000,0
2025-07-03 03:20:00,20.8789,6.9641,9.5230,24.8970,27.1930,39.9877,49.8066,68.1815,352.0898,741.1151,428.3424,6.2824,0.0000,200.0000,0
2025-07-03 03:25:00,20.8205,6.9868,9.5768,24.8381,27.3062,40.1772,50.3723,67.2959,350.8609,737.2772,435.5988,6.4729,0.0000,200.0000,0
2025-07-03 03:30:00,20.8307,6.9791,9.6238,24.9154,27.2342,40.0448,50.0094,66.4767,352.7998,742.0828,443.3343,6.6690,0.0000,200.0000,0
2025-07-03 03:35:00,21.0324,7.0406,9.5924,25.0748,27.3492,40.0457,50.1843,68.9308,350.9887,741.3346,427.7608,6.2057,0.0000,200.0000,0
2025-07-03 03:40:00,20.9560,6.9944,9.7769,24.9028,27.3641,40.2886,49.9175,71.4174,349.9670,745.3456,469.2656,6.5707,0.0000,200.0000,0
2025-07-03 03:45:00,20.8949,6.9545,9.7599,24.8693,27.5296,40.1983,50.1446,76.1903,350.1843,747.0885,472.0765,6.1960,0.0000,200.0000,0
2025-07-03 03:50:00,20.9449,6.9914,9.7350,24.8867,27.5928,40.2014,49.6333,76.2551,346.4943,749.8814,461.6989,6.0547,0.0000,200.0000,0
2025-07-03 03:55:00,20.8430,7.0257,9.7549,24.8970,27.4102,39.9043,49.9384,74.5157,349.6525,745.1986,455.8690,6.1178,0.0000,200.0000,0
2025-07-03 04:00:00,20.7318,6.9408,9.7597,24.8316,27.2631,40.2631,49.9852,75.2924,351.1415,746.2886,475.1032,6.3101,0.0000,200.0000,0
2025-07-03 04:05:00,20.8934,6.9177,9.8576,24.8630,27.4642,39.9901,50.0694,75.8009,349.7068,752.8219,492.1342,6.4925,0.0000,200.0000,0
2025-07-03 04:10:00,20.9005,7.0996,9.7464,24.8247,27.6164,39.9727,50.1608,76.6530,351.6179,747.4808,442.8693,5.7776,0.0000,200.0000,0
2025-07-03 04:15:00,20.8713,6.9679,9.7506,24.8848,27.5246,39.7409,49.8359,74.2199,349.1946,748.5591,462.9193,6.2371,0.0000,200.0000,0
2025-07-03 04:20:00,20.8616,6.9931,9.8015,24.9701,27.5600,40.0392,50.0990,75.8460,348.6652,751.9202,470.6871,6.2058,0.0000,200.0000,0
2025-07-03 04:25:00,20.9238,6.9801,9.8749,24.9384,27.7329,39.8700,50.1840,79.8748,346.6216,752.5699,483.1274,6.0486,0.0000,200.0000,0
2025-07-03 04:30:00,21.0055,7.0274,9.9877,24.9862,27.8210,40.0490,50.3519,82.9904,347.6319,758.3809,496.2862,5.9800,0.0000,200.0000,0
2025-07-03 04:35:00,20.9465,7.0886,10.0181,24.9551,27.7626,39.8606,50.1060,84.7250,352.0535,756.2208,488.8057,5.7693,0.0000,200.0000,0
2025-07-03 04:40:00,21.1328,7.0290,10.0430,25.0575,27.7881,40.2157,49.9311,81.5288,348.6846,757.3767,507.3820,6.2233,0.0000,200.0000,0
2025-07-03 04:45:00,21.1244,6.9241,9.9311,25.0973,27.7991,40.0662,49.8092,81.0108,347.2682,756.0148,504.3326,6.2255,0.0000,200.0000,0
2025-07-03 04:50:00,21.2149,6.9308,10.0430,25.1790,27.9184,40.2736,50.2744,83.5202,346.1354,761.0391,524.6804,6.2821,0.0000,200.0000,0
2025-07-03 04:55:00,21.3106,6.9801,9.9906,25.2788,28.0543,39.8772,50.1106,87.1197,344.3234,766.1672,502.5460,5.7685,0.0000,200.0000,0
2025-07-03 05:00:00,21.4199,6.9866,9.9735,25.3535,28.0961,40.1859,49.9967,83.4527,345.9910,768.1679,502.4563,6.0208,0.0000,200.0000,0
2025-07-03 05:05:00,21.3241,6.9139,9.9567,25.3864,28.0968,39.7837,49.7570,84.9761,349.3814,765.5646,506.7277,5.9632,0.0000,200.0000,0
2025-07-03 05:10:00,21.3681,7.0410,9.9958,25.4498,28.3509,40.0250,49.8603,84.1264,347.1910,767.7408,495.0670,5.8848,0.0000,200.0000,0
2025-07-03 05:15:00,21.4961,6.9457,10.0806,25.5371,28.2654,39.9242,50.0947,83.6095,345.9208,771.4131,523.9194,6.2663,0.0000,200.0000,0
2025-07-03 05:20:00,21.4534,7.0747,10.0542,25.4651,28.4078,39.9462,50.0531,86.0172,345.6141,773.3752,498.2184,5.7921,0.0000,200.0000,0
2025-07-03 05:25:00,21.5211,7.0910,9.9727,25.5712,28.2789,39.9380,49.7081,84.1450,349.3343,770.7997,481.7569,5.7253,0.0000,200.0000,0
2025-07-03 05:30:00,21.5828,6.9876,10.0003,25.5899,28.4728,39.8902,50.0949,85.4526,347.7524,775.0159,503.0623,5.8870,0.0000,200.0000,0
2025-07-03 05:35:00,21.6751,7.0219,9.9901,25.5608,28.3608,39.8488,49.7647,84.8795,347.0705,771.6230,495.1163,5.8332,0.0000,200.0000,0
2025-07-03 05:40:00,21.7200,6.9384,10.0470,25.6603,28.4991,39.9469,50.2031,88.2318,346.8043,777.4798,519.8136,5.8915,0.0000,200.0000,0
2025-07-03 05:45:00,21.7572,7.0312,10.0639,25.6955,28.6773,40.0139,50.0313,89.5541,351.6704,778.8698,507.9746,5.6723,0.0000,200.0000,0
2025-07-03 05:50:00,21.5874,6.9751,10.0170,25.6439,28.5928,40.1396,49.9305,88.1225,349.7501,778.3545,511.1101,5.8000,0.0000,200.0000,0
2025-07-03 05:55:00,21.6779,6.9456,10.0813,25.7266,28.6021,40.0354,50.1485,88.6181,350.0362,781.0228,525.5057,5.9300,0.0000,200.0000,0
2025-07-03 06:00:00,21.8217,6.9855,10.1090,25.6848,28.5817,40.1400,50.0530,87.1305,344.0881,774.4686,524.8268,6.0235,0.0000,200.0000,0
2025-07-03 06:05:00,21.7379,6.9767,10.0187,25.6764,28.5101,39.8226,50.1987,86.7630,347.5872,776.7924,507.0946,5.8446,0.0000,200.0000,0
2025-07-03 06:10:00,21.6289,6.9837,10.0008,25.5551,28.4981,39.9480,50.0121,87.6434,346.4049,774.8727,504.5172,5.7565,0.0000,200.0000,0
2025-07-03 06:15:00,21.7290,7.0475,10.1495,25.6041,28.6592,40.0853,50.0208,88.5123,348.3701,778.0096,520.5072,5.8806,0.0000,200.0000,0
2025-07-03 06:20:00,21.6344,6.9607,10.0668,25.6603,28.5496,40.0412,49.9572,87.6860,349.3327,772.9967,520.6197,5.9373,0.0000,200.0000,0
2025-07-03 06:25:00,21.7637,7.0868,10.1417,25.9152,28.5863,39.8967,50.0394,88.5544,348.0756,775.6227,510.1960,5.7614,0.0000,200.0000,0
2025-07-03 06:30:00,21.7722,6.9337,10.0350,25.9262,28.5842,40.1121,50.2547,85.2400,346.5522,775.1178,520.7345,6.1090,0.0000,200.0000,0
2025-07-03 06:35:00,21.8685,7.0808,9.9430,25.8946,28.7336,39.9362,49.9246,85.5302,347.1792,774.5211,478.4853,5.5943,0.0000,200.0000,0
2025-07-03 06:40:00,22.0167,6.9492,9.8667,26.0340,28.7737,39.9067,50.0972,83.9509,349.7301,778.7291,487.3779,5.8055,0.0000,200.0000,0
2025-07-03 06:45:00,22.1655,6.9999,10.1168,26.1219,28.9976,40.0584,49.8679,86.6018,349.4277,786.8939,522.6433,6.0350,0.0000,200.0000,0
2025-07-03 06:50:00,22.3305,6.9755,10.0448,26.2096,29.0711,40.0007,49.6900,89.0994,348.0780,786.9886,513.9394,5.7682,0.0000,200.0000,0
2025-07-03 06:55:00,22.4187,6.9828,9.9729,26.3442,29.1831,39.9373,50.0311,87.1322,348.3563,790.0298,499.8748,5.7370,0.0000,200.0000,0
2025-07-03 07:00:00,22.4410,7.0401,10.0375,26.4165,29.3087,39.9332,50.0556,87.1932,348.1917,788.2973,501.0568,5.7465,0.0000,200.0000,0
2025-07-03 07:05:00,22.3557,7.0750,10.0613,26.3838,29.1810,39.8716,49.9835,90.0321,348.3287,791.5202,498.4165,5.5360,0.0000,200.0000,0
2025-07-03 07:10:00,22.5056,7.0595,10.1394,26.5243,29.4409,39.9525,49.7756,89.4820,348.8284,796.4296,515.0831,5.7563,0.0000,200.0000,0
2025-07-03 07:15:00,22.4953,6.9798,10.0905,26.5104,29.4203,40.1320,50.0456,94.5277,348.2465,793.5461,522.5772,5.5283,0.0000,200.0000,0
2025-07-03 07:20:00,22.6203,7.0092,10.1687,26.5676,29.5676,40.0293,50.0399,93.2769,346.7924,798.4688,529.4199,5.6758,0.0000,200.0000,0
2025-07-03 07:25:00,22.5782,6.9609,10.0409,26.5847,29.4661,40.1150,49.8667,92.8963,347.0809,795.5021,517.2033,5.5675,0.0000,200.0000,0
2025-07-03 07:30:00,22.7173,6.9504,10.2134,26.6087,29.6444,40.0619,49.7970,95.0362,346.3460,803.8437,547.1991,5.7578,0.0000,200.0000,0
2025-07-03 07:35:00,22.8393,6.9427,10.2346,26.7717,29.8944,39.9265,49.9621,98.0583,344.5019,809.3492,550.1803,5.6107,0.0000,200.0000,0
2025-07-03 07:40:00,22.9805,6.9781,10.3067,26.8659,30.0279,39.8021,50.0979,99.9719,344.0086,813.4467,554.5740,5.5473,0.0000,200.0000,0
2025-07-03 07:45:00,22.9660,7.0125,10.4453,27.0230,30.2773,39.8888,50.0625,107.1958,345.3693,820.4077,573.1931,5.3472,0.0000,200.0000,0
2025-07-03 07:50:00,22.9885,6.9044,10.4299,27.0623,30.3639,39.9195,49.8679,105.9619,342.9389,823.0722,589.1206,5.5597,0.0000,200.0000,0
2025-07-03 07:55:00,23.1242,6.9977,10.4485,27.0172,30.5303,39.9102,50.0205,107.7205,345.5876,825.7236,576.5014,5.3518,0.0000,200.0000,0
2025-07-03 08:00:00,23.3489,7.0758,10.5112,27.3095,30.6215,40.1177,50.1331,110.1471,344.0228,828.1907,576.9086,5.2376,0.0000,200.0000,0
2025-07-03 08:05:00,23.3593,7.0561,10.5917,27.2681,30.5749,40.1165,49.8241,110.1660,345.3918,830.0628,593.7186,5.3893,0.0000,200.0000,0
2025-07-03 08:10:00,23.4080,6.9707,10.5615,27.4699,30.8570,40.2654,50.0095,112.4593,344.4365,835.3242,605.2206,5.3817,0.0000,200.0000,0
2025-07-03 08:15:00,23.4664,6.9302,10.6324,27.4549,30.9027,39.9084,50.2009,112.6409,344.7225,838.0262,618.4826,5.4907,0.0000,200.0000,0
2025-07-03 08:20:00,23.5275,7.0230,10.5939,27.6019,31.0672,40.1917,49.8088,115.0852,342.3488,843.3555,600.7821,5.2203,0.0000,200.0000,0
2025-07-03 08:25:00,23.6860,6.8841,10.6927,27.7129,31.2510,40.1910,50.1733,117.7410,343.1391,845.3011,640.7558,5.4421,0.0000,200.0000,0
2025-07-03 08:30:00,23.7120,7.0555,10.6246,27.6429,31.1936,39.9721,50.2429,120.8337,343.7265,847.7800,597.2002,4.9423,0.0000,200.0000,0
2025-07-03 08:35:00,23.7108,6.9893,10.6439,27.7426,31.3121,40.0568,49.9667,119.6922,339.0828,849.6360,612.7908,5.1197,0.0000,200.0000,0
2025-07-03 08:40:00,23.9128,7.0916,10.6804,27.8850,31.3776,40.1489,49.9485,120.3567,345.5035,854.8570,603.1498,5.0114,0.0000,200.0000,0
2025-07-03 08:45:00,23.9275,6.9137,10.5606,27.9775,31.4727,39.9929,50.1550,118.7993,347.0554,851.2672,610.5355,5.1392,0.0000,200.0000,0
2025-07-03 08:50:00,24.0270,7.0459,10.7531,28.0742,31.6075,39.9836,49.9721,121.8036,344.2946,858.2640,620.4745,5.0941,0.0000,200.0000,0
2025-07-03 08:55:00,24.2790,6.9950,10.6819,28.1307,31.7542,39.9247,49.6470,117.2235,344.1680,858.0685,616.1810,5.2565,0.0000,200.0000,0
2025-07-03 09:00:00,24.3581,6.9834,10.7558,28.3424,31.9562,39.7168,49.9852,123.9085,342.9691,869.9921,627.1690,5.0615,0.0000,200.0000,0
2025-07-03 09:05:00,24.4054,6.9315,10.6094,28.3990,31.9880,40.0085,50.0706,122.3368,341.4572,866.9428,615.9647,5.0350,0.0000,200.0000,0
2025-07-03 09:10:00,24.4001,7.0298,10.6821,28.4032,32.1241,39.9148,50.1110,124.4411,341.4405,864.9573,610.2477,4.9039,0.0000,200.0000,0
2025-07-03 09:15:00,24.4755,7.0338,10.8061,28.5137,32.0982,39.8710,49.8679,126.5088,343.3216,870.3992,629.6021,4.9767,0.0000,200.0000,0
2025-07-03 09:20:00,24.4009,7.0893,10.9644,28.5716,32.1675,40.0507,49.9595,128.8681,338.9614,877.6260,649.6731,5.0414,0.0000,200.0000,0
2025-07-03 09:25:00,24.6404,7.0504,10.8764,28.7032,32.3733,39.8258,50.1465,131.8828,338.4164,880.7047,637.8440,4.8364,0.0000,200.0000,0
2025-07-03 09:30:00,24.5698,6.9703,11.0426,28.6045,32.4902,40.0967,49.9910,134.8837,339.0283,881.0665,683.5196,5.0675,0.0000,200.0000,0
2025-07-03 09:35:00,24.6059,6.9498,10.9884,28.6581,32.4781,40.0580,49.7707,134.3791,341.0306,884.4614,677.1979,5.0395,0.0000,200.0000,0
2025-07-03 09:40:00,24.7029,6.9316,10.9617,28.7653,32.5046,39.9520,50.1856,134.1069,338.4196,881.8913,673.9969,5.0258,0.0000,200.0000,0
2025-07-03 09:45:00,24.7431,7.0737,11.1100,28.6849,32.5562,39.9924,49.9679,138.2808,338.9678,885.7144,675.7234,4.8866,0.0000,200.0000,0
2025-07-03 09:50:00,24.6779,6.9611,11.0765,28.7022,32.6130,39.8572,50.1637,138.9759,338.8451,886.2433,686.6203,4.9406,0.0000,200.0000,0
2025-07-03 09:55:00,24.7921,7.0740,11.0557,28.8916,32.7470,40.0900,49.7907,141.9351,337.0639,895.3440,668.1883,4.7077,0.0000,200.0000,0
2025-07-03 10:00:00,24.9496,7.0263,11.1648,28.9089,32.9040,40.0225,49.9819,141.9782,334.1779,891.8819,693.3486,4.8835,0.0000,200.0000,0
2025-07-03 10:05:00,25.0881,7.0165,11.0389,29.0377,32.9927,40.0314,50.0765,139.7901,337.4685,896.7551,674.0403,4.8218,0.0000,200.0000,0
2025-07-03 10:10:00,25.1431,6.9847,11.1532,29.1755,33.1294,40.0602,49.9869,142.6989,339.5409,901.1342,699.0309,4.8986,0.0000,200.0000,0
2025-07-03 10:15:00,25.1094,7.0330,11.1231,29.1136,33.1564,39.9229,49.8225,144.3574,339.5162,901.8705,683.5202,4.7349,0.0000,200.0000,0
2025-07-03 10:20:00,25.2752,6.9992,11.3128,29.1028,33.2445,39.8177,49.6420,149.4523,338.8447,903.9515,718.9791,4.8108,0.0000,200.0000,0
2025-07-03 10:25:00,25.0803,6.9815,11.2735,29.2173,33.2402,40.1149,50.2285,150.8005,338.9356,905.9475,720.7027,4.7792,0.0000,200.0000,0
2025-07-03 10:30:00,25.2730,7.0348,11.2814,29.3640,33.3381,40.0826,50.0372,150.5189,336.4648,911.6166,712.5171,4.7337,0.0000,200.0000,0
2025-07-03 10:35:00,25.3884,6.9928,11.3061,29.3071,33.7058,39.9358,50.1750,151.4205,335.7147,913.2230,721.0577,4.7620,0.0000,200.0000,0
2025-07-03 10:40:00,25.4362,6.9601,11.3007,29.5264,33.7440,40.0491,50.1393,153.5903,337.9323,914.0498,727.6917,4.7379,0.0000,200.0000,0
2025-07-03 10:45:00,25.7082,7.0300,11.3329,29.5364,33.9367,40.1510,50.0895,155.4560,336.7022,924.2584,723.2043,4.6521,0.0000,200.0000,0
2025-07-03 10:50:00,25.8308,6.9968,11.2649,29.7702,33.9189,40.1366,49.9518,154.2265,339.3107,923.1645,717.0919,4.6496,0.0000,200.0000,0
2025-07-03 10:55:00,25.7865,7.0244,11.4291,29.8810,34.0479,39.9323,50.0735,157.6629,337.5010,930.1529,736.2641,4.6699,0.0000,200.0000,0
2025-07-03 11:00:00,25.8849,6.9773,11.5014,29.8821,34.2527,39.8213,50.2149,163.8929,338.2570,937.0480,754.1252,4.6013,0.0000,200.0000,0
2025-07-03 11:05:00,25.9429,6.9395,11.5028,29.9530,34.3472,39.8419,50.0125,169.4852,334.2278,941.1773,761.0486,4.4904,0.0000,200.0000,0
2025-07-03 11:10:00,25.9785,7.0868,11.5018,30.0219,34.4279,39.9626,50.2853,167.4112,337.2281,943.0944,738.5700,4.4117,0.0000,200.0000,0
2025-07-03 11:15:00,26.1108,7.0773,11.5364,30.0289,34.6961,40.1755,49.7751,170.0339,338.8663,945.8921,749.9019,4.4103,0.0000,200.0000,0
2025-07-03 11:20:00,26.0960,7.0442,11.6797,30.1090,34.6893,39.9126,49.7590,170.8806,334.6952,947.4119,774.4800,4.5323,0.0000,200.0000,0
2025-07-03 11:25:00,26.2185,6.9806,11.6468,30.2091,34.7594,39.9284,50.1482,174.5523,335.1417,953.7434,779.9082,4.4680,0.0000,200.0000,0
2025-07-03 11:30:00,26.3318,6.9850,11.7649,30.3872,34.9300,39.9260,49.8772,179.5022,331.9175,956.4224,798.8739,4.4505,0.0000,200.0000,0
2025-07-03 11:35:00,26.2193,7.0691,11.7576,30.2190,34.9704,39.9362,50.3065,179.5048,335.5600,959.8092,783.7855,4.3664,0.0000,200.0000,0
2025-07-03 11:40:00,26.1732,6.9823,11.7211,30.2066,34.8204,39.9987,50.2006,176.5270,336.2411,955.0788,793.4424,4.4947,0.0000,200.0000,0
2025-07-03 11:45:00,26.1770,6.9684,11.7734,30.2180,34.9209,39.8464,50.2381,178.6667,332.7774,955.0644,801.4618,4.4858,0.0000,200.0000,0
2025-07-03 11:50:00,26.1743,7.0936,11.7542,30.0793,34.7946,40.1301,50.1327,177.1724,334.9802,952.9519,782.9033,4.4189,0.0000,200.0000,0
2025-07-03 11:55:00,26.2561,6.9976,11.5688,30.3000,34.8660,39.9826,49.8618,174.5016,334.7048,955.4937,765.0624,4.3843,0.0000,200.0000,0
2025-07-03 12:00:00,26.3338,7.0884,11.6759,30.3098,34.9131,40.2975,49.7511,177.6542,335.0229,955.6392,773.8415,4.3559,0.0000,200.0000,0
2025-07-03 12:05:00,26.3650,6.9301,11.6685,30.4087,34.9523,39.8592,50.2243,175.2631,336.2249,958.8478,790.6005,4.5109,0.0000,200.0000,0
2025-07-03 12:10:00,26.5823,7.0259,11.7452,30.4672,35.0321,40.1908,49.7751,175.3391,335.5106,961.4650,793.9663,4.5282,0.0000,200.0000,0
2025-07-03 12:15:00,26.5912,7.1036,11.8783,30.5935,35.2711,40.1670,50.2377,181.4247,333.1485,974.5415,802.8209,4.4251,0.0000,200.0000,0
2025-07-03 12:20:00,26.6300,7.0015,11.7278,30.5979,35.2517,39.9506,50.1004,182.1561,335.0772,972.1252,790.3961,4.3391,0.0000,200.0000,0
2025-07-03 12:25:00,26.7298,6.9868,11.7799,30.6238,35.3927,39.9526,49.9886,182.1207,335.6231,968.4339,801.6015,4.4015,0.0000,200.0000,0
2025-07-03 12:30:00,26.6476,6.9416,11.7310,30.6840,35.4619,39.8894,50.0663,183.5799,332.1952,971.8035,799.7264,4.3563,0.0000,200.0000,0
2025-07-03 12:35:00,26.6957,7.0541,11.9704,30.7051,35.4679,39.8908,50.0698,188.3384,332.6212,976.5867,820.9353,4.3588,0.0000,200.0000,0
2025-07-03 12:40:00,26.7695,6.9615,12.0650,30.7226,35.7152,39.9999,49.9696,194.2252,328.1321,984.8228,854.5258,4.3997,0.0000,200.0000,0
2025-07-03 12:45:00,26.9556,6.9953,12.1221,30.8205,35.8899,40.0025,50.2139,198.2719,332.1191,987.4585,858.4940,4.3299,0.0000,200.0000,0
2025-07-03 12:50:00,26.8139,6.9383,12.1606,30.8109,35.7951,39.8077,50.2087,204.3747,333.0198,990.0925,870.2149,4.2579,0.0000,200.0000,0
2025-07-03 12:55:00,26.9358,7.0778,12.1821,30.8277,35.8901,40.2752,50.0233,200.6763,330.3700,988.4412,860.5360,4.2882,0.0000,200.0000,0
2025-07-03 13:00:00,26.9457,7.0577,12.2225,30.8782,36.0686,39.9689,49.9100,203.7448,330.7636,992.8570,864.1126,4.2412,0.0000,200.0000,0
2025-07-03 13:05:00,26.8490,6.9984,12.1604,30.9385,35.8944,40.0079,50.1959,199.2936,330.5284,988.6015,864.4860,4.3378,0.0000,200.0000,0
2025-07-03 13:10:00,26.7024,6.9423,12.0624,30.8579,35.6258,39.9249,49.6966,194.3022,330.7011,983.9686,855.6972,4.4040,0.0000,200.0000,0
2025-07-03 13:15:00,26.8998,7.0768,12.0341,30.7941,35.8625,39.9680,50.0666,196.9752,331.8379,985.4512,829.3808,4.2106,0.0000,200.0000,0
2025-07-03 13:20:00,26.6622,6.9817,12.0956,30.6913,35.6854,39.9571,50.1109,196.4049,329.7596,986.9600,855.3543,4.3551,0.0000,200.0000,0
2025-07-03 13:25:00,26.8340,6.9447,12.0953,30.7010,35.7718,39.9996,49.8757,197.3871,330.8795,986.2887,862.4000,4.3691,0.0000,200.0000,0
2025-07-03 13:30:00,26.7025,6.9119,12.1489,30.7454,35.7497,39.9982,50.1461,202.8576,328.7150,985.5405,876.8535,4.3225,0.0000,200.0000,0
2025-07-03 13:35:00,26.6878,6.9677,12.1238,30.8004,35.8948,40.0966,49.9960,202.5376,331.8384,991.3054,865.4153,4.2729,0.0000,200.0000,0
2025-07-03 13:40:00,26.8595,6.9273,12.2208,30.8885,35.9526,40.0273,49.9181,204.3472,330.9574,990.7844,886.9604,4.3405,0.0000,200.0000,0
2025-07-03 13:45:00,26.9495,6.9689,12.2534,31.0167,36.0274,40.0845,50.1445,205.7325,329.5688,998.0238,886.7101,4.3100,0.0000,200.0000,0
2025-07-03 13:50:00,26.8755,7.0372,12.1692,30.8868,36.0074,39.9988,49.8371,206.1588,330.2160,999.4436,859.2750,4.1680,0.0000,200.0000,0
2025-07-03 13:55:00,26.8596,6.9812,12.2327,30.8591,36.0011,40.0278,50.1304,208.6651,329.3895,996.1433,879.9221,4.2169,0.0000,200.0000,0
2025-07-03 14:00:00,26.8108,7.0178,12.2749,30.8793,35.9960,39.9710,49.7026,208.8783,332.0279,995.9276,879.6174,4.2111,0.0000,200.0000,0
2025-07-03 14:05:00,26.8037,6.9638,12.2484,30.8396,36.0600,40.1204,50.0429,204.7216,329.1223,995.1828,887.5037,4.3352,0.0000,200.0000,0
2025-07-03 14:10:00,26.8173,7.0033,12.1657,30.8738,35.9604,40.0387,50.0066,204.3945,331.5296,992.7216,865.2381,4.2332,0.0000,200.0000,0
2025-07-03 14:15:00,26.7721,7.0960,12.2677,30.7281,35.7996,39.9810,49.9190,202.3729,328.9943,991.1331,865.5311,4.2769,0.0000,200.0000,0
2025-07-03 14:20:00,26.7000,6.9826,12.2085,30.7844,35.8901,39.9775,50.0584,203.9158,331.9233,993.2297,874.5322,4.2887,0.0000,200.0000,0
2025-07-03 14:25:00,26.7236,7.0192,12.2449,30.6329,35.8079,39.9869,49.9881,204.2703,332.1238,992.2874,874.7057,4.2821,0.0000,200.0000,0
2025-07-03 14:30:00,26.5978,6.9217,12.2758,30.6164,35.7697,40.0037,50.1582,203.8547,332.4601,990.2717,896.5675,4.3981,0.0000,200.0000,0
2025-07-03 14:35:00,26.6902,7.0760,12.2242,30.6201,35.8977,39.9932,50.0840,207.6847,332.7669,992.3902,861.8705,4.1499,0.0000,200.0000,0
2025-07-03 14:40:00,26.7203,6.9761,12.2261,30.6706,35.9022,39.9329,50.0679,207.2652,330.5380,990.1839,877.5735,4.2341,0.0000,200.0000,0
2025-07-03 14:45:00,26.6469,7.0525,12.0636,30.7034,35.8414,40.0918,50.0438,202.0069,333.2554,986.3091,840.9859,4.1632,0.0000,200.0000,0
2025-07-03 14:50:00,26.6756,6.9938,12.2096,30.6200,35.8835,40.0994,49.9292,203.8557,333.2986,992.7387,875.4984,4.2947,0.0000,200.0000,0
2025-07-03 14:55:00,26.7821,7.0306,12.1407,30.7699,35.9876,40.2141,49.9547,204.4003,327.8309,991.2027,860.2104,4.2085,0.0000,200.0000,0
2025-07-03 15:00:00,26.7664,7.0336,12.2876,30.6420,35.8620,39.9276,50.0372,209.7840,328.5905,992.6193,878.1427,4.1859,0.0000,200.0000,0
2025-07-03 15:05:00,26.7148,6.9774,12.1838,30.7253,35.8073,40.0800,49.9740,203.1570,327.4985,990.0598,873.5046,4.2997,0.0000,200.0000,0
2025-07-03 15:10:00,26.6820,7.0546,12.1104,30.7894,35.8460,39.7709,50.1667,200.7593,332.9179,990.0771,841.6995,4.1926,0.0000,200.0000,0
2025-07-03 15:15:00,26.4983,6.9621,12.1007,30.6184,35.7505,40.0995,50.0140,198.8851,327.9259,985.9049,862.5544,4.3369,0.0000,200.0000,0
2025-07-03 15:20:00,26.5281,7.0389,12.0811,30.4685,35.4914,39.8252,50.0564,194.4822,327.8816,973.7131,840.5761,4.3221,0.0000,200.0000,0
2025-07-03 15:25:00,26.4789,6.9805,11.9742,30.4720,35.4126,39.8819,49.7896,191.9206,329.3421,979.3449,833.6785,4.3439,0.0000,200.0000,0
2025-07-03 15:30:00,26.6074,7.0175,12.0202,30.6246,35.4489,40.0399,50.1415,192.3520,328.2273,974.4427,838.4927,4.3592,0.0000,200.0000,0
2025-07-03 15:35:00,26.4953,6.9769,12.1000,30.4982,35.5253,39.9254,49.9128,195.8801,331.8108,979.4922,856.2097,4.3711,0.0000,200.0000,0
2025-07-03 15:40:00,26.5916,7.0025,11.8720,30.5381,35.4160,39.9090,49.8436,189.9630,329.9240,977.2415,813.4951,4.2824,0.0000,200.0000,0
2025-07-03 15:45:00,26.6304,6.9463,12.0213,30.5316,35.4431,39.9418,50.2469,191.5418,328.5059,978.3003,848.5297,4.4300,0.0000,200.0000,0
2025-07-03 15:50:00,26.4898,7.0124,11.9471,30.4380,35.3573,40.0876,50.1046,196.5661,331.4549,974.9071,828.0748,4.2127,0.0000,200.0000,0
2025-07-03 15:55:00,26.4270,7.0022,12.1135,30.4637,35.4142,39.8881,50.1466,198.1298,330.8687,977.5534,853.4397,4.3075,0.0000,200.0000,0
2025-07-03 16:00:00,26.3419,6.9730,12.0858,30.3508,35.5063,39.9935,50.0682,199.3520,326.8996,978.4392,855.9518,4.2937,0.0000,200.0000,0
2025-07-03 16:05:00,26.4518,6.9972,12.1597,30.4888,35.4016,39.9546,49.9860,196.8065,329.6549,978.6729,863.4266,4.3872,0.0000,200.0000,0
2025-07-03 16:10:00,26.4642,7.0067,12.0076,30.5170,35.5470,40.0984,49.9581,196.1731,331.1134,975.5207,839.4147,4.2789,0.0000,200.0000,0
2025-07-03 16:15:00,26.4950,6.9692,11.9837,30.5661,35.4535,40.1018,50.1169,195.0360,330.5433,978.0300,841.7663,4.3160,0.0000,200.0000,0
2025-07-03 16:20:00,26.3952,6.9936,12.1252,30.4146,35.4574,39.7798,50.1699,199.4031,330.1826,975.8361,854.5034,4.2853,0.0000,200.0000,0
2025-07-03 16:25:00,26.2889,6.9497,11.9999,30.3423,35.2168,40.1254,49.9898,193.0037,333.9783,973.8652,848.2531,4.3950,0.0000,200.0000,0
2025-07-03 16:30:00,26.4622,7.1173,11.9601,30.2983,35.3158,39.9267,50.3109,192.0991,335.7957,971.7452,809.3909,4.2134,0.0000,200.0000,0
2025-07-03 16:35:00,26.2723,7.0530,11.9758,30.3374,35.2576,40.0284,49.9704,188.4185,331.5588,968.0791,824.8679,4.3779,0.0000,200.0000,0
2025-07-03 16:40:00,26.2342,7.0137,11.8134,30.2685,35.1614,39.8873,49.7909,186.2268,329.8333,964.9811,801.3995,4.3034,0.0000,200.0000,0
2025-07-03 16:45:00,26.2026,7.0586,11.7883,30.2385,34.9629,40.0445,49.7418,182.1206,332.5889,962.6358,792.8200,4.3533,0.0000,200.0000,0
2025-07-03 16:50:00,26.2354,6.9010,11.7713,30.1751,34.8768,40.3062,49.7468,180.9540,333.7668,959.7252,821.7101,4.5410,0.0000,200.0000,0
2025-07-03 16:55:00,26.1818,6.8721,11.8726,30.2187,34.8885,40.0153,49.9379,182.5605,333.0120,958.6443,837.6062,4.5881,0.0000,200.0000,0
2025-07-03 17:00:00,26.1851,6.9800,11.8711,30.1962,34.8508,39.9448,49.9652,181.0258,334.5494,958.9713,817.8252,4.5177,0.0000,200.0000,0
2025-07-03 17:05:00,26.0904,6.9311,11.8156,30.0993,34.8136,39.9721,50.1024,178.0233,338.1182,957.9275,817.2955,4.5909,0.0000,200.0000,0
2025-07-03 17:10:00,26.0381,6.9882,11.7023,29.9952,34.7142,39.8237,49.9957,174.9096,330.6718,951.1660,785.8611,4.4930,0.0000,200.0000,0
2025-07-03 17:15:00,25.8954,7.0103,11.5291,30.0728,34.5643,40.1739,50.1265,169.6472,333.5604,946.5082,759.9230,4.4794,0.0000,200.0000,0
2025-07-03 17:20:00,25.9853,7.0460,11.7006,29.9937,34.4458,40.0375,50.0067,173.4262,337.4122,942.9808,780.0889,4.4981,0.0000,200.0000,0
2025-07-03 17:25:00,25.8439,6.9431,11.7495,29.7958,34.4922,39.8741,50.0020,172.6749,333.3262,942.1097,802.2563,4.6460,0.0000,200.0000,0
2025-07-03 17:30:00,25.8516,7.0200,11.7464,29.8586,34.3455,39.8780,49.9134,171.4782,335.8792,944.3075,788.9829,4.6011,0.0000,200.0000,0
2025-07-03 17:35:00,25.6491,7.0007,11.6313,29.5741,34.2105,40.0018,50.2134,168.4481,336.1759,935.0024,775.3751,4.6031,0.0000,200.0000,0
2025-07-03 17:40:00,25.7268,7.0174,11.5438,29.7837,34.2592,40.1118,49.7703,168.7491,337.4270,937.4395,760.0168,4.5038,0.0000,200.0000,0
2025-07-03 17:45:00,25.7057,6.9740,11.4665,29.6458,34.0679,39.8619,50.0452,163.9157,339.6671,935.2298,749.6186,4.5732,0.0000,200.0000,0
2025-07-03 17:50:00,25.7703,7.0692,11.6419,29.6705,34.0896,40.1336,49.9728,165.5355,336.0854,933.7760,768.2093,4.6408,0.0000,200.0000,0
2025-07-03 17:55:00,25.5911,6.9948,11.4930,29.5547,34.0266,39.9890,50.1173,165.8450,331.7774,930.0710,752.9733,4.5402,0.0000,200.0000,0
2025-07-03 18:00:00,25.5267,7.0887,11.4917,29.4780,33.9831,39.8884,49.9969,165.0796,333.9866,932.4197,735.1857,4.4535,0.0000,200.0000,0
2025-07-03 18:05:00,25.4784,6.9605,11.4772,29.5529,33.9086,39.9439,50.0013,158.3214,340.7162,927.0846,755.2198,4.7702,0.0000,200.0000,0
2025-07-03 18:10:00,25.4246,7.0371,11.3575,29.3544,33.7012,40.2098,49.9600,156.3457,333.9266,920.6974,727.1917,4.6512,0.0000,200.0000,0
2025-07-03 18:15:00,25.3136,6.9970,11.2514,29.3079,33.4880,39.8334,50.2090,151.5619,338.3010,916.1400,709.3876,4.6805,0.0000,200.0000,0
2025-07-03 18:20:00,25.3099,6.9836,11.3770,29.2201,33.3793,39.9122,50.0004,152.4469,332.3584,910.5229,734.0066,4.8148,0.0000,200.0000,0
2025-07-03 18:25:00,25.1413,7.0316,11.3386,29.3149,33.4144,40.1143,50.2954,150.3575,334.5645,912.8710,723.2142,4.8100,0.0000,200.0000,0
2025-07-03 18:30:00,25.1456,6.9850,11.3066,29.2330,33.3721,40.0260,50.0408,153.1266,338.9589,910.3586,724.0673,4.7286,0.0000,200.0000,0
2025-07-03 18:35:00,25.0103,6.8669,11.3353,29.0488,33.3567,39.9051,50.0033,154.8725,336.7181,908.5688,746.4060,4.8195,0.0000,200.0000,0
2025-07-03 18:40:00,25.0810,6.8469,11.4810,29.1118,33.3964,40.1158,49.9782,155.3182,336.0057,916.6083,778.1807,5.0102,0.0000,200.0000,0
2025-07-03 18:45:00,24.9676,7.0636,11.4242,29.0860,33.2730,40.1215,50.0846,155.0887,334.7525,907.2293,732.3598,4.7222,0.0000,200.0000,0
2025-07-03 18:50:00,24.9669,7.0615,11.4650,29.0833,33.2932,40.0398,49.9117,154.7600,332.6327,910.4001,738.0449,4.7690,0.0000,200.0000,0
2025-07-03 18:55:00,24.9783,7.0944,11.4478,28.9691,33.2681,39.9265,50.0219,154.9337,337.9482,909.8529,727.5929,4.6962,0.0000,200.0000,0
2025-07-03 19:00:00,24.8458,6.9991,11.3494,28.9332,33.1633,39.9450,50.0012,153.6977,336.2177,907.3568,727.4069,4.7327,0.0000,200.0000,0
2025-07-03 19:05:00,24.8346,6.9354,11.3457,28.8738,33.0905,40.0342,50.0488,151.7251,333.7731,904.3738,739.0974,4.8713,0.0000,200.0000,0
2025-07-03 19:10:00,24.9037,6.9790,11.4230,28.8168,33.0867,39.8426,50.0525,152.2590,337.0441,902.4349,741.1644,4.8678,0.0000,200.0000,0
2025-07-03 19:15:00,24.8481,7.0006,11.3731,28.7424,32.8924,40.1593,50.0603,147.4095,338.5550,900.3516,735.0453,4.9864,0.0000,200.0000,0
2025-07-03 19:20:00,24.6821,6.9496,11.3240,28.6389,33.0207,40.2040,50.0142,153.1554,336.0414,901.8793,736.1728,4.8067,0.0000,200.0000,0
2025-07-03 19:25:00,24.5295,7.0824,11.4351,28.6491,32.8430,39.9717,50.2353,151.3270,336.7567,898.0622,728.2997,4.8128,0.0000,200.0000,0
2025-07-03 19:30:00,24.4580,7.1120,11.4023,28.5158,32.8216,40.0427,50.0634,153.5251,336.5951,896.7905,719.1396,4.6842,0.0000,200.0000,0
2025-07-03 19:35:00,24.4996,7.0239,11.3646,28.5514,32.8576,40.1423,50.3909,153.5644,335.0419,895.1770,729.3847,4.7497,0.0000,200.0000,0
2025-07-03 19:40:00,24.5713,6.9995,11.4088,28.5805,32.7824,40.2347,50.0075,152.7748,336.7289,901.4390,742.6382,4.8610,0.0000,200.0000,0
2025-07-03 19:45:00,24.6591,6.9353,11.1891,28.7266,32.6742,40.1868,50.1438,147.7570,339.2125,893.8405,715.5968,4.8431,0.0000,200.0000,0
2025-07-03 19:50:00,24.6700,7.0773,11.2265,28.6253,32.6708,39.7917,49.8911,145.7098,339.8663,893.1434,691.1172,4.7431,0.0000,200.0000,0
2025-07-03 19:55:00,24.5497,7.0038,11.1276,28.5729,32.5178,39.9621,50.2101,142.5053,340.0429,885.3562,689.8387,4.8408,0.0000,200.0000,0
2025-07-03 20:00:00,24.4237,6.9855,11.1267,28.4306,32.4902,40.0601,49.8944,140.9975,337.2395,882.4698,694.4389,4.9252,0.0000,200.0000,0
2025-07-03 20:05:00,24.4694,7.0241,11.1381,28.4552,32.4238,39.9407,50.0684,140.4442,339.9436,885.9850,687.8258,4.8975,0.0000,200.0000,0
2025-07-03 20:10:00,24.4514,6.9707,10.9844,28.4681,32.3756,40.2139,49.9603,137.2541,340.4642,879.6217,675.6437,4.9226,0.0000,200.0000,0
2025-07-03 20:15:00,24.3849,7.0073,11.0940,28.3562,32.1327,40.1955,50.0678,136.8514,338.2748,878.5302,687.6107,5.0245,0.0000,200.0000,0
2025-07-03 20:20:00,24.4663,6.9279,10.9508,28.3543,32.1113,39.9021,49.9648,130.4423,339.4896,870.2366,671.9445,5.1513,0.0000,200.0000,0
2025-07-03 20:25:00,24.2536,7.0544,10.8857,28.3861,32.0360,39.9805,49.8816,126.2249,342.8356,870.2933,641.2147,5.0799,0.0000,200.0000,0
2025-07-03 20:30:00,24.2707,6.9948,10.7060,28.2424,31.8270,39.9101,49.9593,122.1228,344.8980,864.2796,620.0147,5.0770,0.0000,200.0000,0
2025-07-03 20:35:00,24.3500,7.0579,10.6714,28.2894,31.7862,39.9766,50.2312,121.5503,338.6451,861.8936,604.6772,4.9747,0.0000,200.0000,0
2025-07-03 20:40:00,24.1103,6.9899,10.7681,28.2190,31.6684,39.9729,50.0701,120.2725,345.7003,859.6091,632.1903,5.2563,0.0000,200.0000,0
2025-07-03 20:45:00,24.1637,6.9932,10.6170,28.1547,31.5284,40.1145,49.8067,118.3729,345.0286,859.1247,608.5063,5.1406,0.0000,200.0000,0
2025-07-03 20:50:00,24.0811,6.9394,10.6517,28.1623,31.5536,39.8934,50.1643,115.3373,342.9785,853.3328,619.9289,5.3749,0.0000,200.0000,0
2025-07-03 20:55:00,23.9378,7.0380,10.6732,27.9527,31.4722,39.6860,49.8663,118.8666,342.2899,854.5051,603.9012,5.0805,0.0000,200.0000,0
2025-07-03 21:00:00,23.7010,6.9562,10.5809,27.7726,31.2242,39.8075,50.1115,116.1573,343.5065,848.1587,603.9978,5.1998,0.0000,200.0000,0
2025-07-03 21:05:00,23.7572,6.9757,10.6993,27.6270,31.1964,39.8766,50.0830,117.2132,341.2734,845.2690,621.5612,5.3028,0.0000,200.0000,0
2025-07-03 21:10:00,23.6338,7.0001,10.7878,27.5818,31.0674,39.9213,50.0924,120.4577,341.4256,844.9968,632.9660,5.2547,0.0000,200.0000,0
2025-07-03 21:15:00,23.6733,7.0061,10.7948,27.6665,31.1238,40.0225,50.2780,119.0121,339.0530,849.2869,634.7454,5.3335,0.0000,200.0000,0
2025-07-03 21:20:00,23.5007,6.9147,10.8090,27.6314,31.1919,39.8704,49.8757,120.9130,338.2495,846.4459,649.9567,5.3754,0.0000,200.0000,0
2025-07-03 21:25:00,23.4874,6.9885,10.8147,27.5114,31.0862,39.8547,50.0916,119.7762,346.5180,844.9050,638.3400,5.3294,0.0000,200.0000,0
2025-07-03 21:30:00,23.3352,7.0398,10.7316,27.4365,30.8730,39.8885,50.1889,118.1640,342.0823,840.9691,616.4341,5.2168,0.0000,200.0000,0
2025-07-03 21:35:00,23.2079,6.9811,10.6635,27.1641,30.7174,39.8661,49.9035,117.1675,342.6123,833.9174,614.5124,5.2447,0.0000,200.0000,0
2025-07-03 21:40:00,23.3009,6.9888,10.7924,27.1869,30.6960,39.9335,49.8881,116.0819,342.3044,835.4217,635.8148,5.4773,0.0000,200.0000,0
2025-07-03 21:45:00,23.0430,7.0081,10.5737,27.0992,30.4433,39.9283,49.9569,114.9632,341.0109,828.8270,595.9505,5.1838,0.0000,200.0000,0
2025-07-03 21:50:00,22.9441,6.9937,10.5992,26.9590,30.3876,40.0827,50.0487,113.3429,341.8847,829.1071,604.9590,5.3374,0.0000,200.0000,0
2025-07-03 21:55:00,22.9389,6.9485,10.6372,26.9782,30.3443,39.8813,49.7884,111.2030,343.1841,829.7972,615.8134,5.5377,0.0000,200.0000,0
2025-07-03 22:00:00,22.7448,6.9982,10.5945,26.8491,30.1672,39.9571,50.0827,108.6257,343.3916,820.3626,601.5184,5.5375,0.0000,200.0000,0
2025-07-03 22:05:00,22.7710,7.0497,10.4755,26.8447,30.1408,39.9346,49.7887,105.5682,342.6669,819.1711,572.6811,5.4248,0.0000,200.0000,0
2025-07-03 22:10:00,22.7611,6.9474,10.4653,26.7967,30.0873,40.0971,50.1940,103.3512,345.5456,820.4540,590.4670,5.7132,0.0000,200.0000,0
2025-07-03 22:15:00,22.7492,6.9813,10.2711,26.7221,29.8800,39.9815,50.0771,101.8615,345.3284,813.1412,550.5927,5.4053,0.0000,200.0000,0
2025-07-03 22:20:00,22.8139,6.9309,10.3211,26.8559,29.9319,40.1261,50.2870,101.4243,345.9412,811.5946,569.4401,5.6144,0.0000,200.0000,0
2025-07-03 22:25:00,22.6450,7.0471,10.2094,26.6477,29.7200,39.8617,50.1003,99.2885,346.9184,804.8236,527.6736,5.3146,0.0000,200.0000,0
2025-07-03 22:30:00,22.5557,6.9954,10.2608,26.5466,29.5620,39.9941,49.9543,95.9291,345.8360,800.2665,546.6849,5.6988,0.0000,200.0000,0
2025-07-03 22:35:00,22.4453,6.9575,10.0724,26.4796,29.4561,39.9309,49.8802,92.4474,346.4327,793.7825,520.6595,5.6320,0.0000,200.0000,0
2025-07-03 22:40:00,22.5612,7.0046,10.0530,26.5902,29.4913,39.8529,50.0358,93.4074,350.0065,800.3443,508.5409,5.4443,0.0000,200.0000,0
2025-07-03 22:45:00,22.5579,6.9398,10.0511,26.5525,29.2403,39.9919,49.9955,90.6061,345.9088,791.9056,520.8434,5.7484,0.0000,200.0000,0
2025-07-03 22:50:00,22.4276,6.9483,10.0191,26.4790,29.3052,40.2080,50.1779,85.0233,344.5407,792.1266,516.8356,6.0788,0.0000,200.0000,0
2025-07-03 22:55:00,22.2517,6.9270,9.9598,26.3023,29.0688,39.8977,49.8607,84.7798,349.3839,785.7937,506.5219,5.9746,0.0000,200.0000,0
2025-07-03 23:00:00,22.3501,6.9467,10.0016,26.2889,29.0466,39.9847,50.3031,87.7321,346.9701,787.7763,511.3271,5.8283,0.0000,200.0000,0
2025-07-03 23:05:00,22.2732,7.0679,9.9720,26.2173,29.0796,39.8425,50.1912,87.2159,346.3056,785.5738,484.3574,5.5535,0.0000,200.0000,0
2025-07-03 23:10:00,22.2396,6.9633,9.9759,26.2325,29.0102,39.8249,49.9695,84.7198,349.8874,788.4533,502.2100,5.9279,0.0000,200.0000,0
2025-07-03 23:15:00,22.1205,7.0233,9.8957,25.9535,28.7862,39.9055,50.2697,85.7896,348.1271,782.4751,479.8136,5.5929,0.0000,200.0000,0
2025-07-03 23:20:00,21.9773,6.9582,10.0004,25.9697,28.7339,39.9460,49.8825,87.1606,345.7094,779.4951,508.7067,5.8364,0.0000,200.0000,0
2025-07-03 23:25:00,22.0051,7.0380,9.9457,25.9207,28.7038,39.9513,50.0308,82.5989,352.5793,774.8317,486.2743,5.8872,0.0000,200.0000,0
2025-07-03 23:30:00,21.8958,6.9487,9.9247,25.8924,28.5238,39.9729,49.8085,83.6080,345.7781,775.4536,497.9655,5.9560,0.0000,200.0000,0
2025-07-03 23:35:00,21.6692,7.0020,9.9171,25.8417,28.4023,39.8022,50.2770,82.1469,348.6480,769.5335,485.7002,5.9126,0.0000,200.0000,0
2025-07-03 23:40:00,21.5610,7.0026,9.8834,25.5189,28.4239,39.9249,49.7529,83.5543,344.7090,766.8802,481.4508,5.7621,0.0000,200.0000,0
2025-07-03 23:45:00,21.6487,7.1164,9.9343,25.8041,28.3935,40.0602,49.7839,81.3729,349.3770,771.2241,472.5413,5.8071,0.0000,200.0000,0
2025-07-03 23:50:00,21.6113,7.0315,9.9426,25.6424,28.3993,39.8370,49.9048,84.3975,347.1984,773.3247,485.4454,5.7519,0.0000,200.0000,0
2025-07-03 23:55:00,21.5766,6.9704,9.8623,25.5985,28.3132,39.9574,50.1983,82.1183,350.5849,766.4584,483.7089,5.8904,0.0000,200.0000,0
2025-07-04 00:00:00,21.5742,7.0343,9.8650,25.4727,28.2005,40.0351,50.1432,82.6610,348.9673,766.9866,474.3900,5.7390,0.0000,200.0000,1
2025-07-04 00:05:00,21.5653,7.1069,9.8306,25.5524,28.1550,39.9061,50.0183,81.7652,351.8241,763.9377,454.9849,5.5645,0.0004,199.9131,1
2025-07-04 00:10:00,21.3937,6.9185,9.8895,25.3804,28.0483,40.0410,50.1528,79.2504,348.4301,762.7265,497.9627,6.2834,0.0009,199.8262,1
2025-07-04 00:15:00,21.3752,6.9579,9.7404,25.3944,27.9432,39.8175,49.9827,81.3389,346.3595,762.7757,463.7873,5.7019,0.0013,199.7394,1
2025-07-04 00:20:00,21.2463,6.9882,9.6895,25.2536,27.9148,40.1066,50.0634,77.1041,350.6423,756.5555,453.5265,5.8820,0.0017,199.6525,1
2025-07-04 00:25:00,21.3261,6.9791,9.6794,25.3263,27.7964,40.0439,50.2478,74.8217,350.0225,752.9458,452.6302,6.0495,0.0022,199.5656,1
2025-07-04 00:30:00,21.3784,6.9834,9.7551,25.4194,27.9119,40.0067,49.9630,72.7731,347.0677,752.6069,464.1722,6.3783,0.0026,199.4787,1
2025-07-04 00:35:00,21.2736,6.9348,9.7481,25.2526,27.8020,40.1350,49.8850,72.5596,348.4210,755.5756,472.6464,6.5139,0.0030,199.3918,1
2025-07-04 00:40:00,21.2917,7.0702,9.6406,25.2451,27.7422,39.9605,50.0706,73.2711,348.8307,750.6497,429.9634,5.8681,0.0035,199.3050,1
2025-07-04 00:45:00,21.2373,6.9289,9.7576,25.2319,27.5989,39.9259,50.1110,72.7155,353.6865,752.3367,472.7721,6.5017,0.0039,199.2181,1
2025-07-04 00:50:00,21.2387,6.9900,9.7303,25.1674,27.6727,40.1647,50.0166,74.2425,352.2170,752.7891,460.7302,6.2057,0.0043,199.1312,1
2025-07-04 00:55:00,21.0852,7.0523,9.5649,25.2131,27.5146,40.2209,50.1505,71.9143,350.4335,747.4482,423.0287,5.8824,0.0048,199.0443,1
2025-07-04 01:00:00,21.0466,6.9985,9.4655,25.0745,27.4793,39.9168,49.9698,69.6296,352.3373,745.7008,412.2136,5.9201,0.0052,198.9574,1
2025-07-04 01:05:00,21.0795,6.9510,9.6392,25.0868,27.4262,39.9864,50.0191,71.7519,346.8898,750.0507,449.9547,6.2710,0.0056,198.8705,1
2025-07-04 01:10:00,21.1557,6.9326,9.7760,25.1995,27.6501,40.1254,50.0562,74.4156,349.1984,751.5395,477.5926,6.4179,0.0061,198.7837,1
2025-07-04 01:15:00,21.1970,6.9885,9.7447,25.1755,27.7118,39.9906,50.0431,73.6695,351.5850,748.9977,461.3922,6.2630,0.0065,198.6968,1
2025-07-04 01:20:00,21.1179,6.9621,9.5628,24.9685,27.5418,40.0714,50.2420,69.9223,351.6033,746.7733,436.2267,6.2387,0.0070,198.6099,1
2025-07-04 01:25:00,20.9591,7.0103,9.6634,25.0043,27.3890,40.0936,50.0554,69.9422,350.4476,746.8689,445.2896,6.3665,0.0074,198.5230,1
2025-07-04 01:30:00,21.0439,6.9299,9.4158,24.9158,27.2853,39.9325,49.9544,68.3021,351.8551,745.2701,415.5357,6.0838,0.0078,198.4361,1
2025-07-04 01:35:00,21.0199,7.0407,9.4549,25.0961,27.2567,40.0503,50.0792,65.5894,353.0574,740.7512,404.7572,6.1711,0.0083,198.3493,1
2025-07-04 01:40:00,21.0768,7.0058,9.4153,25.2426,27.4362,39.9993,50.1513,67.3152,352.6731,741.5887,403.4410,5.9933,0.0087,198.2624,1
2025-07-04 01:45:00,21.1436,7.0095,9.4802,25.1888,27.3790,39.8540,50.1161,64.9717,354.5267,744.3316,412.1930,6.3442,0.0091,198.1755,1
2025-07-04 01:50:00,21.2420,7.0721,9.4355,25.2160,27.5071,39.8812,50.1078,62.9162,353.8775,738.9519,394.5544,6.2711,0.0096,198.0886,1
2025-07-04 01:55:00,21.2735,6.9781,9.4815,25.1745,27.4773,39.9217,49.7753,66.6918,353.7340,744.8611,418.3473,6.2728,0.0100,198.0017,1
2025-07-04 02:00:00,21.2009,6.9637,9.3115,25.1849,27.4304,40.1114,49.6261,64.1998,356.5961,742.3037,394.2136,6.1404,0.0104,197.9149,1
2025-07-04 02:05:00,21.3279,6.9726,9.3809,25.3836,27.3887,40.1154,50.1913,63.4885,355.1694,745.1382,404.4054,6.3697,0.0109,197.8280,1
2025-07-04 02:10:00,21.2827,6.9904,9.4142,25.2387,27.4750,40.0900,50.0658,63.4183,356.5697,746.7815,406.7621,6.4140,0.0113,197.7411,1
2025-07-04 02:15:00,21.1313,6.9955,9.2026,25.0793,27.3277,40.0528,49.9968,62.0922,352.6025,737.0066,370.0549,5.9598,0.0117,197.6542,1
2025-07-04 02:20:00,21.1839,6.9585,9.2313,25.3062,27.4043,40.0495,50.1041,65.0782,350.3556,742.1391,381.0345,5.8550,0.0122,197.5673,1
2025-07-04 02:25:00,21.2009,6.8988,9.4526,25.2198,27.3497,40.0333,50.2891,63.3509,352.7077,740.4653,427.9510,6.7553,0.0126,197.4805,1
2025-07-04 02:30:00,21.2537,6.9720,9.4171,25.2769,27.4643,40.0489,50.2120,65.8877,352.3247,742.9845,409.9118,6.2214,0.0130,197.3936,1
2025-07-04 02:35:00,21.1984,7.0180,9.2950,25.2342,27.4486,40.0570,50.1443,62.6759,356.2536,742.3242,381.8013,6.0917,0.0135,197.3067,1
2025-07-04 02:40:00,21.2294,7.0068,9.3758,25.2147,27.3776,39.8315,49.8670,66.8981,350.8490,740.7338,394.9928,5.9044,0.0139,197.2198,1
2025-07-04 02:45:00,21.1801,7.0600,9.3314,25.1300,27.3309,39.9052,49.8865,63.1597,353.5625,738.7646,379.4204,6.0073,0.0143,197.1329,1
2025-07-04 02:50:00,21.1467,7.0978,9.3112,25.0087,27.2918,39.8765,49.6420,62.2297,354.5125,740.0575,369.4707,5.9372,0.0148,197.0460,1
2025-07-04 02:55:00,21.0361,7.0380,9.2293,25.0831,27.2758,40.1329,50.0950,60.3837,353.9731,740.2336,368.1322,6.0965,0.0152,196.9592,1
2025-07-04 03:00:00,21.1924,7.0691,9.4181,25.1369,27.2315,40.1985,50.1663,61.2036,353.2883,738.8964,395.2586,6.4581,0.0156,196.8723,1
2025-07-04 03:05:00,21.1067,7.0383,9.3783,25.0732,27.2295,39.7397,50.1785,62.9970,354.3127,738.1485,389.2503,6.1789,0.0161,196.7854,1
2025-07-04 03:10:00,20.9465,7.0855,9.3344,24.9568,27.1359,40.1878,50.1013,61.2755,355.5600,733.9798,378.3321,6.1743,0.0165,196.6985,1
2025-07-04 03:15:00,20.9367,7.0925,9.3770,24.9219,27.2160,40.0104,49.9769,62.5473,356.1343,740.8353,382.6079,6.1171,0.0169,196.6116,1
2025-07-04 03:20:00,21.0460,7.0476,9.4285,24.9831,27.3100,40.1215,49.9154,64.6378,352.9717,740.6967,399.8723,6.1863,0.0174,196.5248,1
2025-07-04 03:25:00,20.8377,7.0353,9.2796,25.0132,27.0930,40.0608,49.8762,62.2014,351.8967,735.0470,376.3554,6.0506,0.0178,196.4379,1
2025-07-04 03:30:00,20.9656,6.9897,9.3860,25.0244,27.1720,40.1728,49.9755,63.4953,356.3146,736.2991,402.9703,6.3465,0.0182,196.3510,1
2025-07-04 03:35:00,20.8665,6.9979,9.3314,24.9141,27.1098,40.0252,49.8533,63.4798,350.8560,737.4461,390.9577,6.1588,0.0187,196.2641,1
2025-07-04 03:40:00,21.0015,6.9831,9.4448,24.9970,27.2995,39.8364,50.2634,66.5715,356.1714,741.4968,410.4964,6.1663,0.0191,196.1772,1
2025-07-04 03:45:00,20.9546,7.0311,9.4301,24.9317,27.3419,39.9873,49.8046,66.0196,354.9426,743.0712,401.5701,6.0826,0.0195,196.0904,1
2025-07-04 03:50:00,21.0284,6.9640,9.3508,25.0738,27.3093,40.0619,49.9704,65.1816,355.9163,743.1179,400.2730,6.1409,0.0200,196.0035,1
2025-07-04 03:55:00,21.0577,6.9904,9.5674,25.1835,27.4110,39.9741,49.7096,67.3287,353.6541,744.2397,431.1987,6.4044,0.0204,195.9166,1
2025-07-04 04:00:00,21.1438,6.8822,9.4653,25.0754,27.4755,40.0789,50.0445,67.1808,348.2479,747.7664,433.3652,6.4507,0.0209,195.8297,1
2025-07-04 04:05:00,21.3560,7.0862,9.5332,25.2847,27.5637,39.9921,49.9996,69.9591,349.8904,750.8909,409.6469,5.8555,0.0213,195.7428,1
2025-07-04 04:10:00,21.3334,6.9890,9.3996,25.2911,27.5995,39.9285,49.9465,67.6267,352.7714,747.9654,402.9085,5.9578,0.0217,195.6560,1
2025-07-04 04:15:00,21.3032,7.0228,9.5254,25.3118,27.6785,39.8697,49.8601,69.2074,350.3470,747.1286,417.6681,6.0350,0.0222,195.5691,1
2025-07-04 04:20:00,21.3281,7.0729,9.5446,25.4115,27.6096,39.9530,50.0004,67.2593,351.3484,750.4898,413.3795,6.1461,0.0226,195.4822,1
2025-07-04 04:25:00,21.3970,7.0150,9.5793,25.4565,27.7712,40.0245,49.9183,68.5155,352.8039,755.6718,429.6308,6.2706,0.0230,195.3953,1
2025-07-04 04:30:00,21.4172,7.0722,9.4918,25.3490,27.7195,39.7649,49.9795,71.3237,350.9893,752.1880,402.7559,5.6469,0.0235,195.3084,1
2025-07-04 04:35:00,21.2885,6.9379,9.6980,25.3636,27.8132,39.9064,50.2936,74.1037,348.1581,756.2728,461.0629,6.2219,0.0239,195.2215,1
2025-07-04 04:40:00,21.3522,7.1199,9.6944,25.3603,27.8521,39.7604,50.0258,72.8401,352.4637,756.6525,428.4924,5.8826,0.0243,195.1347,1
2025-07-04 04:45:00,21.2024,7.0544,9.7986,25.2619,27.8058,39.9260,50.0799,74.7348,351.2367,758.8409,458.6537,6.1371,0.0248,195.0478,1
2025-07-04 04:50:00,21.2579,7.0105,9.6562,25.2153,27.7100,40.1437,49.9303,75.3872,350.0869,752.5709,444.5944,5.8975,0.0252,194.9609,1
2025-07-04 04:55:00,21.2719,7.0713,9.5973,25.2022,27.6950,39.8577,49.8823,75.2922,351.8372,751.5937,421.4637,5.5977,0.0256,194.8740,1
2025-07-04 05:00:00,21.2482,6.9416,9.6607,25.2551,27.7285,40.0844,49.9966,73.4324,350.5954,756.2364,456.2570,6.2133,0.0261,194.7871,1
2025-07-04 05:05:00,21.1883,6.9856,9.6459,25.2505,27.8397,40.3419,50.3756,74.1002,353.1494,754.4291,449.2580,6.0628,0.0265,194.7003,1
2025-07-04 05:10:00,21.4025,7.0722,9.7454,25.3488,27.8592,40.1744,49.9569,75.4464,350.7242,754.2879,449.5549,5.9586,0.0269,194.6134,1
2025-07-04 05:15:00,21.3232,6.9066,9.6174,25.3456,28.0508,40.0160,50.0542,75.8472,352.6984,763.1368,454.0780,5.9868,0.0274,194.5265,1
2025-07-04 05:20:00,21.4373,7.0280,9.7445,25.4283,28.0476,40.1030,49.8757,76.4376,346.1901,764.1212,456.0170,5.9659,0.0278,194.4396,1
2025-07-04 05:25:00,21.4579,7.0266,9.8785,25.4423,27.9885,39.8356,49.5867,78.0847,350.5210,766.4760,475.5668,6.0904,0.0282,194.3527,1
2025-07-04 05:30:00,21.4169,7.0985,9.8594,25.4251,28.0247,39.8112,49.8815,81.1401,348.3775,765.7886,460.1089,5.6705,0.0287,194.2659,1
2025-07-04 05:35:00,21.4857,6.9209,9.9896,25.5590,28.3210,40.0034,50.3571,84.4299,346.7454,770.8617,513.8685,6.0863,0.0291,194.1790,1
2025-07-04 05:40:00,21.5315,7.0805,9.8930,25.5211,28.3271,40.0478,50.0893,83.7177,350.5296,772.5782,471.4887,5.6319,0.0295,194.0921,1
2025-07-04 05:45:00,21.6562,6.9720,9.9018,25.6210,28.3732,40.1313,50.2461,85.4432,349.9344,773.7105,492.1705,5.7602,0.0300,194.0052,1
2025-07-04 05:50:00,21.6890,6.9776,10.0540,25.7872,28.5449,39.9317,49.9478,85.1933,344.1416,776.5155,514.2193,6.0359,0.0304,193.9183,1
2025-07-04 05:55:00,21.6668,6.9389,10.0466,25.7141,28.5517,40.0232,49.6465,86.2575,349.0944,776.8332,520.6534,6.0360,0.0308,193.8315,1
2025-07-04 06:00:00,21.6823,6.9456,10.0351,25.7005,28.5702,40.0191,49.8337,86.4956,348.9477,774.8764,517.5465,5.9835,0.0313,193.7446,1
2025-07-04 06:05:00,21.6572,7.0202,9.9434,25.6314,28.4951,39.9842,50.0596,84.2895,346.5664,773.9312,489.2668,5.8046,0.0317,193.6577,1
2025-07-04 06:10:00,21.7927,6.9444,10.0602,25.8583,28.6801,39.9913,50.0356,89.1877,345.8803,782.9366,521.5987,5.8483,0.0321,193.5708,1
2025-07-04 06:15:00,21.6861,7.0370,10.0847,25.8153,28.8243,39.8974,49.9984,92.4135,343.6532,780.0086,508.9976,5.5078,0.0326,193.4839,1
2025-07-04 06:20:00,21.9461,6.9669,10.2525,25.9523,28.8100,40.0336,49.9205,92.7502,345.7375,785.1843,550.6178,5.9366,0.0330,193.3970,1
2025-07-04 06:25:00,21.8198,6.9393,10.3245,25.9581,28.9117,40.0234,50.1410,92.5586,346.0996,790.0508,567.1394,6.1274,0.0334,193.3102,1
2025-07-04 06:30:00,22.0052,6.9736,10.1365,25.9839,28.9384,39.9472,49.9248,91.8744,348.6733,786.9609,528.8944,5.7567,0.0339,193.2233,1
2025-07-04 06:35:00,22.0637,7.0168,10.0539,26.1909,29.1070,40.0799,50.0462,91.3554,347.8377,789.3930,509.5483,5.5776,0.0343,193.1364,1
2025-07-04 06:40:00,22.1903,6.9861,9.9119,26.2257,29.1281,40.1233,50.0293,87.7079,345.5680,790.7776,491.4011,5.6027,0.0348,193.0495,1
2025-07-04 06:45:00,22.2202,7.0017,10.0315,26.1693,29.1865,40.0813,49.9447,91.3984,347.5285,792.7830,508.3466,5.5619,0.0352,192.9626,1
2025-07-04 06:50:00,22.1774,7.0348,10.1675,26.1922,28.9850,39.8749,49.8678,90.3286,346.7575,788.0122,522.8908,5.7888,0.0356,192.8758,1
2025-07-04 06:55:00,22.1116,7.0541,10.0555,26.1204,29.0341,40.0120,49.9359,90.3159,345.2538,793.1152,502.6998,5.5660,0.0361,192.7889,1
2025-07-04 07:00:00,22.2659,6.9845,10.0463,26.3071,29.0767,39.8906,50.2810,90.3268,344.2920,792.6146,511.2655,5.6602,0.0365,192.7020,1
2025-07-04 07:05:00,22.2444,6.9478,10.1103,26.3085,29.0893,40.0116,50.1669,89.6822,348.6156,791.6354,529.6887,5.9063,0.0369,192.6151,1
2025-07-04 07:10:00,22.2772,7.0038,10.1603,26.3167,29.3418,39.8911,50.1531,90.6037,348.1876,794.8909,527.0841,5.8175,0.0374,192.5282,1
2025-07-04 07:15:00,22.5134,7.0235,10.1398,26.4475,29.3732,40.1533,49.8820,93.4885,347.8841,799.3668,523.7820,5.6026,0.0378,192.4414,1
2025-07-04 07:20:00,22.3413,6.9270,10.1921,26.4523,29.4352,40.0940,49.7843,94.3141,344.7988,800.2215,547.9945,5.8103,0.0382,192.3545,1
2025-07-04 07:25:00,22.5090,6.9555,10.2494,26.6187,29.5882,40.1384,50.1645,95.2321,346.3218,800.6336,553.4393,5.8115,0.0387,192.2676,1
2025-07-04 07:30:00,22.5997,6.9640,10.2242,26.5431,29.5697,40.1262,50.1357,98.9116,343.1482,807.9885,547.6084,5.5363,0.0391,192.1807,1
2025-07-04 07:35:00,22.6906,6.9896,10.2232,26.7485,29.7503,39.9675,50.0206,97.4845,343.9565,810.0638,540.9899,5.5495,0.0395,192.0938,1
2025-07-04 07:40:00,22.5439,6.9619,10.3324,26.5695,29.6411,39.9489,49.9444,102.1384,345.5040,803.7861,563.6351,5.5183,0.0400,192.0070,1
2025-07-04 07:45:00,22.4979,7.0354,10.4093,26.3945,29.6531,40.2090,49.7804,104.7804,345.2374,810.0848,567.8808,5.4197,0.0404,191.9201,1
2025-07-04 07:50:00,22.5135,6.9197,10.5075,26.5856,29.7769,39.9802,50.1301,102.8700,341.4473,815.8761,600.4418,5.8369,0.0408,191.8332,1
2025-07-04 07:55:00,22.5735,6.9210,10.4391,26.5769,29.7752,39.8375,50.1779,106.2648,342.4567,810.4037,586.6798,5.5209,0.0413,191.7463,1
2025-07-04 08:00:00,22.6846,6.9833,10.4554,26.6599,29.9380,40.1209,49.8981,104.6828,343.9999,815.0770,583.1210,5.5704,0.0417,191.6594,1
2025-07-04 08:05:00,22.8200,6.9912,10.2887,26.8694,30.0271,40.0173,49.8856,101.5922,347.1040,816.1724,552.3632,5.4371,0.0421,191.5725,1
2025-07-04 08:10:00,22.8765,6.9273,10.4041,26.9029,30.0411,40.1807,50.1862,100.9858,343.2685,821.2760,584.7894,5.7908,0.0426,191.4857,1
2025-07-04 08:15:00,22.9221,6.9697,10.3523,26.8802,30.0945,40.0292,49.9037,104.7073,345.0889,820.9554,566.7984,5.4132,0.0430,191.3988,1
2025-07-04 08:20:00,22.9701,6.9799,10.4872,26.9602,30.2312,39.9976,50.2669,107.4909,344.6506,822.8962,587.2233,5.4630,0.0434,191.3119,1
2025-07-04 08:25:00,23.0766,6.9803,10.4578,27.0301,30.3168,40.1831,49.9836,106.4326,344.0217,824.8984,584.9318,5.4958,0.0439,191.2250,1
2025-07-04 08:30:00,23.1922,7.0076,10.4253,27.1895,30.4268,39.8154,49.9420,106.3535,345.0621,832.5254,569.6133,5.3558,0.0443,191.1381,1
2025-07-04 08:35:00,23.3142,6.9669,10.5212,27.3697,30.5638,39.9298,50.0068,105.2780,342.0159,829.9778,594.0883,5.6430,0.0447,191.0513,1
2025-07-04 08:40:00,23.3480,7.0739,10.5142,27.4164,30.5915,39.8935,49.9420,107.6020,343.0503,832.9195,574.5113,5.3392,0.0452,190.9644,1
2025-07-04 08:45:00,23.3709,7.0244,10.5128,27.3994,30.6556,39.7366,50.1689,109.2664,347.1391,835.0503,580.2532,5.3104,0.0456,190.8775,1
2025-07-04 08:50:00,23.4304,6.9596,10.4763,27.3951,30.8265,40.1048,50.1329,107.9175,347.4103,834.1630,590.3654,5.4705,0.0460,190.7906,1
2025-07-04 08:55:00,23.4300,7.0047,10.5146,27.3804,30.6607,39.9331,50.1632,107.2513,346.1818,837.1080,586.7120,5.4704,0.0465,190.7037,1
2025-07-04 09:00:00,23.3886,7.0062,10.3844,27.3852,30.6037,40.1086,50.0277,107.1114,346.4522,833.0611,567.1858,5.2953,0.0469,190.6169,1
2025-07-04 09:05:00,23.3210,7.0607,10.5371,27.4567,30.7430,40.0467,49.9315,109.2918,340.4990,832.3232,582.7553,5.3321,0.0474,190.5300,1
2025-07-04 09:10:00,23.5161,6.9700,10.4264,27.6636,30.8827,40.0729,49.9986,109.1690,342.1928,839.2432,579.7948,5.3110,0.0478,190.4431,1
2025-07-04 09:15:00,23.7105,7.0384,10.4993,27.7780,31.0637,39.9454,49.9361,113.5695,343.0458,845.9047,578.7051,5.0956,0.0482,190.3562,1
2025-07-04 09:20:00,23.6849,7.0021,10.5204,27.7322,31.0216,39.9083,50.2200,110.6998,348.7875,842.5481,587.7498,5.3094,0.0487,190.2693,1
2025-07-04 09:25:00,23.7555,7.0746,10.6146,27.7785,31.1908,40.0108,50.1503,113.5705,342.8336,847.5523,592.9045,5.2206,0.0491,190.1825,1
2025-07-04 09:30:00,23.7843,7.0645,10.5864,27.6725,31.1924,40.1103,49.9863,119.6558,344.2045,851.8633,591.3325,4.9419,0.0495,190.0956,1
2025-07-04 09:35:00,23.7244,7.0098,10.6506,27.8095,31.3673,39.9940,49.8610,118.6528,343.2092,850.7111,609.5199,5.1370,0.0500,190.0087,1
2025-07-04 09:40:00,23.7571,6.9869,10.7339,27.7739,31.3378,39.9158,50.2311,120.8140,342.7344,855.1540,626.0747,5.1821,0.0504,189.9218,1
2025-07-04 09:45:00,23.9755,7.0253,10.7507,27.8887,31.4718,39.8561,50.0205,123.3782,341.7224,859.8788,621.5293,5.0376,0.0508,189.8349,1
2025-07-04 09:50:00,24.0162,6.9910,10.8117,28.1502,31.6745,40.0245,49.9805,121.8424,339.2960,863.6792,640.1363,5.2538,0.0513,189.7480,1
2025-07-04 09:55:00,24.0492,7.0840,10.9959,28.0853,31.7408,39.9335,50.2324,127.4568,335.8454,865.2847,653.9135,5.1305,0.0517,189.6612,1
2025-07-04 10:00:00,24.1472,7.0039,10.8673,28.1507,31.9946,39.9914,49.9235,128.6728,343.6302,870.7561,646.7466,5.0263,0.0521,189.5743,1
2025-07-04 10:05:00,24.2248,6.9797,10.8409,28.2707,31.9565,39.9713,49.9522,129.7667,339.5787,872.6505,646.0576,4.9786,0.0526,189.4874,1
2025-07-04 10:10:00,24.3665,6.9770,10.8596,28.4002,32.2091,39.9467,49.9654,128.6243,336.6976,881.1370,649.2334,5.0475,0.0530,189.4005,1
2025-07-04 10:15:00,24.5879,6.9393,10.8863,28.4957,32.3898,40.0353,49.8025,131.3502,341.4855,882.8689,661.4570,5.0358,0.0534,189.3136,1
2025-07-04 10:20:00,24.5880,7.0278,10.8100,28.7320,32.2582,40.0665,50.0474,128.7918,341.8172,881.3632,634.3441,4.9253,0.0539,189.2268,1
2025-07-04 10:25:00,24.7799,6.9590,10.9999,28.7786,32.4724,40.2358,49.8856,136.7261,341.5446,890.6495,680.5987,4.9778,0.0543,189.1399,1
2025-07-04 10:30:00,24.7397,7.0549,11.0482,28.7770,32.5993,40.0910,49.9144,138.9418,341.8424,891.8786,670.1550,4.8233,0.0547,189.0530,1
2025-07-04 10:35:00,24.7605,6.9354,11.0435,28.7931,32.7752,40.1912,49.8943,140.3222,337.4400,896.7820,691.1591,4.9255,0.0552,188.9661,1
2025-07-04 10:40:00,24.8416,7.0064,11.1678,28.8473,32.7074,39.9018,49.9119,139.0571,337.5125,898.2456,695.0852,4.9986,0.0556,188.8792,1
2025-07-04 10:45:00,24.7530,7.0575,11.0805,28.9613,32.8887,39.8079,49.8742,144.0058,338.2311,904.7261,670.3683,4.6551,0.0560,188.7924,1
2025-07-04 10:50:00,24.8642,6.8924,11.1116,28.8855,32.8713,39.9983,50.0371,142.2060,340.5093,899.0096,706.4298,4.9677,0.0565,188.7055,1
2025-07-04 10:55:00,24.9623,7.1009,11.2065,28.8166,33.1063,40.1030,49.9767,147.2951,334.1997,904.5262,689.2089,4.6791,0.0569,188.6186,1
2025-07-04 11:00:00,25.1361,6.9787,11.2668,29.2159,33.2331,40.0841,50.0072,148.5027,338.2767,908.8844,719.4955,4.8450,0.0573,188.5317,1
2025-07-04 11:05:00,25.0884,7.0071,11.3254,29.1919,33.3290,40.1454,50.3531,150.9694,339.5666,912.1962,725.6916,4.8069,0.0578,188.4448,1
2025-07-04 11:10:00,25.2984,7.0286,11.3312,29.2575,33.4870,39.6956,49.9767,152.5101,339.0944,917.0405,714.9575,4.6879,0.0582,188.3579,1
2025-07-04 11:15:00,25.4758,7.0363,11.3701,29.4891,33.6530,40.1504,50.0907,155.7062,338.6672,924.8503,728.3849,4.6779,0.0586,188.2711,1
2025-07-04 11:20:00,25.5162,7.0137,11.2962,29.4769,33.6345,40.0403,50.1078,155.5609,339.2806,926.0762,717.7805,4.6141,0.0591,188.1842,1
2025-07-04 11:25:00,25.5246,7.0499,11.4286,29.5646,33.7302,39.8147,49.9906,159.2643,331.2308,929.5794,729.7845,4.5822,0.0595,188.0973,1
2025-07-04 11:30:00,25.7022,7.0260,11.3936,29.6303,33.8511,40.0868,50.0411,157.0165,340.2290,930.2538,732.9057,4.6677,0.0599,188.0104,1
2025-07-04 11:35:00,25.5666,7.0880,11.4532,29.5787,33.8959,40.0203,50.0031,158.1154,337.4281,930.9093,731.2653,4.6249,0.0604,187.9235,1
2025-07-04 11:40:00,25.7685,7.0261,11.3823,29.7469,34.0922,40.0457,50.0304,163.4270,338.7271,936.5725,730.2265,4.4682,0.0608,187.8367,1
2025-07-04 11:45:00,25.8540,7.0982,11.3903,29.9641,34.1094,40.1199,49.9120,163.6630,333.9496,940.3164,720.8261,4.4043,0.0613,187.7498,1
2025-07-04 11:50:00,25.8598,7.0451,11.5387,29.9100,34.3200,40.0516,49.9259,166.4798,332.2942,943.0522,753.3829,4.5254,0.0617,187.6629,1
2025-07-04 11:55:00,25.9452,6.9097,11.4677,29.9650,34.4991,39.8233,50.0025,170.9448,338.5500,954.7209,759.8135,4.4448,0.0621,187.5760,1
2025-07-04 12:00:00,26.0105,7.1306,11.6475,30.0712,34.5577,39.9828,49.7042,170.1312,332.9422,957.0249,756.0009,4.4436,0.0626,187.4891,1
2025-07-04 12:05:00,26.0454,6.9713,11.7265,30.0638,34.7425,39.8059,50.2244,175.7378,333.7686,953.9721,792.3449,4.5087,0.0630,187.4023,1
2025-07-04 12:10:00,26.1046,7.0748,11.6667,30.0653,34.6926,40.0779,50.3241,174.6047,335.2686,959.4846,770.3733,4.4121,0.0634,187.3154,1
2025-07-04 12:15:00,26.0374,7.0013,11.7008,30.1092,34.7090,40.1678,50.0256,177.6708,335.5449,961.9191,790.1850,4.4475,0.0639,187.2285,1
2025-07-04 12:20:00,25.9788,7.0531,11.6263,30.0819,34.5758,39.8510,50.0998,175.1683,336.4947,958.7082,762.8970,4.3552,0.0643,187.1416,1
2025-07-04 12:25:00,26.0442,6.9656,11.7027,29.8969,34.6394,39.9194,50.1622,175.7408,334.3946,956.4145,791.5838,4.5043,0.0647,187.0547,1
2025-07-04 12:30:00,26.0399,7.0313,11.7340,29.9678,34.6125,39.8941,49.8013,179.1624,331.6001,961.6262,785.3440,4.3834,0.0652,186.9679,1
2025-07-04 12:35:00,25.9598,6.9873,11.8047,30.0238,34.8010,39.9455,50.1392,185.1572,334.4814,964.6999,805.5202,4.3505,0.0656,186.8810,1
2025-07-04 12:40:00,26.0347,7.0790,11.8482,30.0460,34.8993,40.0495,49.9360,185.2248,334.1442,968.8135,799.5517,4.3167,0.0660,186.7941,1
2025-07-04 12:45:00,26.1752,7.0219,11.8903,30.1821,34.8637,39.9468,50.3436,187.7998,328.9192,968.7087,814.0790,4.3348,0.0665,186.7072,1
2025-07-04 12:50:00,26.2479,7.0468,11.8810,30.3189,35.0649,40.0783,49.9718,189.5228,335.4565,969.9285,811.0156,4.2793,0.0669,186.6203,1
2025-07-04 12:55:00,26.2925,6.8918,11.9560,30.3607,35.1272,40.1278,50.1362,186.6527,327.9071,973.6943,850.6541,4.5574,0.0673,186.5334,1
2025-07-04 13:00:00,26.4182,6.9957,11.9009,30.4092,35.2553,40.1322,49.9732,188.6598,334.4849,975.9326,824.0344,4.3678,0.0678,186.4466,1
2025-07-04 13:05:00,26.3181,7.0205,12.0397,30.3472,35.1981,39.8658,50.3295,194.9359,330.3362,984.6811,837.5939,4.2968,0.0682,186.3597,1
2025-07-04 13:10:00,26.3332,7.0112,11.9370,30.3005,35.1768,40.1663,49.9231,192.0294,333.4666,975.0144,828.2062,4.3129,0.0686,186.2728,1
2025-07-04 13:15:00,26.3967,7.0481,11.9777,30.3985,35.2669,40.1759,50.1748,195.5851,332.7467,982.2401,829.0503,4.2388,0.0691,186.1859,1
2025-07-04 13:20:00,26.3511,6.9817,11.9353,30.3940,35.3375,40.1863,50.0940,195.9064,331.5460,981.7318,833.2945,4.2535,0.0695,186.0990,1
2025-07-04 13:25:00,26.3062,7.0024,11.9857,30.3668,35.3382,39.9811,50.0606,194.0695,332.1748,983.3810,833.9960,4.2974,0.0699,186.0122,1
2025-07-04 13:30:00,26.5340,7.0591,12.0637,30.5615,35.4566,39.9098,50.0344,200.4682,330.6245,993.3422,836.0867,4.1707,0.0704,185.9253,1
2025-07-04 13:35:00,26.5961,6.8861,12.1531,30.5883,35.6635,39.8819,49.8999,202.7455,332.0676,996.4784,879.3086,4.3370,0.0708,185.8384,1
2025-07-04 13:40:00,26.4610,7.0295,12.1765,30.5528,35.6128,39.8678,49.6121,200.1631,335.1788,993.6927,858.9694,4.2913,0.0712,185.7515,1
2025-07-04 13:45:00,26.5161,6.9833,12.0080,30.5390,35.5148,40.0014,50.1612,195.8800,328.3272,991.6924,841.3615,4.2953,0.0717,185.6646,1
2025-07-04 13:50:00,26.5577,6.9544,12.0063,30.6505,35.5815,40.1017,49.9267,196.1672,325.1387,990.5060,848.0435,4.3231,0.0721,185.5778,1
2025-07-04 13:55:00,26.6423,7.0168,11.9851,30.6516,35.6249,40.1568,50.1754,198.2446,330.5273,997.4225,835.1417,4.2127,0.0725,185.4909,1
2025-07-04 14:00:00,26.6503,7.0614,12.0316,30.6234,35.5933,39.9417,50.0528,197.3365,330.4592,995.9640,830.9974,4.2111,0.0730,185.4040,1
2025-07-04 14:05:00,26.7020,7.0520,12.1496,30.6412,35.7191,39.9954,50.1800,199.7807,330.2669,995.6761,853.4431,4.2719,0.0734,185.3171,1
2025-07-04 14:10:00,26.5859,6.9932,12.1014,30.6578,35.7604,39.9875,50.1203,202.4230,328.9469,997.6965,855.0432,4.2240,0.0738,185.2302,1
2025-07-04 14:15:00,26.6706,7.0438,12.1070,30.6389,35.7057,39.9238,49.6303,201.5577,332.6587,994.7941,846.1693,4.1981,0.0743,185.1434,1
2025-07-04 14:20:00,26.5950,7.0434,12.0919,30.6548,35.6170,40.0883,50.0922,195.8496,328.8682,991.9165,847.1939,4.3257,0.0747,185.0565,1
2025-07-04 14:25:00,26.6302,6.9956,12.0509,30.4985,35.5346,40.0435,49.9484,197.8377,332.4621,988.0586,847.3780,4.2832,0.0752,184.9696,1
2025-07-04 14:30:00,26.5657,6.9653,11.9938,30.5644,35.6101,40.0170,50.1748,196.8624,332.8073,989.2564,842.3254,4.2788,0.0756,184.8827,1
2025-07-04 14:35:00,26.5480,6.9682,11.9441,30.5626,35.3954,40.0430,50.0887,190.5777,332.9250,980.8096,834.0524,4.3764,0.0760,184.7958,1
2025-07-04 14:40:00,26.6843,7.0419,11.9230,30.5436,35.4109,40.0739,50.0904,192.0634,333.0417,986.8614,818.7965,4.2632,0.0765,184.7089,1
2025-07-04 14:45:00,26.5972,6.9979,11.9390,30.6328,35.4811,40.0727,49.9592,190.6375,334.3358,988.2365,828.8334,4.3477,0.0769,184.6221,1
2025-07-04 14:50:00,26.7306,6.9477,12.0006,30.6533,35.5829,39.8994,49.8631,195.3499,332.0912,990.2675,843.9272,4.3201,0.0773,184.5352,1
2025-07-04 14:55:00,26.6514,6.9158,11.9079,30.6133,35.5832,40.1076,49.9351,193.3939,331.2796,989.9747,838.1301,4.3338,0.0778,184.4483,1
2025-07-04 15:00:00,26.7059,7.0416,11.9609,30.6878,35.5064,40.0306,49.7300,193.7385,333.1370,990.6275,824.3272,4.2548,0.0782,184.3614,1
2025-07-04 15:05:00,26.7318,6.9727,11.9613,30.7479,35.7195,39.9478,49.9114,194.3052,333.2453,990.0928,834.2139,4.2933,0.0786,184.2745,1
2025-07-04 15:10:00,26.8228,7.0165,12.0052,30.7380,35.7305,40.0281,49.7804,197.0962,333.7384,994.2242,835.8895,4.2410,0.0791,184.1877,1
2025-07-04 15:15:00,26.7938,7.0620,12.0274,30.8159,35.7379,40.0413,49.7843,196.2057,328.4717,997.7636,832.2645,4.2418,0.0795,184.1008,1
2025-07-04 15:20:00,26.7291,6.9346,12.0527,30.8017,35.7000,40.1298,50.0175,197.1826,331.1871,997.3699,859.7632,4.3602,0.0799,184.0139,1
2025-07-04 15:25:00,26.8363,6.9977,11.9290,30.8302,35.8035,39.8745,50.0801,194.5596,330.0977,997.1754,823.0928,4.2305,0.0804,183.9270,1
2025-07-04 15:30:00,26.7653,6.9915,12.0059,30.6775,35.5997,40.1590,49.9952,194.8051,333.2300,995.4946,842.9545,4.3272,0.0808,183.8401,1
2025-07-04 15:35:00,26.7904,7.0190,11.8840,30.7246,35.7768,40.0028,49.9252,192.1882,333.8134,993.9785,814.6491,4.2388,0.0812,183.7533,1
2025-07-04 15:40:00,26.7990,7.0620,11.8511,30.7426,35.5830,39.9393,49.8579,190.6561,331.8951,989.7049,800.6693,4.1995,0.0817,183.6664,1
2025-07-04 15:45:00,26.7580,6.9335,11.8249,30.6268,35.6984,39.9356,49.9524,195.5972,330.4472,991.8178,817.6904,4.1805,0.0821,183.5795,1
2025-07-04 15:50:00,26.6481,7.0285,11.9420,30.6795,35.5661,39.8798,49.8767,193.0559,333.4113,994.6385,820.2488,4.2488,0.0825,183.4926,1
2025-07-04 15:55:00,26.6796,7.0516,11.9219,30.7995,35.6928,39.7911,49.9906,192.5369,331.8121,992.8778,811.2212,4.2133,0.0830,183.4057,1
2025-07-04 16:00:00,26.6440,6.9907,12.0228,30.6469,35.6190,40.0813,49.7718,196.4805,334.6133,994.6351,844.2906,4.2971,0.0834,183.3189,1
2025-07-04 16:05:00,26.7879,6.9931,11.9218,30.6722,35.6449,40.2377,50.1052,196.3806,335.1675,992.6468,830.1597,4.2273,0.0838,183.2320,1
2025-07-04 16:10:00,26.6929,7.0209,11.9838,30.7843,35.6709,39.8059,49.9149,195.2367,333.6566,993.7999,826.9468,4.2356,0.0843,183.1451,1
2025-07-04 16:15:00,26.7311,7.0172,12.0418,30.7275,35.6963,39.8859,50.0564,196.7031,332.1032,996.4309,838.9162,4.2649,0.0847,183.0582,1
2025-07-04 16:20:00,26.6237,7.0291,11.9838,30.6723,35.7195,40.0902,50.1331,199.1827,335.1540,995.4718,831.4802,4.1745,0.0851,182.9713,1
2025-07-04 16:25:00,26.6742,7.0281,12.0073,30.6664,35.5719,39.9945,50.0492,196.3960,332.3698,991.6183,833.6084,4.2445,0.0856,182.8844,1
2025-07-04 16:30:00,26.6893,6.9509,11.9484,30.6853,35.5787,40.1001,50.1199,195.5170,331.0143,991.3367,838.8736,4.2905,0.0860,182.7976,1
2025-07-04 16:35:00,26.5964,7.0495,12.0677,30.6938,35.6793,39.9878,49.6900,199.6005,329.8813,997.4044,839.9884,4.2083,0.0864,182.7107,1
2025-07-04 16:40:00,26.7023,7.0583,12.1033,30.6220,35.6268,39.9303,49.9261,200.4055,329.7914,997.7637,843.2613,4.2078,0.0869,182.6238,1
2025-07-04 16:45:00,26.8768,7.0093,12.1091,30.7233,35.7937,39.9729,50.1655,199.9147,331.2823,1000.1782,853.3240,4.2684,0.0873,182.5369,1
2025-07-04 16:50:00,26.7022,6.9253,12.0312,30.6806,35.7052,39.7141,50.0764,196.7513,332.4980,998.0041,848.8285,4.3142,0.0877,182.4500,1
2025-07-04 16:55:00,26.6448,6.9943,11.9321,30.7011,35.6145,39.8628,50.2773,193.7365,329.1696,990.6448,823.9590,4.2530,0.0882,182.3632,1
2025-07-04 17:00:00,26.6692,7.0097,11.9466,30.6428,35.6225,40.1138,50.2557,193.9660,331.1288,993.9470,828.9767,4.2738,0.0886,182.2763,1
2025-07-04 17:05:00,26.8329,6.9428,12.0003,30.7294,35.6184,40.1430,50.0449,196.1585,332.4607,996.6808,849.8546,4.3325,0.0891,182.1894,1
2025-07-04 17:10:00,26.7466,6.9820,11.8959,30.6490,35.5624,40.1687,49.9622,194.3600,333.4931,991.3858,826.2556,4.2512,0.0895,182.1025,1
2025-07-04 17:15:00,26.6721,6.9295,12.0470,30.7326,35.6823,40.0529,49.8562,198.0434,331.2869,998.8843,858.0029,4.3324,0.0899,182.0156,1
2025-07-04 17:20:00,26.5987,7.0304,11.9793,30.5714,35.5248,39.7293,49.9286,195.5933,332.2836,992.9208,823.0444,4.2079,0.0904,181.9288,1
2025-07-04 17:25:00,26.5710,7.0083,11.9274,30.6317,35.5543,39.9238,49.9388,191.6818,329.8434,990.7294,822.0868,4.2888,0.0908,181.8419,1
2025-07-04 17:30:00,26.6208,6.9177,11.8451,30.4961,35.4507,40.1590,49.9110,189.7695,330.7918,986.4285,828.3244,4.3649,0.0912,181.7550,1
2025-07-04 17:35:00,26.5567,7.0176,11.7806,30.5822,35.3906,40.1948,49.8622,188.2136,332.6719,987.0579,801.4114,4.2580,0.0917,181.6681,1
2025-07-04 17:40:00,26.4522,6.9972,11.8403,30.4050,35.1626,40.1635,50.0602,186.4514,334.2856,976.4456,814.2450,4.3671,0.0921,181.5812,1
2025-07-04 17:45:00,26.4856,7.0258,11.8551,30.4338,35.1415,39.9716,50.2545,184.5997,333.7860,978.8697,808.0380,4.3772,0.0925,181.4944,1
2025-07-04 17:50:00,26.3497,6.9804,11.7140,30.4697,35.1795,39.8432,50.1400,184.1494,331.6516,977.4535,789.4885,4.2872,0.0930,181.4075,1
2025-07-04 17:55:00,26.2553,6.9599,11.8338,30.3136,34.9482,39.9951,49.9516,184.2717,332.7825,974.6817,815.9832,4.4282,0.0934,181.3206,1
2025-07-04 18:00:00,26.1634,6.9615,11.8235,30.1565,34.8493,40.0018,50.1521,180.0752,336.6474,971.2274,814.1289,4.5210,0.0938,181.2337,1
2025-07-04 18:05:00,26.1929,6.9731,11.8390,30.3130,34.8934,40.1879,50.0520,183.2326,334.3934,970.4371,818.5729,4.4674,0.0943,181.1468,1
2025-07-04 18:10:00,26.2605,7.0009,11.7925,30.1325,34.8900,40.0273,49.9939,184.5530,332.9469,970.6239,802.8447,4.3502,0.0947,181.0599,1
2025-07-04 18:15:00,26.0537,7.0074,11.8717,30.0827,34.8084,40.0020,49.9845,189.6370,330.3784,969.3226,814.5117,4.2951,0.0951,180.9731,1
2025-07-04 18:20:00,25.9772,6.9905,11.8562,29.8604,34.6596,40.0088,49.9700,183.0479,331.5351,966.4700,814.9003,4.4518,0.0956,180.8862,1
2025-07-04 18:25:00,25.8119,6.9788,11.7946,29.8097,34.4802,40.0480,50.0977,178.4441,333.5335,961.5781,807.3228,4.5242,0.0960,180.7993,1
2025-07-04 18:30:00,25.6635,6.9824,11.7449,29.6315,34.3020,40.0752,50.0210,177.2199,334.4088,956.7409,798.9305,4.5081,0.0964,180.7124,1
2025-07-04 18:35:00,25.6849,7.1254,11.7194,29.6651,34.3437,39.9131,49.8907,177.4300,335.0822,950.6456,767.5414,4.3259,0.0969,180.6255,1
2025-07-04 18:40:00,25.6403,6.9615,11.6685,29.6346,34.2500,39.8731,49.8835,176.2917,334.7731,955.0272,785.6397,4.4565,0.0973,180.5387,1
2025-07-04 18:45:00,25.4861,6.9721,11.7426,29.5418,34.1466,40.1645,50.0459,176.1623,333.2661,948.6957,802.0503,4.5529,0.0977,180.4518,1
2025-07-04 18:50:00,25.5022,7.1647,11.8132,29.5732,34.2097,39.8031,50.0643,177.3826,332.4384,952.6415,774.5218,4.3664,0.0982,180.3649,1
2025-07-04 18:55:00,25.4009,7.0211,11.6775,29.3767,33.9941,40.1965,49.9530,171.4140,338.5326,942.9430,783.5045,4.5708,0.0986,180.2780,1
2025-07-04 19:00:00,25.3273,6.9310,11.5611,29.3691,33.7742,39.7707,49.8302,164.0220,334.2226,938.3451,770.8262,4.6995,0.0990,180.1911,1
2025-07-04 19:05:00,25.3448,7.0421,11.6073,29.3118,33.7193,39.9299,50.1876,164.0981,333.0107,934.0539,763.0584,4.6500,0.0995,180.1043,1
2025-07-04 19:10:00,25.2732,6.9545,11.5596,29.1751,33.6582,40.1166,50.1558,165.2536,331.7755,937.8270,773.3247,4.6796,0.0999,180.0174,1
2025-07-04 19:15:00,25.2066,7.0455,11.6576,29.1006,33.6692,40.0000,49.7019,168.3108,334.3245,937.3444,772.2627,4.5883,0.1003,179.9305,1
2025-07-04 19:20:00,25.0981,6.9895,11.4776,29.0876,33.4741,39.8420,50.2009,164.4317,337.5469,929.4311,748.5294,4.5522,0.1008,179.8436,1
2025-07-04 19:25:00,24.9222,6.9780,11.5477,28.9497,33.2787,40.0512,49.9687,161.1131,334.6922,922.0653,766.1300,4.7552,0.1012,179.7567,1
2025-07-04 19:30:00,24.8178,7.0805,11.5151,28.9357,33.1518,40.0080,50.0285,157.3530,339.1113,921.0016,742.6861,4.7199,0.1017,179.6699,1
2025-07-04 19:35:00,24.7616,7.0283,11.3989,28.7502,32.9780,39.9741,50.1707,156.8464,336.4629,919.4617,731.3275,4.6627,0.1021,179.5830,1
2025-07-04 19:40:00,24.6964,7.0486,11.4421,28.6799,32.8336,39.9251,50.2479,155.4743,339.1352,912.7552,734.2591,4.7227,0.1025,179.4961,1
2025-07-04 19:45:00,24.6083,7.0217,11.3587,28.6331,32.8350,39.9958,50.1504,152.9076,335.5922,911.8209,726.1056,4.7487,0.1030,179.4092,1
2025-07-04 19:50:00,24.5757,6.9778,11.3136,28.6192,32.8495,39.9302,50.0362,154.2831,335.4447,905.8440,724.7147,4.6973,0.1034,179.3223,1
2025-07-04 19:55:00,24.5560,7.0306,11.2867,28.5573,32.6878,40.2921,49.7937,150.0786,337.5305,906.7275,717.8505,4.7832,0.1038,179.2354,1
2025-07-04 20:00:00,24.5092,7.0605,11.3610,28.4748,32.5718,39.9712,49.6961,149.2420,338.3222,903.2312,719.5576,4.8214,0.1043,179.1486,1
2025-07-04 20:05:00,24.5125,7.0067,11.3564,28.4847,32.6107,39.9551,50.1317,150.3295,336.9512,902.7530,727.4952,4.8393,0.1047,179.0617,1
2025-07-04 20:10:00,24.5072,7.0901,11.2850,28.5639,32.7132,39.9350,50.2013,149.9848,337.6713,906.5973,701.2546,4.6755,0.1051,178.9748,1
2025-07-04 20:15:00,24.4988,7.0425,11.2552,28.4471,32.5756,40.2132,49.8778,150.4234,338.8744,901.9299,709.1254,4.7142,0.1056,178.8879,1
2025-07-04 20:20:00,24.3982,7.0106,11.2399,28.3687,32.4840,39.8033,49.9595,146.5120,335.1184,897.3007,704.6664,4.8096,0.1060,178.8010,1
2025-07-04 20:25:00,24.1129,7.0126,11.1413,28.2779,32.3238,40.0431,49.9164,143.7054,337.7866,892.2682,692.0619,4.8158,0.1064,178.7142,1
2025-07-04 20:30:00,24.1255,7.0069,11.2580,27.9984,32.1987,39.9713,49.9124,140.7015,337.6464,887.6675,711.2928,5.0553,0.1069,178.6273,1
2025-07-04 20:35:00,24.0961,6.9374,11.1248,28.0120,32.0993,39.8292,50.1612,137.9365,337.9618,885.5195,698.1349,5.0613,0.1073,178.5404,1
2025-07-04 20:40:00,23.9126,6.9955,11.0278,27.9391,31.7885,39.9017,50.0328,137.1276,340.3821,879.8809,673.5022,4.9115,0.1077,178.4535,1
2025-07-04 20:45:00,23.9769,7.0111,11.0692,28.0315,31.7797,40.0380,49.9656,133.5581,338.7305,878.6639,680.1417,5.0925,0.1082,178.3666,1
2025-07-04 20:50:00,24.0063,6.9792,11.0648,27.9050,31.8861,39.8963,50.3986,138.0080,335.1350,881.9692,682.3213,4.9441,0.1086,178.2798,1
2025-07-04 20:55:00,23.7633,7.0169,11.1226,27.7733,31.6891,40.0311,49.7848,137.0538,338.7602,877.4825,687.9903,5.0199,0.1090,178.1929,1
2025-07-04 21:00:00,23.8358,7.0011,10.8945,27.8332,31.6952,40.2075,50.0822,132.8062,337.8686,873.2246,655.3059,4.9343,0.1095,178.1060,1
2025-07-04 21:05:00,23.6460,7.0387,10.8813,27.6814,31.4614,40.0205,49.8427,128.2690,341.5903,862.7849,643.7436,5.0187,0.1099,178.0191,1
2025-07-04 21:10:00,23.7262,7.0332,10.9262,27.6247,31.4320,39.8256,49.9764,127.3510,342.4551,865.0699,649.0097,5.0962,0.1103,177.9322,1
2025-07-04 21:15:00,23.5616,7.0084,10.8820,27.5706,31.2543,39.8984,50.0223,123.3000,337.0659,857.2981,646.9503,5.2470,0.1108,177.8454,1
2025-07-04 21:20:00,23.4595,6.9316,10.7961,27.4361,31.1757,39.9658,50.1267,125.8840,339.6119,857.5937,646.5196,5.1358,0.1112,177.7585,1
2025-07-04 21:25:00,23.5217,7.0895,10.6966,27.4325,31.0054,39.9577,49.9608,121.8036,342.6306,854.5319,603.3234,4.9532,0.1116,177.6716,1
2025-07-04 21:30:00,23.3894,6.9929,10.7671,27.3058,30.9192,40.0182,49.9450,120.7040,339.1255,853.9664,632.2322,5.2379,0.1121,177.5847,1
2025-07-04 21:35:00,23.2083,6.9960,10.6073,27.1944,30.7032,40.0375,49.9581,115.7036,344.3260,848.2699,605.2576,5.2311,0.1125,177.4978,1
2025-07-04 21:40:00,23.2306,6.9829,10.5999,27.2660,30.6293,40.2077,49.8380,117.4332,345.0649,842.0151,608.7782,5.1840,0.1129,177.4109,1
2025-07-04 21:45:00,23.2226,6.9756,10.5863,27.2132,30.6419,39.9996,50.0948,110.9740,343.2217,836.7398,604.5670,5.4478,0.1134,177.3241,1
2025-07-04 21:50:00,22.9648,7.0772,10.5265,26.9246,30.4110,39.8617,50.0422,110.3578,341.9055,835.5690,575.5613,5.2154,0.1138,177.2372,1
2025-07-04 21:55:00,22.7629,7.0693,10.4818,26.9068,30.2527,40.1385,50.0653,112.3322,338.6171,833.4051,573.3634,5.1042,0.1142,177.1503,1
2025-07-04 22:00:00,22.8258,7.0222,10.5061,26.8667,30.2854,40.1516,49.9896,111.6532,344.9387,829.2127,585.5572,5.2444,0.1147,177.0634,1
2025-07-04 22:05:00,22.7322,6.9946,10.5972,26.8550,30.1912,40.0279,49.9711,113.9205,347.1069,832.1291,603.6424,5.2988,0.1151,176.9765,1
2025-07-04 22:10:00,22.7847,7.0310,10.3654,26.7188,29.8904,39.9704,50.1763,107.7321,347.8243,825.2845,557.8986,5.1786,0.1156,176.8897,1
2025-07-04 22:15:00,22.6467,7.0037,10.4286,26.6697,29.9507,40.0747,50.1533,106.2866,343.9668,819.4632,574.5308,5.4055,0.1160,176.8028,1
2025-07-04 22:20:00,22.5860,6.9905,10.3742,26.7405,29.8300,39.9747,50.2122,106.7539,342.1680,819.8331,566.2141,5.3039,0.1164,176.7159,1
2025-07-04 22:25:00,22.5291,7.0169,10.5313,26.5490,29.8211,39.7533,50.0559,106.6837,345.9839,819.1713,584.8191,5.4818,0.1169,176.6290,1
2025-07-04 22:30:00,22.3886,6.9779,10.4473,26.4308,29.6508,40.0676,50.2029,103.8568,344.9596,813.7034,581.8872,5.6028,0.1173,176.5421,1
2025-07-04 22:35:00,22.3102,7.0126,10.2858,26.2885,29.5394,40.1071,49.9376,101.5505,346.1717,812.7186,549.5377,5.4115,0.1177,176.4553,1
2025-07-04 22:40:00,22.4191,7.0102,10.3604,26.4561,29.5744,40.1729,49.9699,100.9613,345.7487,811.1455,563.3808,5.5802,0.1182,176.3684,1
2025-07-04 22:45:00,22.2453,7.0301,10.2834,26.2221,29.3064,39.9123,50.1793,100.3509,345.4614,805.7041,543.5376,5.4164,0.1186,176.2815,1
2025-07-04 22:50:00,22.2350,6.9690,10.2343,26.1525,29.2914,40.0271,50.1265,94.7980,348.0042,808.4460,547.1019,5.7712,0.1190,176.1946,1
2025-07-04 22:55:00,22.0262,7.0355,10.2955,25.9945,29.0104,40.0297,49.9564,95.1587,348.4441,796.3569,546.2575,5.7405,0.1195,176.1077,1
2025-07-04 23:00:00,21.9635,6.9547,10.2220,25.9689,29.0570,40.0102,49.8431,97.5621,344.9383,797.4895,547.2146,5.6089,0.1199,176.0209,1
2025-07-04 23:05:00,21.9078,6.9714,10.2621,26.0169,28.9672,40.0138,49.9694,98.0914,343.8820,800.7133,551.1837,5.6191,0.1203,175.9340,1
2025-07-04 23:10:00,22.0345,6.9736,10.2278,25.8671,29.0947,40.0045,49.8973,97.6505,340.7419,800.7452,544.9499,5.5806,0.1208,175.8471,1
2025-07-04 23:15:00,22.0123,6.9464,10.3412,25.9234,29.0471,40.0254,50.2587,98.6741,344.9741,802.1304,568.7842,5.7643,0.1212,175.7602,1
2025-07-04 23:20:00,21.9854,7.0508,10.1412,25.9880,28.9752,40.0889,50.1140,99.3407,343.3114,802.3984,518.6090,5.2205,0.1216,175.6733,1
2025-07-04 23:25:00,21.9723,6.9515,10.2765,25.9182,28.9444,40.1464,49.8851,99.5480,346.3836,799.7739,558.7665,5.6130,0.1221,175.5864,1
2025-07-04 23:30:00,21.7442,6.9651,10.3254,25.8539,28.9295,39.9092,49.8433,99.3631,344.6345,794.6830,561.3821,5.6498,0.1225,175.4996,1
2025-07-04 23:35:00,21.8087,7.0628,10.3198,25.8317,29.0022,39.9793,49.8833,99.5669,344.6447,800.1168,545.0791,5.4745,0.1229,175.4127,1
2025-07-04 23:40:00,21.7188,6.9715,10.4849,25.7755,28.9704,39.9493,49.9162,100.4967,345.9944,800.2044,587.5458,5.8464,0.1234,175.3258,1
2025-07-04 23:45:00,21.6867,6.9906,10.4420,25.6149,28.9330,39.9321,49.9750,101.3520,345.6555,800.3359,576.9283,5.6923,0.1238,175.2389,1
2025-07-04 23:50:00,21.5924,6.9494,10.2547,25.5534,28.7350,39.8061,50.1672,98.4669,345.0927,795.0684,550.7558,5.5933,0.1242,175.1520,1
2025-07-04 23:55:00,21.6791,7.0416,10.2696,25.5345,28.4776,40.0029,49.8550,92.1377,350.0180,782.2114,540.5343,5.8666,0.1247,175.0652,1
2025-07-05 00:00:00,21.4071,7.0423,10.0869,25.3474,28.4179,40.0575,50.3434,90.8126,348.1779,786.2732,510.5228,5.6217,0.1251,174.9783,1
2025-07-05 00:05:00,21.4358,7.0369,10.2885,25.4092,28.5123,39.9814,49.8585,94.6653,345.3266,787.1875,544.1887,5.7486,0.1255,174.8914,1
2025-07-05 00:10:00,21.4342,7.0269,10.2637,25.3852,28.5066,39.9989,49.7886,94.5126,345.1515,785.4559,541.9594,5.7343,0.1260,174.8045,1
2025-07-05 00:15:00,21.3840,7.0037,10.2394,25.3689,28.3927,40.0502,50.2532,94.9682,347.4017,785.8624,542.4717,5.7121,0.1264,174.7176,1
2025-07-05 00:20:00,21.3575,6.9738,10.2769,25.3244,28.4148,40.1693,50.1982,96.0039,345.9608,789.3695,555.4235,5.7854,0.1268,174.6308,1
2025-07-05 00:25:00,21.2871,6.9593,10.2858,25.2895,28.4501,39.9496,49.9726,96.1135,343.3944,782.0013,556.2986,5.7879,0.1273,174.5439,1
2025-07-05 00:30:00,21.3348,7.0645,10.2515,25.2384,28.3891,39.8594,50.0572,92.8339,347.8076,784.8467,531.7618,5.7281,0.1277,174.4570,1
2025-07-05 00:35:00,21.3055,7.0382,10.2683,25.2871,28.3395,39.9891,50.0610,96.9727,347.9308,787.8667,540.6943,5.5757,0.1281,174.3701,1
2025-07-05 00:40:00,21.3393,6.9653,10.2872,25.3079,28.4583,40.2260,50.0205,95.3083,347.9057,785.9489,559.3574,5.8689,0.1286,174.2832,1
2025-07-05 00:45:00,21.3195,7.0020,10.2791,25.2223,28.3620,39.8607,49.8055,95.8977,348.4749,787.4455,546.7997,5.7019,0.1290,174.1964,1
2025-07-05 00:50:00,21.3610,6.9850,10.1100,25.2935,28.3288,40.0780,49.6277,92.2690,350.7356,780.6911,524.2778,5.6821,0.1295,174.1095,1
2025-07-05 00:55:00,21.3940,6.9436,9.9979,25.3324,28.2204,40.1389,49.8733,86.0116,351.1464,775.1916,513.1868,5.9665,0.1299,174.0226,1
2025-07-05 01:00:00,21.3788,7.0089,9.9670,25.3522,28.1521,39.7161,50.2724,87.5034,348.4856,775.2812,491.7884,5.6202,0.1303,173.9357,1
2025-07-05 01:05:00,21.1924,6.9792,9.9398,25.1432,27.9946,40.0492,50.2783,84.1210,347.9139,773.0631,496.3257,5.9001,0.1308,173.8488,1
2025-07-05 01:10:00,21.1905,6.9524,9.9760,25.2547,27.9566,40.0724,49.9607,82.0544,344.7247,769.4592,507.1902,6.1811,0.1312,173.7619,1
2025-07-05 01:15:00,21.1874,6.9260,9.9191,25.1367,27.9298,39.9679,49.8563,83.6034,348.7474,765.6408,500.7568,5.9897,0.1316,173.6751,1
2025-07-05 01:20:00,21.2347,6.9218,10.1244,25.2253,28.0441,39.9224,50.0417,86.4588,348.8324,773.8059,535.2056,6.1903,0.1321,173.5882,1
2025-07-05 01:25:00,21.2228,6.9814,9.9420,25.2063,28.0479,39.9291,50.0658,87.5566,347.6594,774.1671,494.8471,5.6517,0.1325,173.5013,1
2025-07-05 01:30:00,21.1630,6.9957,10.1216,25.1903,28.0419,39.9606,50.0901,89.6161,343.4199,773.7294,522.8739,5.8346,0.1329,173.4144,1
2025-07-05 01:35:00,21.1151,6.9562,9.9769,25.2321,27.9861,39.9637,49.6209,85.8257,347.6266,770.8462,505.3296,5.8879,0.1334,173.3275,1
2025-07-05 01:40:00,21.0116,7.0325,10.0357,25.1207,27.9089,39.9411,50.4737,84.8755,349.3394,771.1259,502.1059,5.9158,0.1338,173.2407,1
2025-07-05 01:45:00,21.0211,6.9967,10.0021,25.0894,27.8101,39.9587,50.1699,84.1164,346.2337,767.1758,502.6980,5.9762,0.1342,173.1538,1
2025-07-05 01:50:00,20.9863,7.0288,10.0092,25.0763,27.8949,40.1429,49.9703,85.7028,348.1940,767.6025,500.8077,5.8435,0.1347,173.0669,1
2025-07-05 01:55:00,21.0294,6.9909,10.0351,25.0993,27.8792,39.8543,49.8922,85.3728,348.6509,771.5345,507.8762,5.9489,0.1351,172.9800,1
2025-07-05 02:00:00,21.0547,6.9606,9.9660,24.9854,27.8919,39.7901,50.1481,83.3263,350.2162,771.6730,500.5722,6.0074,0.1355,172.8931,1
2025-07-05 02:05:00,20.8614,7.0057,9.9584,24.9123,27.7885,40.1448,50.0743,82.0827,352.0297,767.8559,496.1875,6.0450,0.1360,172.8063,1
2025-07-05 02:10:00,20.9548,6.9369,9.8245,24.9246,27.7192,39.9770,50.0138,82.9697,347.9251,766.1747,483.2345,5.8242,0.1364,172.7194,1
2025-07-05 02:15:00,21.0559,7.0270,9.9982,25.0801,27.7697,39.9534,50.0688,83.8348,348.7100,764.7620,496.9253,5.9274,0.1368,172.6325,1
2025-07-05 02:20:00,20.9205,6.9531,10.0142,24.9227,27.7398,39.9867,49.9831,83.8368,348.3101,769.0332,512.3657,6.1115,0.1373,172.5456,1
2025-07-05 02:25:00,20.9461,7.0459,9.9548,24.9812,27.6085,40.0251,50.0603,84.8529,349.4775,766.9478,487.3726,5.7437,0.1377,172.4587,1
2025-07-05 02:30:00,21.0753,6.9831,10.0680,25.0597,27.9835,39.9371,50.1090,87.1573,348.4236,769.8530,515.7294,5.9172,0.1381,172.3719,1
2025-07-05 02:35:00,20.9813,7.0531,10.1017,25.0749,27.9663,40.0607,50.0515,86.3007,349.9515,773.1910,511.2200,5.9237,0.1386,172.2850,1
2025-07-05 02:40:00,21.0186,6.9439,10.1100,25.0510,27.8791,39.8845,50.0436,87.3457,342.9711,774.9601,528.6064,6.0519,0.1390,172.1981,1
2025-07-05 02:45:00,21.0974,6.9661,10.1359,25.0789,27.7459,39.9638,50.2089,82.9034,349.0561,770.3753,530.2610,6.3961,0.1394,172.1112,1
2025-07-05 02:50:00,21.1727,7.0190,10.0142,25.0432,27.8320,39.7342,49.7604,85.2376,349.3684,767.2753,498.1757,5.8446,0.1399,172.0243,1
2025-07-05 02:55:00,21.0082,7.0585,9.8943,24.8975,27.7299,40.1407,49.8803,83.0671,348.1764,764.7625,476.4954,5.7363,0.1403,171.9374,1
2025-07-05 03:00:00,20.9825,7.0833,9.9656,24.8220,27.6716,39.9789,50.0040,81.9398,344.0237,765.2336,482.3474,5.8866,0.1407,171.8506,1
2025-07-05 03:05:00,20.8341,7.0021,9.9577,24.9723,27.6977,40.0804,49.8905,82.2845,348.5130,760.3721,495.8845,6.0265,0.1412,171.7637,1
2025-07-05 03:10:00,21.0514,7.0919,9.8540,25.0174,27.6962,40.0572,49.9406,83.6322,347.4102,760.7313,463.1577,5.5380,0.1416,171.6768,1
2025-07-05 03:15:00,20.9764,6.9855,9.7566,25.0016,27.6356,40.0660,50.1932,79.4462,352.8554,760.7994,464.7625,5.8500,0.1421,171.5899,1
2025-07-05 03:20:00,20.9766,7.0549,9.8439,24.8922,27.6009,39.9991,49.9777,79.4942,350.0229,761.2003,466.9756,5.8743,0.1425,171.5030,1
2025-07-05 03:25:00,20.9935,6.9529,9.8073,24.9459,27.5959,40.0466,49.7256,79.6651,348.3467,755.2818,478.4931,6.0063,0.1429,171.4162,1
2025-07-05 03:30:00,20.9826,7.0210,9.7382,24.9741,27.5057,39.8846,49.9365,78.6247,345.4020,761.8664,453.6470,5.7698,0.1434,171.3293,1
2025-07-05 03:35:00,21.0187,6.8829,9.6889,25.1046,27.5119,39.8595,50.0087,76.1828,351.4670,760.9415,468.1863,6.1456,0.1438,171.2424,1
2025-07-05 03:40:00,21.0799,6.9439,9.6793,25.1463,27.5140,39.9879,50.0060,72.3463,352.2959,756.2255,457.8693,6.3289,0.1442,171.1555,1
2025-07-05 03:45:00,20.9885,7.0233,9.6189,25.0438,27.4956,39.9184,50.0834,70.3456,350.7535,754.2494,433.7175,6.1655,0.1447,171.0686,1
2025-07-05 03:50:00,21.0511,6.9344,9.6771,25.0242,27.5293,40.1711,50.0712,71.4090,352.4803,754.9904,461.2024,6.4586,0.1451,170.9818,1
2025-07-05 03:55:00,20.9796,7.0213,9.5171,25.1257,27.4613,40.0450,49.9792,71.2976,350.7317,755.2134,418.3530,5.8677,0.1455,170.8949,1
2025-07-05 04:00:00,21.1072,7.0453,9.6976,25.1215,27.5081,39.9140,49.8210,71.5758,353.6261,752.4404,443.1460,6.1913,0.1460,170.8080,1
2025-07-05 04:05:00,21.2119,6.9749,9.5306,25.0901,27.4422,39.9674,49.9338,70.6418,353.2477,754.4784,427.5805,6.0528,0.1464,170.7211,1
2025-07-05 04:10:00,20.9992,6.9516,9.4797,25.0240,27.4777,40.0160,49.9066,71.6383,348.2045,752.7545,423.4769,5.9113,0.1468,170.6342,1
2025-07-05 04:15:00,21.0199,6.9763,9.6079,24.9829,27.4367,39.9918,49.9572,71.1096,348.4443,753.0032,440.5513,6.1954,0.1473,170.5474,1
2025-07-05 04:20:00,20.9800,6.9517,9.4592,25.0154,27.5139,40.0326,50.1037,69.4989,356.0885,753.9613,420.1970,6.0461,0.1477,170.4605,1
2025-07-05 04:25:00,21.1612,6.9949,9.4933,25.0885,27.4313,40.0082,50.0606,69.5272,354.0625,754.2538,418.4186,6.0181,0.1481,170.3736,1
2025-07-05 04:30:00,21.0471,7.0051,9.4356,25.1351,27.4590,39.8331,50.1236,66.2563,350.1409,747.3487,405.2626,6.1166,0.1486,170.2867,1
2025-07-05 04:35:00,21.1842,6.9847,9.5084,25.2207,27.5774,39.7419,49.9424,68.5110,348.8660,754.5833,419.8464,6.1282,0.1490,170.1998,1
2025-07-05 04:40:00,21.2264,7.0837,9.4656,25.2554,27.4690,39.9552,50.2263,70.6612,352.5095,756.6973,398.3825,5.6379,0.1494,170.1129,1
2025-07-05 04:45:00,21.0404,6.9640,9.5840,24.9938,27.4738,40.0673,50.1009,71.4144,349.3542,752.7811,439.4220,6.1531,0.1499,170.0261,1
2025-07-05 04:50:00,21.1322,7.0696,9.4839,25.1879,27.4590,39.9565,50.0168,68.7562,351.5272,753.8539,403.8168,5.8732,0.1503,169.9392,1
2025-07-05 04:55:00,21.1437,6.9479,9.6556,25.0239,27.5150,40.1484,50.0905,73.3238,351.2269,758.9535,455.0585,6.2062,0.1507,169.8523,1
2025-07-05 05:00:00,21.2604,7.0036,9.6206,25.1478,27.7027,39.9944,49.8986,73.2082,350.8974,762.1328,438.1284,5.9847,0.1512,169.7654,1
2025-07-05 05:05:00,21.2175,7.0592,9.7038,25.1794,27.8215,40.1629,49.6837,76.5248,352.3138,764.8185,444.6253,5.8102,0.1516,169.6785,1
2025-07-05 05:10:00,21.5204,7.0566,9.6861,25.4237,27.9783,40.1382,49.9090,77.2343,353.5774,771.0755,441.8069,5.7203,0.1520,169.5917,1
2025-07-05 05:15:00,21.5104,6.9790,9.7103,25.4689,27.9992,40.1262,50.1121,76.7395,349.3779,767.8560,458.7800,5.9784,0.1525,169.5048,1
2025-07-05 05:20:00,21.5179,7.0278,9.6312,25.4895,27.9627,39.8556,50.0120,76.9590,348.2761,773.9810,434.3500,5.6439,0.1529,169.4179,1
2025-07-05 05:25:00,21.4396,7.0211,9.6415,25.4438,28.0128,40.0021,49.9795,77.9982,351.1962,769.6585,438.7875,5.6256,0.1533,169.3310,1
2025-07-05 05:30:00,21.5363,6.9730,9.7157,25.4724,28.0652,40.1467,49.8728,76.1655,353.8453,772.0673,460.9136,6.0515,0.1538,169.2441,1
2025-07-05 05:35:00,21.6467,7.0308,9.6751,25.6320,28.0690,40.0327,49.7066,79.9587,349.1548,772.7577,443.1321,5.5420,0.1542,169.1573,1
2025-07-05 05:40:00,21.7382,7.0931,9.8638,25.6926,28.2778,40.0665,50.2137,79.7654,351.4203,777.4276,464.6874,5.8257,0.1546,169.0704,1
2025-07-05 05:45:00,21.8144,7.0236,9.7815,25.8081,28.3348,39.8335,49.9688,78.8248,348.2083,778.8122,459.8626,5.8340,0.1551,168.9835,1
2025-07-05 05:50:00,21.9789,7.0283,9.8374,25.9595,28.5408,40.2303,49.9356,81.2041,349.3766,783.1119,473.0664,5.8256,0.1555,168.8966,1
2025-07-05 05:55:00,21.8912,7.0336,9.7963,25.8219,28.6116,39.9050,49.8993,82.3440,346.9409,783.7542,461.4795,5.6043,0.1560,168.8097,1
2025-07-05 06:00:00,22.0706,6.9270,9.9488,25.9841,28.7669,39.7607,50.1882,84.0595,348.7676,789.9321,502.9583,5.9834,0.1564,168.7228,1
2025-07-05 06:05:00,22.0036,7.0230,9.9105,26.0889,28.8987,39.9579,50.1322,87.4093,348.5129,793.0446,482.9715,5.5254,0.1568,168.6360,1
2025-07-05 06:10:00,21.9868,6.9492,9.9279,26.0427,28.8585,39.7063,49.8549,87.6283,349.5357,789.1571,495.0900,5.6499,0.1573,168.5491,1
2025-07-05 06:15:00,22.1255,6.9705,9.9781,26.0856,28.9582,39.8698,50.1747,87.4864,351.8267,793.5992,501.9450,5.7374,0.1577,168.4622,1
2025-07-05 06:20:00,22.1514,7.1081,9.9565,26.0701,28.9828,40.3070,49.9782,91.9136,346.8934,800.1688,480.5896,5.2287,0.1581,168.3753,1
2025-07-05 06:25:00,22.1055,6.9873,9.8968,26.1078,28.7689,39.9544,49.9084,86.4757,344.1847,791.1093,486.5979,5.6270,0.1586,168.2884,1
2025-07-05 06:30:00,22.0596,6.9630,9.8921,26.0575,28.8407,39.8287,49.9560,86.4921,348.0316,794.3039,488.3474,5.6462,0.1590,168.2016,1
2025-07-05 06:35:00,22.0454,7.0576,9.9895,26.0439,28.7813,40.0030,49.8825,89.4199,348.8361,790.1655,490.9580,5.4905,0.1594,168.1147,1
2025-07-05 06:40:00,21.9808,6.9526,9.9705,25.9983,28.8074,39.8923,49.8019,87.2712,348.6528,790.8334,503.9551,5.7746,0.1599,168.0278,1
2025-07-05 06:45:00,22.1627,6.9776,10.0354,26.1768,28.9237,40.1037,50.1164,90.7761,347.8326,796.1490,513.3214,5.6548,0.1603,167.9409,1
2025-07-05 06:50:00,22.1517,7.0625,10.0014,26.1601,29.1026,39.8933,49.9669,91.6155,350.5903,804.2239,490.7857,5.3570,0.1607,167.8540,1
2025-07-05 06:55:00,22.1598,7.0021,10.0864,26.2535,29.1957,40.0325,50.0926,92.6257,347.8025,800.4346,516.8512,5.5800,0.1612,167.7672,1
2025-07-05 07:00:00,22.3919,6.9219,10.0999,26.2284,29.3322,39.8624,50.0431,94.7240,346.9248,802.4921,530.2943,5.5983,0.1616,167.6803,1
2025-07-05 07:05:00,22.3793,7.0272,10.0478,26.3385,29.4177,40.3119,50.0823,93.2347,345.6669,804.2422,509.7161,5.4670,0.1620,167.5934,1
2025-07-05 07:10:00,22.5337,6.9802,10.0531,26.4740,29.4398,40.0604,49.6931,90.8072,344.2334,808.2027,515.3121,5.6748,0.1625,167.5065,1
2025-07-05 07:15:00,22.5897,7.0770,10.1042,26.6530,29.3676,39.9825,49.8700,94.0046,347.7777,807.7342,506.6487,5.3896,0.1629,167.4196,1
2025-07-05 07:20:00,22.5125,6.9697,10.1965,26.4534,29.5372,39.9648,50.0854,97.5977,346.6172,818.0470,539.8232,5.5311,0.1633,167.3328,1
2025-07-05 07:25:00,22.6342,7.0526,10.2714,26.5425,29.6092,39.9336,49.8088,100.2934,343.6677,819.0465,538.0667,5.3649,0.1638,167.2459,1
2025-07-05 07:30:00,22.6287,7.0888,10.2887,26.6726,29.8147,39.9087,50.0560,101.5478,345.4849,821.3465,534.5691,5.2642,0.1642,167.1590,1
2025-07-05 07:35:00,22.6847,6.9575,10.3231,26.8654,29.9007,39.9054,49.7914,105.0347,344.9929,826.3387,562.2184,5.3527,0.1646,167.0721,1
2025-07-05 07:40:00,22.8470,6.9903,10.4047,26.8509,30.0689,40.2014,50.0025,107.8087,343.2558,829.7324,574.5843,5.3297,0.1651,166.9852,1
2025-07-05 07:45:00,22.8398,7.0194,10.4251,26.8984,30.1695,39.9337,50.2415,112.1948,342.3855,834.9710,569.3018,5.0742,0.1655,166.8983,1
2025-07-05 07:50:00,22.8615,6.9571,10.5550,26.8666,30.2801,39.7445,50.1162,110.1464,344.2842,835.4535,598.5713,5.4343,0.1659,166.8115,1
2025-07-05 07:55:00,23.1811,7.0135,10.5854,27.0568,30.4632,39.8601,49.7224,114.8714,342.4145,848.7100,595.9922,5.1883,0.1664,166.7246,1
2025-07-05 08:00:00,22.9398,6.9888,10.5901,27.0202,30.4223,40.1113,50.1273,116.0870,341.5575,843.0360,604.6839,5.2089,0.1668,166.6377,1
2025-07-05 08:05:00,23.1763,6.9877,10.6253,27.1242,30.6256,39.9697,50.2733,118.3843,341.0465,849.3680,608.6171,5.1410,0.1672,166.5508,1
2025-07-05 08:10:00,23.1886,7.0024,10.7233,27.2746,30.8172,39.9839,50.4196,119.1225,342.1083,850.6445,622.7643,5.2279,0.1677,166.4639,1
2025-07-05 08:15:00,23.3790,7.0036,10.7652,27.2532,30.9223,40.1404,50.0713,121.0200,343.6516,857.1347,632.0626,5.2228,0.1681,166.3771,1
2025-07-05 08:20:00,23.4693,7.0082,10.8064,27.4989,31.0843,39.9067,49.7953,125.9792,341.5886,863.9688,634.4919,5.0365,0.1685,166.2902,1
2025-07-05 08:25:00,23.5599,6.9701,10.8931,27.5428,31.1937,40.0759,50.0652,129.1694,339.9797,876.8983,658.1274,5.0951,0.1690,166.2033,1
2025-07-05 08:30:00,23.5402,6.9722,11.0104,27.5767,31.4535,39.9199,50.2394,131.6329,340.6087,874.7170,674.7995,5.1264,0.1694,166.1164,1
2025-07-05 08:35:00,23.7164,6.9941,10.8440,27.6725,31.5252,40.0691,49.9719,135.1606,342.8406,876.7791,645.7467,4.7776,0.1699,166.0295,1
2025-07-05 08:40:00,23.9126,6.9978,11.0291,27.8173,31.6442,39.9531,50.1565,134.4308,340.8864,881.6171,674.2198,5.0154,0.1703,165.9427,1
2025-07-05 08:45:00,23.9825,6.9781,10.9167,27.9539,31.6656,39.9710,49.8741,136.0164,340.2541,881.2393,659.0154,4.8451,0.1707,165.8558,1
2025-07-05 08:50:00,24.0672,7.0162,10.9559,28.0328,31.8483,40.0984,50.0559,137.1594,340.8794,888.5871,661.2827,4.8213,0.1712,165.7689,1
2025-07-05 08:55:00,23.9581,6.9093,11.0430,28.0169,31.8737,40.0898,49.6266,138.6808,338.9452,893.5726,693.7105,5.0022,0.1716,165.6820,1
2025-07-05 09:00:00,24.1904,6.9635,11.1826,28.1295,32.0896,39.9801,49.8574,139.1381,339.5858,895.2859,706.1037,5.0748,0.1720,165.5951,1
2025-07-05 09:05:00,24.2493,6.9860,11.1645,28.1265,32.0012,39.9434,49.9991,139.7550,338.1872,895.6006,698.6531,4.9991,0.1725,165.5083,1
2025-07-05 09:10:00,24.2380,6.9572,11.2216,28.1642,32.2855,40.1919,49.9455,145.6592,335.2090,899.7029,717.4576,4.9256,0.1729,165.4214,1
2025-07-05 09:15:00,24.3471,7.0815,11.2142,28.2790,32.3163,40.0707,49.8049,147.4120,338.9138,902.7388,693.2176,4.7026,0.1733,165.3345,1
2025-07-05 09:20:00,24.2683,7.0009,11.1679,28.3239,32.5377,39.9531,49.9251,150.0648,338.3996,907.4906,696.9024,4.6440,0.1738,165.2476,1
2025-07-05 09:25:00,24.3998,7.0088,11.3346,28.4180,32.5075,39.9216,50.0494,151.4361,336.6007,911.3749,722.8873,4.7735,0.1742,165.1607,1
2025-07-05 09:30:00,24.5051,6.9758,11.3208,28.4289,32.6968,40.1230,49.9871,155.0254,339.0741,916.6406,729.7653,4.7074,0.1746,165.0738,1
2025-07-05 09:35:00,24.6195,6.9992,11.3096,28.5826,32.8282,40.0138,50.0091,155.2525,335.5422,920.5880,721.9804,4.6504,0.1751,164.9870,1
2025-07-05 09:40:00,24.5262,6.9392,11.3292,28.5914,32.7024,39.9804,50.1098,152.6289,333.6761,918.1888,734.6944,4.8136,0.1755,164.9001,1
2025-07-05 09:45:00,24.6252,6.9915,11.3406,28.6551,32.9060,40.0138,49.9485,155.9630,335.4809,921.6197,728.4558,4.6707,0.1759,164.8132,1
2025-07-05 09:50:00,24.8019,6.9531,11.4430,28.7381,33.0651,40.0405,50.2039,158.4886,333.5079,928.2136,752.5446,4.7483,0.1764,164.7263,1
2025-07-05 09:55:00,24.9207,6.9861,11.3002,28.9563,33.1402,39.9932,49.8516,158.4058,337.2862,928.3872,722.2305,4.5594,0.1768,164.6394,1
2025-07-05 10:00:00,24.9681,6.8720,11.4123,28.8450,33.2487,40.1444,50.2892,159.5656,335.0129,929.6852,762.9796,4.7816,0.1772,164.5526,1
2025-07-05 10:05:00,25.1641,6.9436,11.3643,29.1279,33.2561,40.1511,50.1670,159.1393,338.4890,938.2181,743.0018,4.6689,0.1777,164.4657,1
2025-07-05 10:10:00,25.1684,7.0732,11.3222,29.1039,33.3453,40.0638,49.9466,159.3031,338.9751,932.3572,712.5952,4.4732,0.1781,164.3788,1
2025-07-05 10:15:00,25.1966,7.0415,11.2994,29.2449,33.4528,40.1650,49.9566,152.8565,335.6700,929.7400,715.8728,4.6833,0.1785,164.2919,1
2025-07-05 10:20:00,25.2120,7.0660,11.2317,29.1799,33.3590,40.0010,50.0310,155.2074,335.8759,929.8269,697.5338,4.4942,0.1790,164.2050,1
2025-07-05 10:25:00,25.2163,7.0694,11.3385,29.1552,33.4213,40.0828,50.0898,157.2170,338.2169,935.4694,716.2955,4.5561,0.1794,164.1182,1
2025-07-05 10:30:00,25.2406,7.0336,11.2452,29.2288,33.4911,40.1205,50.1642,154.5076,339.7082,936.6362,707.3048,4.5778,0.1798,164.0313,1
2025-07-05 10:35:00,25.3843,6.9774,11.3178,29.3375,33.5812,40.1223,49.7989,158.4287,332.9569,941.4522,728.9865,4.6014,0.1803,163.9444,1
2025-07-05 10:40:00,25.5184,6.9481,11.3684,29.4631,33.8184,40.1099,50.0656,162.5994,337.2146,950.0879,742.1605,4.5644,0.1807,163.8575,1
2025-07-05 10:45:00,25.6399,7.0573,11.4693,29.6750,34.0787,40.0757,49.6825,166.3058,331.5710,955.0881,740.1459,4.4505,0.1811,163.7706,1
2025-07-05 10:50:00,25.6431,7.0032,11.5114,29.5906,34.0638,40.2349,49.9734,168.8477,334.2847,958.4309,759.2864,4.4969,0.1816,163.6838,1
2025-07-05 10:55:00,25.7769,7.1247,11.5767,29.7281,34.3366,39.9352,50.2181,170.7047,337.3560,960.5654,744.2418,4.3598,0.1820,163.5969,1
2025-07-05 11:00:00,25.8406,6.9817,11.4948,29.7289,34.2261,39.9814,49.7874,168.9535,341.7313,965.0132,755.3175,4.4706,0.1825,163.5100,1
2025-07-05 11:05:00,25.9577,7.0986,11.6051,29.8795,34.3297,39.9743,49.7601,174.1402,334.2158,969.8190,754.0724,4.3303,0.1829,163.4231,1
2025-07-05 11:10:00,25.8544,6.9922,11.7993,29.8936,34.6079,39.9558,50.0331,182.2243,331.5256,973.5488,804.0120,4.4122,0.1833,163.3362,1
2025-07-05 11:15:00,26.0344,7.0668,11.7491,30.0179,34.6346,39.7613,50.2081,182.3241,332.9239,983.6462,779.3330,4.2744,0.1838,163.2493,1
2025-07-05 11:20:00,26.0459,7.0848,11.6836,29.9861,34.6911,40.1650,50.0488,181.7213,334.2885,977.9721,773.1893,4.2548,0.1842,163.1625,1
2025-07-05 11:25:00,26.0641,6.9489,11.7834,30.0809,34.8701,39.8769,49.7143,186.1934,332.2284,986.3359,807.0120,4.3343,0.1846,163.0756,1
2025-07-05 11:30:00,26.2105,6.9758,11.6901,30.2103,34.8819,40.0204,49.7475,182.8651,331.9972,989.2707,789.7651,4.3188,0.1851,162.9887,1
2025-07-05 11:35:00,26.2647,6.9484,11.7294,30.2600,35.0624,39.8294,50.0147,183.2306,332.9145,989.5330,797.1221,4.3504,0.1855,162.9018,1
2025-07-05 11:40:00,26.4092,6.9385,11.7707,30.3424,35.1758,40.0745,49.8231,183.8837,334.2754,995.0902,810.6168,4.4083,0.1859,162.8149,1
2025-07-05 11:45:00,26.6137,7.0334,11.7412,30.5865,35.2328,39.9058,50.0205,187.7582,333.0113,997.7668,786.4232,4.1885,0.1864,162.7281,1
2025-07-05 11:50:00,26.7084,6.9902,11.8500,30.5892,35.3723,39.8637,50.0294,191.8254,331.3702,1002.8016,810.9619,4.2276,0.1868,162.6412,1
2025-07-05 11:55:00,26.7316,7.0026,11.7785,30.6622,35.5467,40.0233,49.9265,188.7122,332.0083,1004.6443,800.1342,4.2400,0.1872,162.5543,1
2025-07-05 12:00:00,26.8740,7.0278,11.8217,30.8165,35.6180,39.9159,50.2722,191.7053,332.2353,1008.8492,801.0037,4.1783,0.1877,162.4674,1
2025-07-05 12:05:00,26.8577,6.9071,11.7487,30.8755,35.5352,39.9311,50.0886,187.9004,331.5625,1005.3521,809.2687,4.3069,0.1881,162.3805,1
2025-07-05 12:10:00,26.8978,7.0643,11.9990,30.8404,35.6820,40.0206,50.1817,193.1254,331.5568,1009.7844,826.6785,4.2805,0.1885,162.2937,1
2025-07-05 12:15:00,26.9907,6.9825,11.7416,31.0456,35.6410,40.0960,50.1381,190.4257,334.8673,1010.2249,798.7729,4.1947,0.1890,162.2068,1
2025-07-05 12:20:00,27.0985,7.0266,11.6632,31.0405,35.6896,39.9018,49.9775,187.7980,333.1843,1013.1147,774.4431,4.1238,0.1894,162.1199,1
2025-07-05 12:25:00,27.2057,7.0310,11.7006,31.1465,35.8671,39.8811,49.9708,188.9717,330.0265,1015.6912,779.5457,4.1252,0.1898,162.0330,1
2025-07-05 12:30:00,27.1477,7.0685,11.8913,31.1444,35.8033,40.0028,49.9554,195.6326,335.0027,1018.5373,807.5721,4.1280,0.1903,161.9461,1
2025-07-05 12:35:00,27.0528,6.9948,11.8883,31.1284,35.8331,40.0647,50.1022,193.2265,334.0404,1020.0029,820.6965,4.2473,0.1907,161.8593,1
2025-07-05 12:40:00,27.0906,6.8938,11.8423,30.9821,35.7960,40.1755,49.9024,194.9591,330.0022,1019.5961,832.2092,4.2686,0.1911,161.7724,1
2025-07-05 12:45:00,27.1697,7.0029,11.8765,31.0779,35.8107,39.8714,50.2588,193.8552,332.5474,1015.8420,813.4173,4.1960,0.1916,161.6855,1
2025-07-05 12:50:00,27.1405,7.0100,11.8389,31.1833,35.9029,39.9618,49.8881,190.2131,331.7798,1016.6622,807.7695,4.2467,0.1920,161.5986,1
2025-07-05 12:55:00,27.1635,6.9483,11.7239,31.0667,35.7797,40.1411,50.0322,188.7222,335.2648,1014.4468,802.4482,4.2520,0.1924,161.5117,1
2025-07-05 13:00:00,27.1944,7.0074,11.7418,31.2337,35.8807,40.2368,49.9656,189.3224,332.9965,1013.2241,797.4172,4.2120,0.1929,161.4248,1
2025-07-05 13:05:00,27.3143,6.9819,11.7487,31.2828,35.9344,39.8808,49.9324,189.8504,333.7149,1021.8752,795.7720,4.1916,0.1933,161.3380,1
2025-07-05 13:10:00,27.2869,6.9329,11.7734,31.2879,35.9327,39.9113,50.3259,186.1967,333.5633,1015.1577,808.7040,4.3433,0.1937,161.2511,1
2025-07-05 13:15:00,27.2098,7.0336,11.8434,31.2414,36.1147,40.0457,49.9341,193.6307,330.2297,1024.6007,806.2859,4.1640,0.1942,161.1642,1
2025-07-05 13:20:00,27.3133,6.9718,11.7818,31.2869,36.0917,39.9307,49.9543,194.2443,336.0645,1022.6615,803.9815,4.1390,0.1946,161.0773,1
2025-07-05 13:25:00,27.3865,6.9797,11.8882,31.3761,36.3274,39.9089,49.9004,198.5404,333.9297,1030.1171,820.0059,4.1302,0.1950,160.9904,1
2025-07-05 13:30:00,27.3703,6.9769,11.9720,31.4409,36.3191,40.0293,50.0062,198.5978,331.3011,1026.6664,837.0014,4.2146,0.1955,160.9036,1
2025-07-05 13:35:00,27.4536,7.0618,11.9051,31.3866,36.2302,40.1859,49.9848,199.4028,333.0237,1030.8702,814.7292,4.0858,0.1959,160.8167,1
2025-07-05 13:40:00,27.4188,6.9980,11.9477,31.4167,36.1748,39.8429,49.8321,197.9617,334.4948,1027.5650,825.5270,4.1701,0.1964,160.7298,1
2025-07-05 13:45:00,27.4744,7.0040,11.9980,31.4514,36.3856,40.1798,49.9363,203.9975,332.1256,1033.4942,839.9658,4.1175,0.1968,160.6429,1
2025-07-05 13:50:00,27.4425,6.9780,11.9796,31.4243,36.4079,39.9310,50.0915,201.8790,335.1686,1038.3585,836.0222,4.1412,0.1972,160.5560,1
2025-07-05 13:55:00,27.4575,7.0231,12.0126,31.4518,36.3894,40.0415,50.1540,205.1325,337.5620,1041.2036,836.3052,4.0769,0.1977,160.4692,1
2025-07-05 14:00:00,27.4933,7.0675,12.0876,31.3923,36.4149,40.1909,50.0036,207.7971,331.1914,1038.4224,844.5823,4.0645,0.1981,160.3823,1
2025-07-05 14:05:00,27.3506,7.0324,12.0396,31.4459,36.3760,40.0390,50.0088,203.7867,330.5894,1038.1370,839.2225,4.1181,0.1985,160.2954,1
2025-07-05 14:10:00,27.3877,7.0343,12.0922,31.3822,36.5709,39.9643,49.9459,209.7298,329.1767,1041.9463,846.1244,4.0344,0.1990,160.2085,1
2025-07-05 14:15:00,27.4050,7.0303,12.1246,31.3453,36.4846,40.0862,49.9246,212.9796,326.0908,1044.0454,854.8203,4.0136,0.1994,160.1216,1
2025-07-05 14:20:00,27.4113,6.9310,12.1916,31.5312,36.6738,39.9792,49.8621,214.5748,332.9103,1052.1079,880.3841,4.1029,0.1998,160.0348,1
2025-07-05 14:25:00,27.3915,6.9562,12.1182,31.3906,36.4367,40.0626,49.7665,212.2250,330.1099,1042.9382,865.6858,4.0791,0.2003,159.9479,1
2025-07-05 14:30:00,27.3242,6.9898,12.1669,31.2628,36.5800,39.9754,49.8946,213.9726,332.0858,1046.4170,866.3289,4.0488,0.2007,159.8610,1
2025-07-05 14:35:00,27.3044,6.9637,12.3126,31.2580,36.5222,40.1033,50.1356,213.5197,332.5169,1041.7436,897.9320,4.2054,0.2011,159.7741,1
2025-07-05 14:40:00,27.2291,6.9468,12.1113,31.3071,36.4707,39.8327,49.9363,215.6911,328.1260,1040.7915,861.1308,3.9924,0.2016,159.6872,1
2025-07-05 14:45:00,27.2876,6.9064,12.2240,31.2849,36.5125,39.8784,49.9481,214.2200,328.5232,1045.7461,887.6659,4.1437,0.2020,159.6003,1
2025-07-05 14:50:00,27.3330,6.9327,12.0822,31.1527,36.3233,39.8309,49.9452,209.4483,334.2765,1040.4277,858.5925,4.0993,0.2024,159.5135,1
2025-07-05 14:55:00,27.1326,6.9872,12.1141,31.1664,36.2200,39.9932,50.1867,210.2204,330.7887,1035.5358,858.2990,4.0829,0.2029,159.4266,1
2025-07-05 15:00:00,27.1682,6.9965,12.2149,31.1257,36.3031,39.8165,49.8607,207.7940,329.7750,1038.6947,869.7611,4.1857,0.2033,159.3397,1
2025-07-05 15:05:00,27.2334,6.9603,12.0190,31.0899,36.2079,39.9170,50.0416,205.5821,329.1595,1037.0916,845.2587,4.1115,0.2037,159.2528,1
2025-07-05 15:10:00,27.0622,7.0039,12.0296,31.0324,36.0188,39.8671,49.9897,204.1636,330.9775,1032.9090,838.6951,4.1080,0.2042,159.1659,1
2025-07-05 15:15:00,27.2607,6.9783,12.0962,31.2200,36.2688,40.1776,50.0102,209.8706,334.0277,1033.3515,860.7380,4.1013,0.2046,159.0791,1
2025-07-05 15:20:00,27.1907,7.0545,12.0299,31.0921,36.2114,39.8811,50.0367,206.8164,332.5798,1035.3414,830.5978,4.0161,0.2050,158.9922,1
2025-07-05 15:25:00,27.2909,6.9919,12.1027,31.1599,36.2824,39.8456,50.0086,205.7283,331.6817,1033.5592,852.4474,4.1436,0.2055,158.9053,1
2025-07-05 15:30:00,27.2574,7.0348,12.1022,31.2259,36.3525,40.0298,50.1190,211.8172,333.9357,1040.0375,849.1145,4.0087,0.2059,158.8184,1
2025-07-05 15:35:00,27.2482,7.0102,12.0721,31.3118,36.1621,40.2024,49.9956,206.9048,334.2614,1033.3922,851.8650,4.1172,0.2063,158.7315,1
2025-07-05 15:40:00,27.2003,6.9299,12.0274,31.2313,36.2911,39.9861,50.2617,208.2953,331.7057,1035.1946,853.2216,4.0962,0.2068,158.6447,1
2025-07-05 15:45:00,27.1142,6.9955,12.0433,31.1031,36.2713,39.9954,50.0067,211.9850,336.2734,1033.7107,845.1130,3.9867,0.2072,158.5578,1
2025-07-05 15:50:00,27.1401,6.9382,12.0436,31.2127,36.1850,40.1549,49.7445,208.5448,330.8510,1033.9435,858.1513,4.1149,0.2076,158.4709,1
2025-07-05 15:55:00,27.1478,6.9946,11.8884,31.0352,36.0670,40.1054,50.0957,202.6437,334.2433,1023.1703,821.5861,4.0543,0.2081,158.3840,1
2025-07-05 16:00:00,26.9683,6.9627,12.1001,30.9822,36.0367,40.0510,50.0588,204.9799,330.8052,1026.5206,861.2935,4.2018,0.2085,158.2971,1
2025-07-05 16:05:00,26.8724,7.0191,11.8816,30.9126,35.8291,39.9301,50.0049,199.9220,333.9230,1022.5952,812.7524,4.0653,0.2089,158.2103,1
2025-07-05 16:10:00,26.8347,6.9329,11.8992,30.8032,35.7601,40.0547,49.9611,198.5571,331.6762,1018.2790,832.6989,4.1937,0.2094,158.1234,1
2025-07-05 16:15:00,26.9338,7.0007,12.0324,30.9190,35.9191,39.8367,49.6828,202.5934,332.6130,1022.1171,839.0624,4.1416,0.2098,158.0365,1
2025-07-05 16:20:00,26.9315,7.0286,11.9969,30.8446,35.9753,39.9252,49.7080,203.8532,336.3551,1024.6610,830.3341,4.0732,0.2103,157.9496,1
2025-07-05 16:25:00,26.7614,7.0454,11.9584,30.8295,35.8400,40.1718,50.2471,202.1931,333.4144,1021.4872,826.1643,4.0860,0.2107,157.8627,1
2025-07-05 16:30:00,26.6705,6.9618,12.1646,30.6120,35.7417,40.1562,49.9122,203.7820,332.2393,1022.5575,874.5598,4.2916,0.2111,157.7758,1
2025-07-05 16:35:00,26.7694,7.0009,12.0374,30.7672,35.8275,40.0525,50.1448,204.8398,329.5387,1022.9789,844.4157,4.1223,0.2116,157.6890,1
2025-07-05 16:40:00,26.7892,7.0092,12.0711,30.6922,35.7731,39.7685,49.7595,205.9272,331.5164,1023.4709,842.6589,4.0920,0.2120,157.6021,1
2025-07-05 16:45:00,26.5711,7.0774,12.0720,30.5713,35.5584,39.8550,49.8430,204.7127,329.1115,1017.3751,833.2777,4.0705,0.2124,157.5152,1
2025-07-05 16:50:00,26.4184,6.9259,12.1139,30.4788,35.6277,39.9185,50.1018,203.5679,332.9344,1016.9605,866.8959,4.2585,0.2129,157.4283,1
2025-07-05 16:55:00,26.4827,6.9544,12.0800,30.5584,35.4744,39.9794,49.9846,203.9278,333.0550,1019.5878,857.7768,4.2063,0.2133,157.3414,1
2025-07-05 17:00:00,26.3519,7.1402,11.9929,30.4238,35.4452,39.8500,50.0807,200.2316,331.1521,1012.7270,809.4787,4.0427,0.2137,157.2546,1
2025-07-05 17:05:00,26.3597,6.9863,11.9922,30.3667,35.3277,39.9704,49.9980,199.0106,335.0433,1011.2723,837.5542,4.2086,0.2142,157.1677,1
2025-07-05 17:10:00,26.4323,6.9055,11.9834,30.3914,35.2238,40.2121,49.9688,199.6135,334.8708,1007.7472,854.7661,4.2821,0.2146,157.0808,1
2025-07-05 17:15:00,26.1839,6.9709,12.0612,30.2947,35.2197,40.0481,49.8980,200.8408,331.8940,1008.3489,853.3456,4.2489,0.2150,156.9939,1
2025-07-05 17:20:00,26.2189,6.8616,11.9514,30.3235,35.2331,40.0263,49.8209,198.6148,332.8367,1007.9738,852.7966,4.2937,0.2155,156.9070,1
2025-07-05 17:25:00,26.2342,7.0120,12.0072,30.1610,35.1542,39.8779,50.2104,193.7786,331.3533,1002.2636,833.8301,4.3030,0.2159,156.8202,1
2025-07-05 17:30:00,26.2314,7.0405,11.8223,30.1680,35.0211,39.8033,50.2351,189.9422,332.3526,999.4002,796.7338,4.1946,0.2163,156.7333,1
2025-07-05 17:35:00,26.2008,6.9544,11.8000,30.2390,34.8537,39.8526,49.8442,187.0434,331.2185,992.5860,808.3621,4.3218,0.2168,156.6464,1
2025-07-05 17:40:00,26.0781,6.9765,11.8124,29.9934,34.9358,39.7985,49.8344,190.5505,331.8593,993.4612,805.6568,4.2280,0.2172,156.5595,1
2025-07-05 17:45:00,25.9995,7.0462,11.7304,29.9848,34.7188,40.0090,49.9478,186.2896,333.2073,986.0131,784.4963,4.2112,0.2176,156.4726,1
2025-07-05 17:50:00,25.7876,6.9125,11.8139,29.9110,34.7429,40.0461,50.0511,189.0547,329.5973,987.6073,821.6426,4.3461,0.2181,156.3858,1
2025-07-05 17:55:00,25.8731,6.9339,11.7854,29.7774,34.5867,39.8842,49.9727,187.4022,334.2613,986.0134,809.9736,4.3221,0.2185,156.2989,1
2025-07-05 18:00:00,25.7453,6.9886,11.7465,29.6611,34.4486,40.0178,50.0749,182.2184,335.6848,979.9452,797.0126,4.3739,0.2189,156.2120,1
2025-07-05 18:05:00,25.8410,6.9624,11.8122,29.7760,34.6295,40.1763,49.9926,188.9705,332.8744,990.0713,815.6299,4.3162,0.2194,156.1251,1
2025-07-05 18:10:00,25.7346,6.9853,11.8295,29.9046,34.4916,40.2349,49.9828,185.5670,328.0262,988.8270,815.8706,4.3966,0.2198,156.0382,1
2025-07-05 18:15:00,25.6507,6.9368,11.6921,29.6073,34.3060,40.0924,50.3620,181.5385,333.4221,974.7831,798.0635,4.3961,0.2202,155.9513,1
2025-07-05 18:20:00,25.6884,7.0107,11.7112,29.6369,34.3436,39.9790,49.9212,181.5906,330.9440,978.6573,786.6386,4.3319,0.2207,155.8645,1
2025-07-05 18:25:00,25.6608,6.9925,11.7596,29.5531,34.2284,40.0886,50.2460,184.0720,332.3251,979.4215,799.9599,4.3459,0.2211,155.7776,1
2025-07-05 18:30:00,25.5225,7.0275,11.7931,29.6625,34.2690,40.1622,50.2170,179.9637,336.7341,974.9555,801.1966,4.4520,0.2215,155.6907,1
2025-07-05 18:35:00,25.5319,7.0100,11.7449,29.5183,34.1577,39.7591,50.0756,179.9889,329.0357,971.0922,788.0345,4.3782,0.2220,155.6038,1
2025-07-05 18:40:00,25.4346,7.0103,11.6252,29.4576,34.0161,40.1778,49.7111,174.5392,333.1044,969.9590,776.1512,4.4469,0.2224,155.5169,1
2025-07-05 18:45:00,25.3933,6.9277,11.5842,29.4387,33.9494,39.9346,50.0047,174.2425,336.1908,965.9400,778.4113,4.4674,0.2228,155.4301,1
2025-07-05 18:50:00,25.3778,7.0246,11.6011,29.3679,33.9677,39.9358,49.9228,175.2017,333.1082,964.6182,765.0627,4.3668,0.2233,155.3432,1
2025-07-05 18:55:00,25.4052,6.9835,11.6005,29.2949,33.8701,39.9574,50.0030,176.0574,332.9062,967.3510,772.2517,4.3864,0.2237,155.2563,1
2025-07-05 19:00:00,25.1656,6.9917,11.6668,29.1312,33.6777,40.0384,49.8406,170.0113,339.0323,958.6454,783.5566,4.6089,0.2242,155.1694,1
2025-07-05 19:05:00,25.2409,7.0524,11.5743,29.2525,33.6027,39.8666,50.1134,168.7546,336.1551,954.3460,754.6204,4.4717,0.2246,155.0825,1
2025-07-05 19:10:00,25.1684,6.9640,11.4519,29.1012,33.4481,39.9658,50.1477,164.2830,337.6911,947.2351,750.8032,4.5702,0.2250,154.9957,1
2025-07-05 19:15:00,25.0701,7.0676,11.3555,29.0749,33.3980,40.0630,50.1755,162.8682,337.7065,943.9519,719.1058,4.4153,0.2255,154.9088,1
2025-07-05 19:20:00,25.1734,7.0722,11.3588,29.0536,33.4250,40.0262,49.9427,161.8058,336.9091,948.0147,718.2136,4.4387,0.2259,154.8219,1
2025-07-05 19:25:00,25.1680,7.0376,11.3765,29.0643,33.4624,40.0457,49.8411,162.6369,338.9470,947.5055,727.3255,4.4721,0.2263,154.7350,1
2025-07-05 19:30:00,25.0389,6.9510,11.4055,28.9899,33.3398,39.9611,50.0528,160.5407,340.5375,942.0181,745.1496,4.6415,0.2268,154.6481,1
2025-07-05 19:35:00,25.0898,6.8907,11.3219,29.0480,33.3241,40.0832,50.2634,159.1713,333.7327,946.3082,743.5011,4.6711,0.2272,154.5613,1
2025-07-05 19:40:00,25.1073,7.0539,11.4408,29.0052,33.3498,40.1268,50.0104,159.1327,337.0254,940.1135,736.8574,4.6305,0.2276,154.4744,1
2025-07-05 19:45:00,24.8774,7.0056,11.3940,28.8914,33.2014,40.1196,50.0678,155.7434,337.0514,938.8874,737.0010,4.7321,0.2281,154.3875,1
2025-07-05 19:50:00,24.8273,6.9627,11.4391,28.8131,33.0490,40.0513,49.9648,160.1614,335.9401,936.8514,750.4810,4.6858,0.2285,154.3006,1
2025-07-05 19:55:00,24.8366,7.0587,11.3990,28.9232,33.1493,40.1127,49.9245,159.7273,338.8268,940.0043,728.7877,4.5627,0.2289,154.2137,1
2025-07-05 20:00:00,24.8170,6.9569,11.3297,28.7679,33.0307,40.1045,50.0987,157.4367,337.4962,935.4270,734.0855,4.6627,0.2294,154.1268,1
2025-07-05 20:05:00,24.6830,6.9788,11.3480,28.7060,32.9045,40.3212,49.9841,155.4939,341.0971,930.6211,737.4487,4.7426,0.2298,154.0400,1
2025-07-05 20:10:00,24.5895,7.0262,11.2408,28.6492,32.7760,40.1462,50.0605,149.2292,339.9297,924.7780,708.2575,4.7461,0.2302,153.9531,1
2025-07-05 20:15:00,24.5587,6.9443,11.3773,28.5419,32.7238,39.9894,50.0761,152.5406,340.1552,925.2108,742.0626,4.8647,0.2307,153.8662,1
2025-07-05 20:20:00,24.5095,6.9945,11.2447,28.4792,32.5826,39.8906,50.0521,150.4922,335.6029,917.7453,709.7072,4.7159,0.2311,153.7793,1
2025-07-05 20:25:00,24.5506,7.0545,11.2565,28.4502,32.5605,39.9687,50.0837,151.9600,336.2369,916.8765,703.0331,4.6264,0.2315,153.6924,1
2025-07-05 20:30:00,24.2811,7.0106,11.2410,28.3626,32.4439,39.9602,49.8720,150.7082,336.4716,917.7454,707.6480,4.6955,0.2320,153.6056,1
2025-07-05 20:35:00,24.2695,7.0624,11.3127,28.3921,32.2453,40.0614,49.8629,148.9992,340.6378,912.9586,712.7710,4.7837,0.2324,153.5187,1
2025-07-05 20:40:00,24.1936,7.0567,11.1053,28.2935,32.3173,39.9160,49.9936,148.7253,336.4509,910.4452,676.4772,4.5485,0.2328,153.4318,1
2025-07-05 20:45:00,24.1753,7.0004,11.2741,28.0703,32.1512,40.1431,49.9972,147.4665,336.4670,908.4075,718.1560,4.8700,0.2333,153.3449,1
2025-07-05 20:50:00,24.0200,6.8832,11.0959,28.0854,32.0717,39.8333,49.9217,142.2804,336.7232,903.4358,702.4408,4.9370,0.2337,153.2580,1
2025-07-05 20:55:00,23.8547,6.9447,11.0808,27.8488,31.9211,39.8041,50.0362,146.1128,344.1007,900.9972,689.1511,4.7166,0.2341,153.1712,1
2025-07-05 21:00:00,23.7149,7.0382,11.0882,27.7667,31.7067,39.9838,50.1362,141.0161,338.5144,899.5200,677.8697,4.8070,0.2346,153.0843,1
2025-07-05 21:05:00,23.6585,6.9225,10.9755,27.5935,31.6225,39.8989,50.1781,137.2180,340.4078,891.9870,676.9191,4.9332,0.2350,152.9974,1
2025-07-05 21:10:00,23.5866,6.9837,11.0350,27.5151,31.4314,39.8490,50.2118,135.3809,337.5187,889.8618,675.7878,4.9918,0.2354,152.9105,1
2025-07-05 21:15:00,23.5033,7.0169,10.9161,27.4963,31.3014,39.9236,49.8028,133.1297,341.9968,880.8255,651.6230,4.8946,0.2359,152.8236,1
2025-07-05 21:20:00,23.4666,7.0735,10.8740,27.5168,31.1708,39.9086,49.8256,129.0371,337.3626,878.1148,634.9115,4.9204,0.2363,152.7368,1
2025-07-05 21:25:00,23.3911,6.9712,10.9271,27.4827,31.2571,40.0012,49.9566,130.3766,338.9130,875.8402,662.3868,5.0806,0.2368,152.6499,1
2025-07-05 21:30:00,23.4511,6.9678,10.7332,27.4574,30.9896,39.9255,50.0120,124.9462,340.2517,869.5229,629.2938,5.0365,0.2372,152.5630,1
2025-07-05 21:35:00,23.2896,6.9974,10.7570,27.3109,30.8879,39.9353,49.9642,124.6081,342.1222,872.0621,628.4994,5.0438,0.2376,152.4761,1
2025-07-05 21:40:00,23.2839,7.0175,10.6765,27.2344,30.7455,39.9994,49.9171,123.1888,340.3329,863.2554,612.6437,4.9732,0.2381,152.3892,1
2025-07-05 21:45:00,23.2460,6.9923,10.7792,27.2562,30.9576,40.1217,49.9543,123.4697,344.5034,864.5022,636.0019,5.1511,0.2385,152.3023,1
2025-07-05 21:50:00,23.2888,7.0525,10.8167,27.4096,30.8708,40.1765,50.0725,120.0057,343.3631,864.6092,633.0640,5.2753,0.2389,152.2155,1
2025-07-05 21:55:00,23.3616,6.9600,10.6556,27.4146,30.7996,40.0177,49.8006,118.1669,341.5593,858.5789,619.0614,5.2389,0.2394,152.1286,1
2025-07-05 22:00:00,23.3038,7.0060,10.6226,27.2358,30.6895,40.0271,50.3515,117.9873,344.7780,858.5139,605.9645,5.1358,0.2398,152.0417,1
2025-07-05 22:05:00,23.1773,7.0223,10.6000,27.1634,30.6422,39.9780,50.0031,118.1014,342.0390,856.7614,598.7210,5.0695,0.2402,151.9548,1
2025-07-05 22:10:00,23.1102,6.9800,10.6252,27.1998,30.5233,40.0577,50.1576,119.4105,341.6711,857.2301,611.2322,5.1187,0.2407,151.8679,1
2025-07-05 22:15:00,23.0185,7.0420,10.6596,27.0610,30.4401,40.0468,49.9130,118.7592,344.4331,852.8698,606.4423,5.1065,0.2411,151.7811,1
2025-07-05 22:20:00,23.1531,7.0074,10.5920,27.0690,30.5384,40.1591,50.0862,115.8875,338.0638,857.6298,602.5815,5.1997,0.2415,151.6942,1
2025-07-05 22:25:00,22.9943,7.0394,10.6351,27.0700,30.3859,39.7734,50.0150,116.1708,344.4743,850.8644,598.6513,5.1532,0.2420,151.6073,1
2025-07-05 22:30:00,22.8837,7.0097,10.4978,26.9151,30.3433,39.9719,50.1285,115.6035,342.0947,848.3443,583.6382,5.0486,0.2424,151.5204,1
2025-07-05 22:35:00,22.8499,7.0188,10.4411,26.7804,30.2220,40.0407,49.9702,112.7727,342.5539,842.9564,573.6105,5.0864,0.2428,151.4335,1
2025-07-05 22:40:00,22.7267,6.9684,10.5160,26.8384,30.1424,39.9968,50.2327,112.1779,347.8296,845.6617,593.9745,5.2949,0.2433,151.3467,1
2025-07-05 22:45:00,22.9079,6.9685,10.4024,26.8422,30.2044,39.8873,49.7762,108.6660,343.1519,843.6978,573.3520,5.2763,0.2437,151.2598,1
2025-07-05 22:50:00,22.8281,7.0612,10.5324,26.8890,30.1249,39.8441,50.1424,111.7565,345.8378,845.8786,578.9560,5.1805,0.2441,151.1729,1
2025-07-05 22:55:00,22.8745,7.0318,10.4257,26.8690,30.1706,40.0968,50.0178,109.2130,345.0546,840.4555,569.6538,5.2160,0.2446,151.0860,1
2025-07-05 23:00:00,22.8025,6.9489,10.3035,26.7448,29.9808,39.9092,49.8473,107.4085,345.5205,837.5094,560.4302,5.2177,0.2450,150.9991,1
2025-07-05 23:05:00,22.6516,7.0090,10.3566,26.6961,29.7251,39.7894,50.2928,104.6665,344.6126,834.5005,557.5684,5.3271,0.2454,150.9123,1
2025-07-05 23:10:00,22.5844,6.8813,10.1719,26.6529,29.7234,40.1028,50.2773,101.1357,345.2893,830.9445,552.3845,5.4618,0.2459,150.8254,1
2025-07-05 23:15:00,22.7534,6.9713,10.2316,26.8259,29.8798,40.0551,49.6889,99.0702,349.4375,830.9234,546.6622,5.5179,0.2463,150.7385,1
2025-07-05 23:20:00,22.5740,7.0481,10.1135,26.5965,29.6114,39.9861,50.0265,95.3861,348.8281,823.4292,513.0942,5.3791,0.2467,150.6516,1
2025-07-05 23:25:00,22.6783,6.9937,10.2246,26.6634,29.5968,39.8903,50.1058,98.2494,345.9171,824.3395,539.4911,5.4910,0.2472,150.5647,1
2025-07-05 23:30:00,22.6676,7.0059,10.1700,26.6223,29.5965,39.9864,50.0663,97.0902,344.9538,822.5064,529.6112,5.4548,0.2476,150.4778,1
2025-07-05 23:35:00,22.6001,6.8492,9.9588,26.5292,29.4238,40.1459,50.2273,91.6952,346.7395,816.3550,522.5798,5.6991,0.2480,150.3910,1
2025-07-05 23:40:00,22.3730,6.9804,9.8468,26.3102,29.1339,39.8062,50.1961,89.4081,350.4012,812.7088,477.6210,5.3420,0.2485,150.3041,1
2025-07-05 23:45:00,22.2114,7.0169,9.9040,26.1940,29.0714,39.8123,50.0398,88.5885,350.8453,803.4315,481.1523,5.4313,0.2489,150.2172,1
2025-07-05 23:50:00,22.0667,7.0233,9.8073,26.1024,28.7579,39.9247,50.3416,87.6429,350.2057,798.0543,465.2841,5.3089,0.2493,150.1303,1
2025-07-05 23:55:00,22.0314,7.0481,9.9122,26.1195,28.7613,39.9968,50.1405,84.4152,346.2555,795.2729,479.5279,5.6806,0.2498,150.0434,1
2025-07-06 00:00:00,22.0829,6.9895,9.8278,26.0588,28.7605,39.9404,49.9473,84.6571,350.9355,797.3956,474.5390,5.6054,0.2502,149.9566,1
2025-07-06 00:05:00,22.0587,6.9917,9.9023,26.0574,28.7329,40.0771,49.9171,84.8944,351.8087,794.0492,488.2861,5.7517,0.2507,149.8697,1
2025-07-06 00:10:00,22.0599,6.9334,9.8316,26.0859,28.7053,40.1307,50.1865,83.9800,349.6293,796.9048,486.8677,5.7974,0.2511,149.7828,1
2025-07-06 00:15:00,21.9530,6.9898,9.8511,25.9663,28.7502,40.0335,49.8811,86.1730,353.1239,798.6495,479.5070,5.5645,0.2515,149.6959,1
2025-07-06 00:20:00,21.8943,6.9369,9.8292,25.9926,28.6094,40.0673,49.9385,84.1918,346.7652,793.0200,485.0964,5.7618,0.2520,149.6090,1
2025-07-06 00:25:00,21.9491,6.9076,9.8383,25.9714,28.5514,40.0327,49.9641,80.9719,351.1736,791.9325,491.1181,6.0653,0.2524,149.5222,1
2025-07-06 00:30:00,21.8765,6.9457,9.7865,25.8950,28.3546,40.0011,50.0533,81.5649,347.8639,793.3095,475.6651,5.8317,0.2528,149.4353,1
2025-07-06 00:35:00,21.6671,7.0754,9.6797,25.7352,28.3147,39.8448,49.9710,80.2571,352.3398,785.4535,434.3633,5.4122,0.2533,149.3484,1
2025-07-06 00:40:00,21.7138,6.9865,9.8534,25.6559,28.2979,39.8766,49.8025,78.5865,351.1182,781.2190,478.5648,6.0897,0.2537,149.2615,1
2025-07-06 00:45:00,21.6622,7.0110,9.7093,25.6942,28.2424,39.8379,50.1743,78.1260,353.8970,781.0534,449.9730,5.7596,0.2541,149.1746,1
2025-07-06 00:50:00,21.5662,6.9743,9.6690,25.5844,28.1075,39.9822,49.9393,77.9279,351.5607,779.1819,451.0018,5.7874,0.2546,149.0877,1
2025-07-06 00:55:00,21.5677,6.9105,9.5933,25.4688,28.0408,40.0279,50.3030,76.8974,349.3960,778.3635,449.5304,5.8458,0.2550,149.0009,1
2025-07-06 01:00:00,21.5051,7.0468,9.7405,25.5314,27.9741,39.8261,50.0456,76.0713,349.4382,778.3728,449.0690,5.9033,0.2554,148.9140,1
2025-07-06 01:05:00,21.4724,6.8914,9.7612,25.4616,28.0046,40.0087,50.1901,79.0907,349.5260,778.8968,480.6329,6.0770,0.2559,148.8271,1
2025-07-06 01:10:00,21.5284,6.9723,9.6969,25.3883,27.9320,39.8950,50.0946,77.6689,349.5388,779.1399,455.0209,5.8585,0.2563,148.7402,1
2025-07-06 01:15:00,21.4790,6.9973,9.6439,25.6083,28.1199,39.8717,50.1973,77.0307,353.4862,775.3652,441.7354,5.7345,0.2567,148.6533,1
2025-07-06 01:20:00,21.2991,7.0115,9.6313,25.3532,27.8844,39.9250,50.0856,77.4302,353.3764,773.1831,437.8357,5.6546,0.2572,148.5665,1
2025-07-06 01:25:00,21.4000,6.9637,9.6545,25.3814,27.8918,39.8655,50.0353,76.6448,347.7249,776.6467,449.0331,5.8586,0.2576,148.4796,1
2025-07-06 01:30:00,21.5033,6.9081,9.7651,25.4745,28.1897,40.0728,50.1640,78.8018,350.2211,781.7340,479.2526,6.0817,0.2580,148.3927,1
2025-07-06 01:35:00,21.4226,6.9599,9.7185,25.6148,28.0376,39.9798,50.3729,76.0561,350.7300,779.5881,461.6608,6.0700,0.2585,148.3058,1
2025-07-06 01:40:00,21.5136,6.9626,9.6363,25.6152,28.0068,40.0978,49.9595,75.6190,349.3645,772.4883,448.7806,5.9348,0.2589,148.2189,1
2025-07-06 01:45:00,21.4297,6.9613,9.6329,25.5074,27.9223,39.9468,50.1192,74.4114,352.3231,773.3284,446.7240,6.0034,0.2593,148.1321,1
2025-07-06 01:50:00,21.5234,7.0485,9.5501,25.5502,27.7766,39.9513,49.9992,73.4971,354.6296,772.2061,418.3593,5.6922,0.2598,148.0452,1
2025-07-06 01:55:00,21.4925,6.9393,9.5681,25.5357,27.8913,40.2248,50.0759,74.2975,353.1649,775.7241,442.6285,5.9575,0.2602,147.9583,1
2025-07-06 02:00:00,21.4015,7.0150,9.5403,25.4594,27.7703,39.8052,50.0063,72.3580,354.5994,771.8308,420.7702,5.8151,0.2606,147.8714,1
2025-07-06 02:05:00,21.4901,7.0079,9.4311,25.4771,27.8087,40.1541,49.6763,72.1398,350.7300,770.2534,407.2938,5.6459,0.2611,147.7845,1
2025-07-06 02:10:00,21.5375,7.0480,9.5708,25.5283,27.9159,40.1985,49.9700,73.0644,351.7384,773.9186,424.5116,5.8101,0.2615,147.6977,1
2025-07-06 02:15:00,21.2773,6.9933,9.4493,25.3525,27.6739,40.0919,50.1499,72.7203,350.4070,770.4013,412.1742,5.6679,0.2619,147.6108,1
2025-07-06 02:20:00,21.3587,7.0396,9.3971,25.3463,27.6656,39.9603,49.8852,68.2639,353.0679,768.3057,394.3501,5.7768,0.2624,147.5239,1
2025-07-06 02:25:00,21.2099,6.9914,9.3374,25.3577,27.6523,40.1712,50.1381,68.4136,353.3322,764.7564,394.5023,5.7664,0.2628,147.4370,1
2025-07-06 02:30:00,21.3271,7.0217,9.5157,25.4546,27.7579,39.9614,50.0275,71.0179,353.8748,773.5416,417.1822,5.8743,0.2632,147.3501,1
2025-07-06 02:35:00,21.3121,6.9249,9.6116,25.3389,27.7184,39.9153,49.9713,72.4222,354.5263,767.5769,448.9138,6.1986,0.2637,147.2632,1
2025-07-06 02:40:00,21.3534,6.8681,9.5247,25.3341,27.7238,39.9534,50.1359,70.6045,353.2818,766.4952,444.3074,6.2929,0.2641,147.1764,1
2025-07-06 02:45:00,21.3159,7.0189,9.6434,25.3870,27.8992,39.9316,50.1022,74.0334,349.5112,772.6176,438.7032,5.9258,0.2646,147.0895,1
2025-07-06 02:50:00,21.3966,7.0216,9.7652,25.3898,27.9110,39.8864,50.0631,73.9082,348.2245,774.8488,458.0965,6.1982,0.2650,147.0026,1
2025-07-06 02:55:00,21.3956,7.0238,9.6145,25.3910,27.8605,40.1332,50.1524,74.6779,352.4128,769.2319,435.2339,5.8282,0.2654,146.9157,1
2025-07-06 03:00:00,21.3053,6.9738,9.5467,25.3542,27.6195,39.9072,50.0305,74.5378,354.4516,768.8276,429.8122,5.7664,0.2659,146.8288,1
2025-07-06 03:05:00,21.2521,7.0745,9.4598,25.2082,27.4864,39.9964,49.7533,70.9066,352.1831,765.3904,399.3554,5.6321,0.2663,146.7420,1
2025-07-06 03:10:00,21.2552,6.9770,9.5266,25.2360,27.5731,39.8267,49.9433,71.9940,348.8821,766.2241,425.0595,5.9041,0.2667,146.6551,1
2025-07-06 03:15:00,21.3511,7.0210,9.5131,25.3200,27.7255,40.0037,49.7293,72.9701,355.9553,768.2380,417.3033,5.7188,0.2672,146.5682,1
2025-07-06 03:20:00,21.2699,7.0297,9.4669,25.4108,27.6517,39.8613,50.0986,71.1732,353.1809,767.7240,406.6643,5.7137,0.2676,146.4813,1
2025-07-06 03:25:00,21.2717,7.0859,9.5707,25.3454,27.6777,39.8583,50.1344,71.8421,352.3224,768.0439,414.5716,5.7706,0.2680,146.3944,1
2025-07-06 03:30:00,21.1890,6.9841,9.5858,25.1973,27.5496,39.9869,50.1413,72.0682,349.5349,767.6925,435.4816,6.0426,0.2685,146.3076,1
2025-07-06 03:35:00,21.1541,6.9673,9.5297,25.1152,27.5711,40.1268,50.0734,73.2101,351.2569,767.5099,430.4099,5.8791,0.2689,146.2207,1
2025-07-06 03:40:00,21.1839,6.9251,9.6746,25.1628,27.7529,40.0528,50.1452,77.1710,351.7381,775.1354,460.9860,5.9736,0.2693,146.1338,1
2025-07-06 03:45:00,21.2576,7.0776,9.7446,25.2149,27.8473,40.0611,49.7635,79.2477,350.9364,773.6396,447.2334,5.6435,0.2698,146.0469,1
2025-07-06 03:50:00,21.2030,7.0211,9.7988,25.1718,27.7002,39.9844,49.9839,78.8075,348.5618,774.3551,464.9170,5.8994,0.2702,145.9600,1
2025-07-06 03:55:00,21.1450,7.0227,9.8348,25.1999,27.8088,39.9597,49.7878,77.9895,349.7342,779.9290,470.3906,6.0315,0.2706,145.8732,1
2025-07-06 04:00:00,21.2349,7.1558,9.8799,25.2116,27.6764,40.0949,49.9463,77.2243,348.8894,773.2694,457.1916,5.9203,0.2711,145.7863,1
2025-07-06 04:05:00,21.3860,7.0163,9.6992,25.3919,27.8318,39.9324,50.2424,78.4247,353.6345,776.6259,448.4767,5.7186,0.2715,145.6994,1
2025-07-06 04:10:00,21.4202,6.9349,9.7057,25.4584,27.9882,40.1001,50.1640,79.5841,352.0626,778.1300,465.1124,5.8443,0.2719,145.6125,1
2025-07-06 04:15:00,21.5324,6.9902,9.7557,25.5124,28.1041,40.1483,50.0993,78.7813,349.2258,779.7049,464.7797,5.8996,0.2724,145.5256,1
2025-07-06 04:20:00,21.4703,6.9513,9.6405,25.4290,27.9468,39.8990,49.9728,79.7368,348.3675,779.1756,449.1464,5.6329,0.2728,145.4387,1
2025-07-06 04:25:00,21.5196,6.9802,9.6908,25.7178,28.0809,39.9167,49.8510,77.2050,351.0668,783.9619,452.9140,5.8664,0.2732,145.3519,1
2025-07-06 04:30:00,21.7122,6.9799,9.7007,25.6752,28.2470,39.9345,50.0281,79.7038,349.3294,785.9012,454.8276,5.7065,0.2737,145.2650,1
2025-07-06 04:35:00,21.8139,6.9706,9.6333,25.8132,28.4040,39.8240,50.1666,82.4133,349.1216,789.8796,443.8743,5.3860,0.2741,145.1781,1
2025-07-06 04:40:00,21.9504,6.9303,9.7798,25.9901,28.5330,39.9437,50.0615,83.0307,347.6113,792.2304,476.4379,5.7381,0.2745,145.0912,1
2025-07-06 04:45:00,21.9288,7.0796,9.7544,25.9102,28.6303,40.1562,49.7621,82.1733,347.9425,792.1366,449.6171,5.4716,0.2750,145.0043,1
2025-07-06 04:50:00,22.0511,7.0149,9.7848,26.0874,28.6356,39.8745,50.0157,81.6150,350.6418,792.3596,462.3349,5.6648,0.2754,144.9175,1
2025-07-06 04:55:00,22.1135,6.9887,9.7771,26.0827,28.7042,40.1590,49.7130,82.5471,349.3214,799.3434,468.7398,5.6785,0.2758,144.8306,1
2025-07-06 05:00:00,22.1397,7.0379,9.7880,26.0962,28.8100,39.9480,50.1206,86.9818,354.2351,804.2263,459.8792,5.2871,0.2763,144.7437,1
2025-07-06 05:05:00,22.0763,7.0236,9.9426,26.0899,28.8789,40.2537,49.8960,90.1341,349.5630,805.5339,491.8651,5.4570,0.2767,144.6568,1
2025-07-06 05:10:00,22.0801,7.0138,9.8476,25.9798,28.9096,39.9182,49.8165,87.8659,346.0988,806.2666,473.5247,5.3892,0.2772,144.5699,1
2025-07-06 05:15:00,22.0918,7.0342,9.8100,26.2371,28.9404,39.9827,50.1227,86.3974,346.0069,805.5960,464.5645,5.3771,0.2776,144.4831,1
2025-07-06 05:20:00,22.1730,7.0067,9.9053,26.2574,28.8914,39.8908,50.0839,84.8731,349.8495,805.8600,484.0179,5.7028,0.2780,144.3962,1
2025-07-06 05:25:00,22.1108,7.0335,9.9879,26.2532,29.1115,39.9175,50.0349,92.5678,347.2110,814.3158,493.6553,5.3329,0.2785,144.3093,1
2025-07-06 05:30:00,22.2831,7.0377,10.0383,26.1680,29.1102,40.1606,50.3288,91.0991,350.7344,809.9759,504.4412,5.5373,0.2789,144.2224,1
2025-07-06 05:35:00,22.1881,7.0081,9.9530,26.2091,29.1831,40.0569,50.0952,94.3944,348.1458,813.9370,493.7955,5.2312,0.2793,144.1355,1
2025-07-06 05:40:00,22.3482,6.9890,10.0213,26.4110,29.2067,40.1235,49.9033,92.6087,343.7652,815.1740,509.3026,5.4995,0.2798,144.0487,1
2025-07-06 05:45:00,22.2679,7.0765,10.0410,26.4569,29.1388,39.8421,50.0779,91.7045,345.4329,816.6724,494.4079,5.3913,0.2802,143.9618,1
2025-07-06 05:50:00,22.4026,6.9761,10.0688,26.4323,29.2775,40.0786,49.9571,95.0192,346.4827,813.5326,518.8514,5.4605,0.2806,143.8749,1
2025-07-06 05:55:00,22.2999,7.0196,10.0902,26.4119,29.3006,39.8834,50.1900,93.7979,348.4236,820.6873,512.6446,5.4654,0.2811,143.7880,1
2025-07-06 06:00:00,22.3928,7.0207,10.0971,26.4223,29.3760,39.8395,50.0421,93.1168,345.3646,820.2314,513.0400,5.5096,0.2815,143.7011,1
2025-07-06 06:05:00,22.4350,6.9695,10.1936,26.3091,29.3127,40.0287,50.0570,97.0414,347.3504,823.9649,540.2208,5.5669,0.2819,143.6142,1
2025-07-06 06:10:00,22.4927,6.9596,10.0749,26.4567,29.3313,40.0274,49.7836,97.2694,344.5639,820.7169,521.9787,5.3663,0.2824,143.5274,1
2025-07-06 06:15:00,22.5305,6.9823,10.1739,26.4261,29.3027,40.0064,50.0092,95.8270,347.1344,822.1982,534.4816,5.5776,0.2828,143.4405,1
2025-07-06 06:20:00,22.5599,6.9754,10.0167,26.4825,29.3706,40.0861,49.9916,94.7254,348.1771,824.4045,510.3388,5.3876,0.2832,143.3536,1
2025-07-06 06:25:00,22.5630,6.9271,10.0882,26.5495,29.5748,40.1048,49.8464,98.0936,349.7555,830.3320,530.6823,5.4100,0.2837,143.2667,1
2025-07-06 06:30:00,22.6851,6.9674,10.2065,26.6979,29.6022,40.1764,49.9668,97.8995,347.1045,829.0268,544.7367,5.5642,0.2841,143.1798,1
2025-07-06 06:35:00,22.6798,7.0133,10.0748,26.6848,29.7188,39.8572,50.0654,97.7531,345.1346,826.5862,510.7882,5.2253,0.2845,143.0930,1
2025-07-06 06:40:00,22.7526,7.0633,10.2599,26.7296,29.7300,40.1802,49.9993,103.4925,349.0854,831.7169,537.6487,5.1950,0.2850,143.0061,1
2025-07-06 06:45:00,22.7087,7.0277,10.2146,26.7395,29.7651,40.2259,49.7882,100.8082,345.9116,835.3189,536.6277,5.3233,0.2854,142.9192,1
2025-07-06 06:50:00,22.7560,6.8700,10.2948,26.7084,29.8231,39.9561,49.9590,101.4282,347.5647,840.0363,572.8103,5.6474,0.2858,142.8323,1
2025-07-06 06:55:00,22.8521,7.0321,10.2829,26.8104,30.0313,39.7998,49.9298,103.8673,344.4241,838.5005,541.5978,5.2143,0.2863,142.7454,1
2025-07-06 07:00:00,22.9895,6.9721,10.3514,26.9462,30.1384,39.8340,50.0290,108.3885,345.3164,846.9338,563.4797,5.1987,0.2867,142.6586,1
2025-07-06 07:05:00,22.9936,7.0227,10.4400,26.8987,30.2484,39.9446,50.0128,107.9529,342.9911,849.8228,571.4055,5.2931,0.2871,142.5717,1
2025-07-06 07:10:00,22.9849,6.9993,10.3569,26.9887,30.2571,40.2417,49.9383,109.3887,345.4391,854.3701,565.5942,5.1705,0.2876,142.4848,1
2025-07-06 07:15:00,22.9292,6.9904,10.3539,26.9423,30.2739,40.0020,49.9324,111.5076,346.4086,854.6403,563.2274,5.0510,0.2880,142.3979,1
2025-07-06 07:20:00,23.1018,6.9949,10.4141,27.0494,30.2971,39.9259,50.0101,111.2274,343.8021,851.7009,571.4538,5.1377,0.2884,142.3110,1
2025-07-06 07:25:00,23.1800,6.9989,10.3807,27.0886,30.2804,39.9178,50.1444,109.5869,343.7573,853.1933,565.0835,5.1565,0.2889,142.2242,1
2025-07-06 07:30:00,23.1447,7.0672,10.4416,27.0577,30.3447,39.8413,50.0418,113.8293,344.9182,858.7666,562.7670,4.9440,0.2893,142.1373,1
2025-07-06 07:35:00,23.1217,6.9990,10.5954,27.1730,30.6219,40.1049,50.2135,119.7629,341.4288,862.9554,603.7600,5.0413,0.2897,142.0504,1
2025-07-06 07:40:00,23.2052,7.0543,10.6826,27.3367,30.6930,39.9890,50.1700,118.7148,340.0157,868.5766,607.3617,5.1161,0.2902,141.9635,1
2025-07-06 07:45:00,23.3517,7.0470,10.6108,27.2772,30.8224,40.2520,50.2245,121.3824,343.5123,868.8078,600.4840,4.9470,0.2906,141.8766,1
2025-07-06 07:50:00,23.3992,7.0334,10.7242,27.3535,30.8925,40.0754,50.2053,127.1640,341.6536,876.4851,619.1597,4.8690,0.2911,141.7897,1
2025-07-06 07:55:00,23.3418,6.9107,10.7162,27.4077,31.1124,40.0996,50.2344,126.7500,341.1735,883.7121,638.7783,5.0397,0.2915,141.7029,1
2025-07-06 08:00:00,23.5005,7.0558,10.7386,27.5613,31.1012,39.9709,49.8270,126.4275,342.9690,881.2822,616.1909,4.8739,0.2919,141.6160,1
2025-07-06 08:05:00,23.5230,6.9771,10.8495,27.5280,31.1377,39.8691,50.0971,129.5470,342.6297,887.4319,646.2693,4.9887,0.2924,141.5291,1
2025-07-06 08:10:00,23.5127,7.0358,10.8725,27.4479,31.1304,39.8952,50.1827,129.7226,340.8720,887.4903,640.7333,4.9393,0.2928,141.4422,1
2025-07-06 08:15:00,23.5765,6.9514,10.7925,27.5970,31.3327,39.8357,50.2099,128.2947,339.3032,882.4573,640.5229,4.9926,0.2932,141.3553,1
2025-07-06 08:20:00,23.5100,6.9407,10.8319,27.5923,31.2609,40.1092,49.8844,128.3695,340.2961,881.4024,653.3106,5.0893,0.2937,141.2685,1
2025-07-06 08:25:00,23.6505,7.0988,10.8516,27.6149,31.3433,39.9538,50.0986,129.9540,342.4914,890.5540,627.6368,4.8297,0.2941,141.1816,1
2025-07-06 08:30:00,23.7831,6.9522,10.8688,27.6609,31.3466,40.1143,50.0113,131.1608,341.6096,893.4123,657.6738,5.0143,0.2945,141.0947,1
2025-07-06 08:35:00,23.7313,7.0573,10.8297,27.7976,31.3401,40.0163,50.2771,129.1412,340.5031,890.1519,631.9076,4.8932,0.2950,141.0078,1
2025-07-06 08:40:00,23.8774,7.0059,10.8907,27.9105,31.4968,39.9649,49.7919,130.4237,339.7758,895.3066,649.8918,4.9829,0.2954,140.9209,1
2025-07-06 08:45:00,23.8566,6.9790,10.8857,27.8282,31.6468,39.8596,49.8846,133.5171,341.9133,901.2472,651.8409,4.8821,0.2958,140.8341,1
2025-07-06 08:50:00,23.8551,6.9978,10.8930,27.8823,31.7125,40.0362,49.7284,136.9082,339.7048,905.1460,652.8131,4.7683,0.2963,140.7472,1
2025-07-06 08:55:00,23.9459,6.9349,11.0973,27.8833,31.8005,39.9738,50.0217,142.4228,340.8044,908.3078,696.4827,4.8902,0.2967,140.6603,1
2025-07-06 09:00:00,23.9410,6.9993,11.1807,27.8638,31.9138,40.1083,50.3396,145.1987,340.4295,915.7515,702.0260,4.8349,0.2971,140.5734,1
2025-07-06 09:05:00,24.0484,6.9459,11.3271,27.9306,32.1068,39.9142,49.9933,152.4129,337.1810,921.7026,732.0202,4.8029,0.2976,140.4865,1
2025-07-06 09:10:00,24.1341,6.9802,11.2743,28.0254,32.1340,40.0739,50.0152,150.2604,340.0157,921.8571,720.3310,4.7939,0.2980,140.3997,1
2025-07-06 09:15:00,24.1359,7.0463,11.3562,28.1708,32.3814,40.1969,50.0825,153.9470,338.0005,927.9794,725.2005,4.7107,0.2984,140.3128,1
2025-07-06 09:20:00,24.2291,7.0127,11.2976,28.1846,32.3279,40.0327,49.9826,152.8904,338.1967,928.2181,718.0524,4.6965,0.2989,140.2259,1
2025-07-06 09:25:00,24.3377,6.9259,11.3253,28.3386,32.5445,40.0942,50.0549,155.3678,332.9024,933.1099,738.3776,4.7524,0.2993,140.1390,1
2025-07-06 09:30:00,24.3179,7.0426,11.1951,28.4043,32.5619,40.0686,50.0588,155.0327,335.7376,936.9019,696.4942,4.4926,0.2997,140.0521,1
2025-07-06 09:35:00,24.5236,6.9996,11.3052,28.5265,32.6516,40.2278,49.8732,155.9606,335.6408,935.8954,725.0279,4.6488,0.3002,139.9652,1
2025-07-06 09:40:00,24.5856,6.9729,11.3519,28.5886,32.8405,40.0446,49.9859,160.6109,336.1136,946.4983,734.0416,4.5703,0.3006,139.8784,1
2025-07-06 09:45:00,24.6529,7.0373,11.4146,28.6105,33.0488,40.0840,50.1113,163.2967,336.7823,951.3415,734.4714,4.4978,0.3010,139.7915,1
2025-07-06 09:50:00,24.7584,6.9916,11.3867,28.7909,32.9865,39.9956,50.1393,162.5456,337.0254,950.5059,735.8342,4.5269,0.3015,139.7046,1
2025-07-06 09:55:00,24.7507,6.9417,11.3824,28.7495,32.9953,39.9071,50.1948,159.3279,337.4896,950.2994,741.8163,4.6559,0.3019,139.6177,1
2025-07-06 10:00:00,24.8628,7.0924,11.3851,28.8373,33.0525,39.8550,50.0503,163.9127,335.2973,953.4956,716.1610,4.3692,0.3023,139.5308,1
2025-07-06 10:05:00,24.9305,6.9991,11.4839,29.0077,33.1574,40.1520,50.0534,164.9950,337.6699,956.4827,753.7833,4.5685,0.3028,139.4440,1
2025-07-06 10:10:00,25.0284,6.9959,11.3262,28.9641,33.3664,39.8790,50.1125,168.8897,339.7031,963.4541,722.8662,4.2801,0.3032,139.3571,1
2025-07-06 10:15:00,25.1061,6.9797,11.4836,28.9464,33.4100,40.0895,49.9108,166.9120,335.2837,964.4282,755.8078,4.5282,0.3036,139.2702,1
2025-07-06 10:20:00,25.1620,7.0590,11.5145,29.1187,33.5355,40.0499,49.9046,167.9973,334.8212,970.2541,746.9631,4.4463,0.3041,139.1833,1
2025-07-06 10:25:00,25.1540,6.9738,11.5953,29.2141,33.6602,40.1101,49.9813,170.0389,334.3972,970.9652,775.9538,4.5634,0.3045,139.0964,1
2025-07-06 10:30:00,25.2257,6.9228,11.5556,29.2126,33.7373,39.9382,49.8087,169.2730,335.8002,970.4115,774.5270,4.5756,0.3050,139.0096,1
2025-07-06 10:35:00,25.1863,6.9661,11.5937,29.1422,33.6309,39.9051,50.0610,171.3895,334.6547,971.8275,773.0083,4.5102,0.3054,138.9227,1
2025-07-06 10:40:00,25.4108,7.0663,11.5933,29.2553,33.8829,40.0454,50.1574,173.4050,331.6400,977.2354,758.8554,4.3762,0.3058,138.8358,1
2025-07-06 10:45:00,25.5690,7.0416,11.6236,29.4842,34.0727,39.9649,49.8935,178.0357,331.8773,986.9428,766.5441,4.3056,0.3063,138.7489,1
2025-07-06 10:50:00,25.7694,6.9872,11.6537,29.6755,34.2796,39.8523,50.0653,180.9170,336.8010,993.0305,778.4708,4.3029,0.3067,138.6620,1
2025-07-06 10:55:00,25.8226,7.0687,11.6298,29.8297,34.2730,40.2326,49.9056,179.8018,337.3027,993.9891,768.1569,4.2722,0.3071,138.5752,1
2025-07-06 11:00:00,25.8713,7.0374,11.5863,29.8552,34.5198,39.9050,49.8475,179.5948,337.9750,995.8777,759.8641,4.2310,0.3076,138.4883,1
2025-07-06 11:05:00,25.8547,6.9867,11.6538,29.8864,34.4864,39.8808,50.3083,184.4629,334.7946,1006.9724,779.1264,4.2238,0.3080,138.4014,1
2025-07-06 11:10:00,25.9696,6.9917,11.7200,29.9425,34.7744,39.9709,49.8497,189.0388,331.5917,1009.9879,791.1262,4.1850,0.3084,138.3145,1
2025-07-06 11:15:00,25.9786,7.0165,11.8238,29.9867,34.7484,40.1503,49.8081,190.0795,332.5229,1010.1911,807.9726,4.2507,0.3089,138.2276,1
2025-07-06 11:20:00,26.0249,6.9584,11.8264,30.0156,34.7442,39.7400,50.0322,193.5897,330.1891,1012.8549,809.8021,4.1831,0.3093,138.1407,1
2025-07-06 11:25:00,26.0379,7.0002,11.7877,30.0245,34.7882,40.1404,50.0403,190.0558,330.2727,1013.9407,804.4322,4.2326,0.3097,138.0539,1
2025-07-06 11:30:00,26.0923,7.0154,11.9119,30.0552,35.0560,39.8906,50.1001,198.5576,332.7697,1021.0093,817.6300,4.1178,0.3102,137.9670,1
2025-07-06 11:35:00,26.0170,6.9157,11.9015,30.0480,34.9632,40.0317,50.3002,196.3044,333.8473,1016.4547,835.4997,4.2561,0.3106,137.8801,1
2025-07-06 11:40:00,26.0972,6.9905,11.9207,30.0797,34.9486,39.9189,49.8834,194.9892,336.6429,1021.3720,823.8355,4.2250,0.3110,137.7932,1
2025-07-06 11:45:00,26.2899,6.9848,11.8592,30.1809,35.0636,40.2390,49.9132,200.4489,332.2885,1026.1096,821.0413,4.0960,0.3115,137.7063,1
2025-07-06 11:50:00,26.3202,7.0514,11.8284,30.2619,35.1457,40.0150,50.2413,197.5380,329.9222,1025.9544,800.1570,4.0506,0.3119,137.6195,1
2025-07-06 11:55:00,26.2678,6.9078,11.9085,30.3906,35.1041,39.9150,50.1409,196.8679,332.6494,1023.3255,835.5395,4.2442,0.3123,137.5326,1
2025-07-06 12:00:00,26.2536,6.9809,11.7602,30.1915,35.1093,39.9639,50.1200,194.9353,332.5821,1021.6642,799.5192,4.1015,0.3128,137.4457,1
2025-07-06 12:05:00,26.3379,6.9759,11.9191,30.3221,35.2399,40.0108,49.9115,197.9663,331.6641,1027.9841,827.9020,4.1820,0.3132,137.3588,1
2025-07-06 12:10:00,26.3882,7.0480,12.0285,30.3915,35.2234,40.0213,50.1689,201.1306,332.8876,1032.6151,834.3835,4.1485,0.3136,137.2719,1
2025-07-06 12:15:00,26.3453,6.9978,12.0730,30.3065,35.3121,40.0527,50.1205,203.7891,329.4179,1035.3782,850.9065,4.1754,0.3141,137.1851,1
2025-07-06 12:20:00,26.5003,7.0898,12.0755,30.4272,35.3840,39.9998,50.0284,207.6007,331.7375,1043.8862,834.8076,4.0212,0.3145,137.0982,1
2025-07-06 12:25:00,26.4457,7.0331,12.1078,30.4208,35.4958,39.8347,49.9123,208.2871,332.5114,1046.2359,846.1904,4.0626,0.3149,137.0113,1
2025-07-06 12:30:00,26.4184,6.9795,12.1421,30.3735,35.4078,39.9592,50.0160,205.2689,334.3886,1043.3649,863.5377,4.2069,0.3154,136.9244,1
2025-07-06 12:35:00,26.3738,7.0120,11.8852,30.4989,35.5006,40.0728,50.2473,206.7945,332.3891,1038.9099,817.4545,3.9530,0.3158,136.8375,1
2025-07-06 12:40:00,26.3896,6.9823,12.0182,30.5044,35.4868,39.9196,49.8359,206.6641,333.5402,1044.7168,841.5187,4.0719,0.3162,136.7507,1
2025-07-06 12:45:00,26.4699,7.0430,12.0438,30.4789,35.3517,40.0807,49.8800,205.3969,330.8850,1039.2671,839.0247,4.0849,0.3167,136.6638,1
2025-07-06 12:50:00,26.3848,6.9334,11.9758,30.3578,35.3320,40.0038,49.9058,204.1031,331.2337,1039.0730,844.3742,4.1370,0.3171,136.5769,1
2025-07-06 12:55:00,26.1340,6.9588,11.9969,30.3510,35.2389,39.9739,49.9384,200.7628,334.9975,1034.1928,843.0277,4.1991,0.3175,136.4900,1
2025-07-06 13:00:00,26.3543,7.0228,11.9487,30.3229,35.1605,40.1433,49.9976,203.0956,329.4335,1032.7413,827.7436,4.0756,0.3180,136.4031,1
2025-07-06 13:05:00,26.5173,7.0613,11.9629,30.4288,35.3490,39.7914,50.1438,202.5168,331.3252,1038.3458,816.4445,4.0315,0.3184,136.3162,1
2025-07-06 13:10:00,26.3443,6.8899,11.8928,30.4017,35.4166,39.9190,50.0692,199.5271,334.7849,1035.5535,835.9893,4.1899,0.3189,136.2294,1
2025-07-06 13:15:00,26.5290,7.0687,11.9417,30.4999,35.3141,40.1479,50.0091,203.2399,331.6173,1035.3152,818.9508,4.0295,0.3193,136.1425,1
2025-07-06 13:20:00,26.4170,6.9930,11.9243,30.5659,35.4865,40.2196,50.0415,202.6818,331.5974,1040.7610,830.2283,4.0962,0.3197,136.0556,1
2025-07-06 13:25:00,26.6987,6.9058,11.9623,30.6496,35.5808,40.2743,50.0936,202.9290,331.6609,1045.5733,852.4691,4.2008,0.3202,135.9687,1
2025-07-06 13:30:00,26.6585,6.8499,11.9416,30.5954,35.6395,40.0060,49.7477,205.0132,332.1745,1046.7458,852.6796,4.1591,0.3206,135.8818,1
2025-07-06 13:35:00,26.5872,6.9235,12.0603,30.7078,35.6591,40.0549,50.1607,209.3735,333.8550,1050.7081,861.2846,4.1136,0.3210,135.7950,1
2025-07-06 13:40:00,26.7191,6.9990,12.1012,30.6022,35.6886,40.0981,49.8760,211.7253,333.0867,1051.7702,856.4080,4.0449,0.3215,135.7081,1
2025-07-06 13:45:00,26.7749,6.9967,12.1309,30.6882,35.7201,40.1530,49.9335,211.2585,331.2027,1055.0214,862.9557,4.0848,0.3219,135.6212,1
2025-07-06 13:50:00,26.6971,7.0317,12.0573,30.6508,35.8574,40.0376,50.0511,214.6561,333.0643,1055.7546,842.2770,3.9238,0.3223,135.5343,1
2025-07-06 13:55:00,26.7587,6.9725,12.0791,30.7438,35.8486,40.1111,49.9887,215.4714,331.1634,1060.4881,857.4177,3.9793,0.3228,135.4474,1
2025-07-06 14:00:00,26.8016,6.9446,12.1027,30.9162,35.9017,40.0552,50.0730,215.3118,332.6835,1058.5016,864.8644,4.0168,0.3232,135.3606,1
2025-07-06 14:05:00,26.8067,6.9793,12.3551,30.9284,36.2290,40.0627,50.0213,222.2770,328.0573,1071.2224,901.5298,4.0559,0.3236,135.2737,1
2025-07-06 14:10:00,26.9546,7.0017,12.3375,30.9924,36.1783,39.8898,49.9566,227.3550,333.0838,1075.0977,890.9743,3.9189,0.3241,135.1868,1
2025-07-06 14:15:00,26.9111,7.0115,12.1631,30.8558,36.0415,39.9605,50.2293,220.3984,330.7080,1066.5941,861.7256,3.9099,0.3245,135.0999,1
2025-07-06 14:20:00,26.8591,6.9605,12.2219,30.8589,36.0670,39.9373,50.1062,220.3321,324.6930,1070.3715,879.5766,3.9920,0.3249,135.0130,1
2025-07-06 14:25:00,26.7132,7.0451,12.1915,30.9055,36.0252,39.8573,50.0453,218.4873,333.8696,1064.6786,858.6479,3.9300,0.3254,134.9262,1
2025-07-06 14:30:00,26.6624,6.9689,12.1145,30.7016,35.8618,39.8018,50.1039,217.8478,330.3405,1065.8507,857.3010,3.9353,0.3258,134.8393,1
2025-07-06 14:35:00,26.7986,6.9565,12.2277,30.8010,35.9726,39.9492,49.8942,217.2824,329.7270,1065.7066,881.4913,4.0569,0.3262,134.7524,1
2025-07-06 14:40:00,26.8224,6.9729,12.0988,30.9355,36.0297,39.9683,50.3262,214.8406,329.7200,1063.0382,857.6060,3.9918,0.3267,134.6655,1
2025-07-06 14:45:00,26.9436,7.0537,12.0803,30.9412,36.1272,40.0126,49.8369,215.1832,331.9881,1061.4987,841.9073,3.9125,0.3271,134.5786,1
2025-07-06 14:50:00,27.0099,6.9934,12.1380,31.0012,36.0998,40.0667,50.0170,216.4408,328.9191,1069.1570,862.8594,3.9866,0.3275,134.4917,1
2025-07-06 14:55:00,26.8522,6.9653,12.2342,30.9113,36.0889,40.0226,49.9570,218.4263,329.2233,1064.1339,882.7315,4.0413,0.3280,134.4049,1
2025-07-06 15:00:00,26.9139,7.0463,12.1864,30.8453,36.1362,39.9692,49.9513,222.2729,328.8975,1071.8069,859.9948,3.8691,0.3284,134.3180,1
2025-07-06 15:05:00,26.9223,7.1071,12.1432,30.9733,36.1689,39.8902,49.9319,223.1654,329.3836,1072.8683,840.9308,3.7682,0.3288,134.2311,1
2025-07-06 15:10:00,26.8850,7.0105,12.2589,30.8574,36.2084,40.1052,49.8842,222.7797,328.8256,1073.5163,881.1043,3.9550,0.3293,134.1442,1
2025-07-06 15:15:00,26.8213,7.0617,12.0914,30.8642,35.9934,39.9878,50.1783,220.6351,331.9511,1068.1387,841.9207,3.8159,0.3297,134.0573,1
2025-07-06 15:20:00,26.7418,7.0518,12.2112,30.8655,36.0548,39.9479,49.8193,223.4438,330.5284,1068.4356,862.7727,3.8613,0.3301,133.9705,1
2025-07-06 15:25:00,26.8166,6.9697,12.3290,30.7543,36.1336,39.9776,50.1475,225.9701,330.4293,1076.5723,896.8488,3.9689,0.3306,133.8836,1
2025-07-06 15:30:00,26.8864,7.0013,12.2199,30.8445,36.1542,39.9121,50.0973,220.5892,331.4876,1069.6476,871.8802,3.9525,0.3310,133.7967,1
2025-07-06 15:35:00,26.9074,6.9359,12.2159,30.8658,36.0628,39.9363,49.9429,218.5805,330.2958,1067.1195,882.6802,4.0382,0.3315,133.7098,1
2025-07-06 15:40:00,27.0067,6.9898,12.1553,31.0160,36.1220,39.9325,50.0799,218.5526,328.7549,1070.3879,863.4610,3.9508,0.3319,133.6229,1
2025-07-06 15:45:00,26.9671,6.9687,12.1958,30.9366,35.9848,39.9655,49.9763,213.6906,334.7948,1065.4328,874.4788,4.0923,0.3323,133.5361,1
2025-07-06 15:50:00,26.8628,6.9799,12.0445,30.8717,36.0466,40.0787,49.8348,214.0905,333.0510,1062.1606,849.6861,3.9688,0.3328,133.4492,1
2025-07-06 15:55:00,26.9727,6.9625,12.1020,30.8855,36.0550,40.0489,49.8364,216.1230,334.3564,1065.1408,861.6057,3.9866,0.3332,133.3623,1
2025-07-06 16:00:00,27.0150,6.9856,12.0288,31.0812,36.0739,40.1856,50.0983,213.1756,333.4489,1064.3350,848.3517,3.9796,0.3336,133.2754,1
2025-07-06 16:05:00,26.9388,7.0266,11.9626,30.9471,35.8524,40.1454,50.0905,203.1677,331.5414,1057.6299,829.4931,4.0828,0.3341,133.1885,1
2025-07-06 16:10:00,26.8903,6.9940,11.8953,30.8994,35.7665,40.2348,50.0363,201.5952,327.8975,1052.8782,825.4793,4.0947,0.3345,133.1017,1
2025-07-06 16:15:00,26.8250,6.9068,12.0327,30.8073,35.6985,40.0671,49.9413,205.1766,329.7490,1053.9676,859.7291,4.1902,0.3349,133.0148,1
2025-07-06 16:20:00,26.7579,6.9627,11.9066,30.7576,35.6061,40.0652,49.9714,205.1581,333.5887,1053.6784,829.1638,4.0416,0.3354,132.9279,1
2025-07-06 16:25:00,26.7263,6.9240,11.9086,30.7958,35.5815,39.9415,49.9512,198.8878,332.8697,1043.3334,833.3892,4.1902,0.3358,132.8410,1
2025-07-06 16:30:00,26.5240,7.0122,11.9108,30.4559,35.4167,40.0991,49.7380,202.3167,331.8908,1042.5759,822.2553,4.0642,0.3362,132.7541,1
2025-07-06 16:35:00,26.5259,7.0252,11.8388,30.5205,35.3330,39.9213,50.0092,197.9696,328.0645,1038.2578,804.4063,4.0633,0.3367,132.6672,1
2025-07-06 16:40:00,26.5317,7.0128,11.9448,30.4697,35.3678,39.8235,50.0784,201.8363,332.4129,1044.9618,822.1685,4.0734,0.3371,132.5804,1
2025-07-06 16:45:00,26.5684,6.9606,11.8958,30.5633,35.4025,40.1832,50.0101,199.3346,330.5539,1042.3715,830.1370,4.1645,0.3375,132.4935,1
2025-07-06 16:50:00,26.6000,7.0123,11.8578,30.5845,35.4885,39.8501,50.2654,199.3913,331.6101,1039.3402,808.2837,4.0538,0.3380,132.4066,1
2025-07-06 16:55:00,26.6251,6.9765,11.7591,30.6012,35.4818,40.0527,49.8493,194.3875,335.3227,1040.0506,801.8539,4.1250,0.3384,132.3197,1
2025-07-06 17:00:00,26.4743,6.9431,11.7106,30.5584,35.2421,39.8944,49.9008,191.0505,331.7540,1037.0910,796.1699,4.1673,0.3388,132.2328,1
2025-07-06 17:05:00,26.5598,7.0371,11.7141,30.4122,35.2746,40.1352,50.0200,191.6791,332.0638,1030.6178,785.7642,4.0994,0.3393,132.1460,1
2025-07-06 17:10:00,26.5512,7.0409,11.6185,30.5238,35.2195,40.1516,50.0366,189.0970,334.5280,1031.4720,769.3744,4.0687,0.3397,132.0591,1
2025-07-06 17:15:00,26.5832,7.0474,11.7127,30.5362,35.1709,40.0635,49.7148,187.9064,336.1585,1028.3459,782.3829,4.1637,0.3401,131.9722,1
2025-07-06 17:20:00,26.4726,6.9696,11.6249,30.4312,35.2443,40.1496,50.0904,189.0380,333.4791,1030.9528,782.4064,4.1389,0.3406,131.8853,1
2025-07-06 17:25:00,26.5640,7.0590,11.6487,30.5449,35.0696,40.0009,50.0372,186.4828,337.4358,1027.2202,768.5282,4.1212,0.3410,131.7984,1
2025-07-06 17:30:00,26.5331,6.9753,11.7113,30.5224,35.2600,40.2681,49.6821,188.4490,331.7894,1037.1800,798.3111,4.2362,0.3414,131.7116,1
2025-07-06 17:35:00,26.5228,7.0327,11.7561,30.5546,35.2696,40.0895,49.9825,190.2717,331.1566,1032.7364,792.6663,4.1660,0.3419,131.6247,1
2025-07-06 17:40:00,26.5016,6.9745,11.7579,30.5216,35.3761,39.8919,49.8787,197.7802,329.9277,1044.6310,798.7692,4.0387,0.3423,131.5378,1
2025-07-06 17:45:00,26.4589,6.9888,11.8451,30.5415,35.4432,40.0084,49.9320,197.6669,329.6768,1045.0079,813.3162,4.1146,0.3427,131.4509,1
2025-07-06 17:50:00,26.5463,6.8789,11.8048,30.5350,35.2383,39.9817,49.7993,193.9040,334.1967,1036.3099,824.4096,4.2516,0.3432,131.3640,1
2025-07-06 17:55:00,26.5269,6.9849,11.7420,30.5820,35.1622,39.9699,50.0624,191.0568,331.9068,1032.4069,795.9379,4.1660,0.3436,131.2772,1
2025-07-06 18:00:00,26.4451,7.0046,11.7806,30.4523,35.1638,39.8011,50.2643,190.8596,331.2506,1029.7177,795.7215,4.1691,0.3440,131.1903,1
2025-07-06 18:05:00,26.3691,6.9795,11.7050,30.4683,35.1913,40.0464,50.0398,192.3361,334.5687,1031.7525,792.1591,4.1186,0.3445,131.1034,1
2025-07-06 18:10:00,26.4099,7.0878,11.6152,30.4052,35.0616,39.8337,49.6761,191.2356,335.6847,1029.5356,754.9129,3.9476,0.3449,131.0165,1
2025-07-06 18:15:00,26.2934,6.9419,11.7902,30.3234,34.8329,39.6970,50.0428,193.7120,335.8819,1027.4712,805.6607,4.1591,0.3454,130.9296,1
2025-07-06 18:20:00,26.2225,6.9718,11.6242,30.3145,34.8672,39.9587,49.9708,186.6104,336.3205,1020.5470,778.1910,4.1701,0.3458,130.8427,1
2025-07-06 18:25:00,26.2976,6.9548,11.5506,30.2653,34.8321,39.9093,49.8348,185.6632,332.8338,1019.3522,767.7897,4.1354,0.3462,130.7559,1
2025-07-06 18:30:00,26.2172,6.9718,11.6521,30.1914,34.8001,39.8966,50.0530,186.9425,335.0501,1016.7525,781.6462,4.1812,0.3467,130.6690,1
2025-07-06 18:35:00,26.2386,7.0516,11.7255,30.1460,34.7795,39.6276,50.1320,186.6086,335.4605,1020.6828,775.3126,4.1548,0.3471,130.5821,1
2025-07-06 18:40:00,26.0651,7.0739,11.5444,29.9616,34.6244,39.8979,49.8997,182.7095,333.9688,1015.4573,746.6297,4.0864,0.3475,130.4952,1
2025-07-06 18:45:00,25.9701,6.9650,11.7017,30.0045,34.5571,39.9792,49.7534,181.0862,335.4297,1008.9563,792.7095,4.3775,0.3480,130.4083,1
2025-07-06 18:50:00,25.8743,6.9638,11.4313,29.8277,34.3047,39.9239,49.6982,173.6666,333.4939,1002.9975,746.6112,4.2991,0.3484,130.3215,1
2025-07-06 18:55:00,25.7343,6.9421,11.4606,29.7454,34.2951,40.0465,49.9001,174.2454,334.8785,994.6048,757.4478,4.3470,0.3488,130.2346,1
2025-07-06 19:00:00,25.7801,7.0653,11.3636,29.8037,34.1925,40.1671,49.9767,171.5606,337.1319,995.0628,722.7155,4.2126,0.3493,130.1477,1
2025-07-06 19:05:00,25.6912,7.0561,11.3564,29.5783,33.9431,40.0620,49.9226,168.5841,339.9693,986.0215,721.1627,4.2778,0.3497,130.0608,1
2025-07-06 19:10:00,25.6480,6.9947,11.3135,29.6177,33.8887,40.1232,49.8975,166.2327,339.5320,984.0463,725.3680,4.3636,0.3501,129.9739,1
2025-07-06 19:15:00,25.6027,6.9302,11.3068,29.6086,33.9693,40.1331,50.0852,167.7910,338.0585,987.4269,735.2605,4.3820,0.3506,129.8871,1
2025-07-06 19:20:00,25.4736,6.9347,11.4321,29.5325,33.7877,39.8777,50.0694,164.6297,337.6256,979.5047,750.7464,4.5602,0.3510,129.8002,1
2025-07-06 19:25:00,25.4805,7.0085,11.2591,29.4240,33.6684,40.0527,50.0299,160.2200,337.3720,977.0599,712.6458,4.4479,0.3514,129.7133,1
2025-07-06 19:30:00,25.3997,7.0275,11.2642,29.3940,33.6060,40.1194,50.1225,164.3986,334.5858,974.6727,711.5235,4.3280,0.3519,129.6264,1
2025-07-06 19:35:00,25.3309,6.8967,11.3188,29.3049,33.5052,39.9477,49.9016,160.0087,335.9604,975.5019,739.4639,4.6214,0.3523,129.5395,1
2025-07-06 19:40:00,25.2039,6.9839,11.3774,29.2176,33.4930,39.9051,49.8358,162.1285,335.8939,969.5359,733.8910,4.5266,0.3527,129.4526,1
2025-07-06 19:45:00,24.9292,7.0809,11.3025,28.9092,33.1781,40.0636,49.9216,158.9251,338.9758,966.5796,707.9856,4.4548,0.3532,129.3658,1
2025-07-06 19:50:00,24.9188,6.9891,11.1334,28.8665,32.9415,39.8222,49.9113,156.5600,340.1423,955.1879,690.8265,4.4125,0.3536,129.2789,1
2025-07-06 19:55:00,24.6666,7.0745,11.1340,28.8781,32.9635,39.8694,49.6923,151.4317,340.2923,951.4786,677.5123,4.4740,0.3540,129.1920,1
2025-07-06 20:00:00,24.6448,7.0325,11.0062,28.6741,32.5161,39.9200,49.9182,147.5744,341.3711,945.4831,664.0348,4.4997,0.3545,129.1051,1
2025-07-06 20:05:00,24.6384,6.9458,11.1347,28.4700,32.5238,40.0541,50.1657,148.3497,339.2366,940.0870,702.3414,4.7344,0.3549,129.0182,1
2025-07-06 20:10:00,24.2982,6.9854,11.0089,28.3464,32.3190,40.0263,50.1201,147.8856,337.1175,939.9025,674.1503,4.5586,0.3553,128.9314,1
2025-07-06 20:15:00,24.2861,6.9936,11.0289,28.2488,32.3486,40.1239,50.0788,144.6837,339.1585,935.0408,677.7745,4.6845,0.3558,128.8445,1
2025-07-06 20:20:00,24.2467,6.9524,11.0597,28.2142,32.2055,39.8894,50.0197,146.1193,337.8831,931.7372,685.8366,4.6937,0.3562,128.7576,1
2025-07-06 20:25:00,24.0731,6.9515,11.0460,28.0263,31.9620,39.8829,50.2173,142.5988,340.9413,928.8486,683.5801,4.7937,0.3566,128.6707,1
2025-07-06 20:30:00,24.0556,7.0753,10.9181,27.9969,31.7992,40.0629,49.8410,139.5829,339.6594,916.4130,644.4364,4.6169,0.3571,128.5838,1
2025-07-06 20:35:00,23.9339,6.9511,10.9861,27.9419,31.6600,39.9042,49.8553,137.3153,340.3504,913.7379,674.0033,4.9084,0.3575,128.4970,1
2025-07-06 20:40:00,23.8444,7.0539,10.9547,27.7975,31.6139,39.9276,50.1686,139.5910,341.8673,914.6144,651.9566,4.6705,0.3579,128.4101,1
2025-07-06 20:45:00,23.8033,6.9782,10.8831,27.7589,31.4690,39.7772,50.0041,133.9688,339.5473,909.4412,650.2048,4.8534,0.3584,128.3232,1
2025-07-06 20:50:00,23.7270,6.9987,10.7794,27.7151,31.3997,40.0349,49.8993,134.0517,343.0390,907.0389,633.5902,4.7265,0.3588,128.2363,1
2025-07-06 20:55:00,23.7879,7.0281,10.9920,27.6816,31.4189,40.1850,50.0828,136.0061,337.8777,907.3905,666.7906,4.9027,0.3593,128.1494,1
2025-07-06 21:00:00,23.6052,6.9701,10.8375,27.5670,31.3631,39.8765,49.9342,133.1300,341.4252,904.7668,645.5583,4.8491,0.3597,128.0626,1
2025-07-06 21:05:00,23.5201,7.0284,10.9376,27.4816,31.1773,40.1226,49.8744,132.9549,340.8493,903.8266,656.5591,4.9382,0.3601,127.9757,1
2025-07-06 21:10:00,23.3374,6.8977,10.8538,27.3806,30.9556,39.9929,49.8702,129.1569,343.4838,894.4023,662.2942,5.1278,0.3606,127.8888,1
2025-07-06 21:15:00,23.2362,7.0220,10.7061,27.2065,30.8184,39.7882,50.0482,125.1588,339.6693,884.1467,613.6013,4.9026,0.3610,127.8019,1
2025-07-06 21:20:00,23.2038,6.8766,10.6752,27.1729,30.6529,39.8926,50.0309,121.3172,339.8211,877.9970,634.3283,5.2287,0.3614,127.7150,1
2025-07-06 21:25:00,23.0622,6.9887,10.4784,27.1223,30.6542,39.8852,50.2275,120.4846,344.3092,883.0219,582.6482,4.8359,0.3619,127.6281,1
2025-07-06 21:30:00,22.9515,7.0427,10.5608,27.0621,30.5120,39.9620,49.9565,119.6501,342.5343,873.4950,588.5040,4.9185,0.3623,127.5413,1
2025-07-06 21:35:00,22.9777,7.0311,10.5210,27.0398,30.3733,40.0503,49.9539,114.6827,343.9912,867.8086,585.0776,5.1017,0.3627,127.4544,1
2025-07-06 21:40:00,23.0406,6.9351,10.5167,27.0387,30.3452,40.2219,50.2159,115.2979,342.8155,870.2026,603.0336,5.2302,0.3632,127.3675,1
2025-07-06 21:45:00,22.9828,6.9415,10.3608,26.8984,30.3895,39.8283,50.1478,112.2015,346.3594,866.2916,570.0736,5.0808,0.3636,127.2806,1
2025-07-06 21:50:00,22.8340,6.9656,10.3223,26.8832,30.1938,39.9418,50.0217,106.8055,345.8282,855.9861,561.2398,5.2548,0.3640,127.1937,1
2025-07-06 21:55:00,22.8040,7.0093,10.2322,26.9082,30.0198,39.8925,49.7658,110.1171,345.5302,857.8872,538.1953,4.8875,0.3645,127.1069,1
2025-07-06 22:00:00,22.8615,6.8984,10.3894,26.8158,29.9485,39.8478,49.8782,109.7599,342.6299,862.7978,582.3111,5.3053,0.3649,127.0200,1
2025-07-06 22:05:00,22.6959,6.9993,10.1574,26.6792,29.7622,40.0115,49.8419,105.7458,346.9355,846.4585,528.9310,5.0019,0.3653,126.9331,1
2025-07-06 22:10:00,22.4997,7.0156,10.3040,26.5024,29.7084,40.0002,50.0055,103.9525,343.9817,845.4569,550.6103,5.2968,0.3658,126.8462,1
2025-07-06 22:15:00,22.5974,6.9858,10.2440,26.6138,29.5686,39.7823,49.9237,101.2265,345.1640,842.9343,542.5799,5.3601,0.3662,126.7593,1
2025-07-06 22:20:00,22.5835,7.0263,10.1576,26.5709,29.6087,40.0022,50.2404,101.5779,343.7797,841.7618,524.3406,5.1620,0.3666,126.6725,1
2025-07-06 22:25:00,22.6224,7.0112,10.2040,26.5226,29.5778,39.8554,49.7643,100.5176,346.2254,843.7649,532.6678,5.2992,0.3671,126.5856,1
2025-07-06 22:30:00,22.5343,6.9729,10.1568,26.4759,29.4847,40.0014,49.8258,99.8535,348.7519,837.7261,533.1295,5.3391,0.3675,126.4987,1
2025-07-06 22:35:00,22.4262,6.9032,10.2183,26.3083,29.4168,40.1523,50.0367,101.5181,346.7591,839.5588,557.1915,5.4886,0.3679,126.4118,1
2025-07-06 22:40:00,22.3903,7.0067,10.2660,26.3485,29.5203,40.0556,50.0782,105.2711,344.4580,846.8148,546.5052,5.1914,0.3684,126.3249,1
2025-07-06 22:45:00,22.3874,6.9523,10.3515,26.3198,29.5488,40.0213,49.6119,105.7749,345.5850,846.2427,569.4518,5.3836,0.3688,126.2381,1
2025-07-06 22:50:00,22.2485,6.9711,10.3042,26.2732,29.5433,39.9365,49.7397,110.6062,345.0326,847.1806,557.2152,5.0378,0.3692,126.1512,1
2025-07-06 22:55:00,22.2960,7.0240,10.1942,26.4099,29.4856,40.0080,49.9605,105.7865,345.7838,841.8678,530.9288,5.0189,0.3697,126.0643,1
2025-07-06 23:00:00,22.2873,7.0709,10.2421,26.3879,29.4437,40.0676,50.2034,103.3910,346.3148,841.2963,531.8833,5.1444,0.3701,125.9774,1
2025-07-06 23:05:00,22.2962,6.9981,10.1574,26.3013,29.3042,40.0557,50.2832,101.4011,344.5407,833.6223,529.7250,5.2241,0.3705,125.8905,1
2025-07-06 23:10:00,22.2753,7.0277,10.1338,26.2407,29.2753,39.9881,49.9378,97.0012,347.2276,835.2718,519.9249,5.3600,0.3710,125.8036,1
2025-07-06 23:15:00,22.3349,6.9278,10.0586,26.3404,29.2087,40.0261,49.9744,99.4278,343.7438,833.1403,524.5692,5.2759,0.3714,125.7168,1
2025-07-06 23:20:00,22.3236,7.0123,10.2626,26.2668,29.2223,39.8420,49.8745,99.3140,347.7684,834.2616,542.0922,5.4584,0.3719,125.6299,1
2025-07-06 23:25:00,22.2499,6.9970,10.1596,26.1384,29.2013,39.9119,50.0950,100.8582,344.5499,830.9048,528.3813,5.2389,0.3723,125.5430,1
2025-07-06 23:30:00,22.0775,7.0615,10.1952,26.0885,29.1652,40.0849,50.2293,101.8506,348.8476,831.7297,525.8194,5.1627,0.3727,125.4561,1
2025-07-06 23:35:00,22.1411,6.9730,10.1518,26.1143,29.0690,40.1010,50.1884,96.5179,341.9445,827.9982,533.6061,5.5286,0.3732,125.3692,1
2025-07-06 23:40:00,22.0338,6.9879,10.1465,26.0886,29.0806,40.0112,49.9956,97.7919,350.5600,828.5401,529.0150,5.4096,0.3736,125.2824,1
2025-07-06 23:45:00,22.0590,7.0529,10.0325,26.0689,29.0109,40.1775,49.8742,92.4826,344.6975,821.0837,501.1127,5.4185,0.3740,125.1955,1
2025-07-06 23:50:00,22.0779,6.9954,10.1014,26.0723,28.9509,40.0610,50.0012,95.0751,344.9515,827.2863,520.8664,5.4785,0.3745,125.1086,1
2025-07-06 23:55:00,21.7913,6.9446,10.1650,25.8855,29.0030,39.9720,50.2071,97.7033,347.5460,827.7168,538.8610,5.5153,0.3749,125.0217,1
2025-07-07 00:00:00,21.9785,7.1276,10.0258,25.8912,28.6930,39.8536,49.9399,95.3729,348.2778,825.5427,483.5008,5.0696,0.3753,124.9348,1
2025-07-07 00:05:00,21.8870,6.9461,9.9949,25.8589,28.8344,40.1726,49.7277,95.6382,346.7444,822.5284,512.6921,5.3607,0.3758,124.8480,1
2025-07-07 00:10:00,21.6993,6.9968,10.0641,25.8567,28.5899,40.0924,49.9460,93.1204,349.2311,820.3721,514.7777,5.5281,0.3762,124.7611,1
2025-07-07 00:15:00,21.7005,7.0173,9.9760,25.5848,28.4742,40.2158,49.9581,90.7158,346.5304,813.7846,498.0661,5.4904,0.3766,124.6742,1
2025-07-07 00:20:00,21.6702,7.0134,10.0207,25.7037,28.4679,40.2600,49.7268,92.3953,347.2758,813.9119,506.8174,5.4853,0.3771,124.5873,1
2025-07-07 00:25:00,21.5398,6.9905,10.0385,25.6746,28.4004,39.8456,50.0348,92.6343,347.0930,812.7100,508.3769,5.4880,0.3775,124.5004,1
2025-07-07 00:30:00,21.5268,6.9908,10.1124,25.5609,28.4267,39.8459,50.0759,93.6957,346.2421,813.8040,520.6665,5.5570,0.3779,124.4136,1
2025-07-07 00:35:00,21.5778,6.9883,9.9259,25.4918,28.3064,39.6564,50.2790,90.8307,344.2362,806.8424,487.6481,5.3688,0.3784,124.3267,1
2025-07-07 00:40:00,21.4864,6.9442,10.0200,25.4423,28.4367,40.1102,49.8001,90.0947,347.7873,813.0166,516.4351,5.7321,0.3788,124.2398,1
2025-07-07 00:45:00,21.4996,7.1075,9.8719,25.5686,28.2606,40.0788,50.1096,87.6347,348.2813,807.6269,463.7839,5.2922,0.3792,124.1529,1
2025-07-07 00:50:00,21.5035,6.9890,9.8419,25.3854,28.2085,40.0117,50.1450,83.6236,351.6319,800.8575,477.8319,5.7141,0.3797,124.0660,1
2025-07-07 00:55:00,21.4397,7.0298,9.7705,25.4318,28.0911,39.8529,50.0779,86.2658,346.5564,799.6878,457.2153,5.3001,0.3801,123.9791,1
2025-07-07 01:00:00,21.4279,6.9833,9.8452,25.4070,28.1698,39.9893,49.8490,84.6259,348.1538,802.8343,479.0677,5.6610,0.3805,123.8923,1
2025-07-07 01:05:00,21.5317,6.9823,9.7879,25.4667,28.0931,40.0222,49.8403,86.1433,351.5606,801.9730,470.0446,5.4565,0.3810,123.8054,1
2025-07-07 01:10:00,21.6347,6.9772,9.8694,25.4366,28.2186,40.0939,50.0146,86.6928,349.5153,803.0209,485.3975,5.5990,0.3814,123.7185,1
2025-07-07 01:15:00,21.5065,6.9225,9.9524,25.5578,28.2074,40.0328,50.0135,86.5877,349.8694,804.1068,507.7373,5.8639,0.3818,123.6316,1
2025-07-07 01:20:00,21.4504,6.9920,9.9071,25.4307,28.2527,40.0797,49.9161,88.2786,349.7764,806.7682,489.0748,5.5401,0.3823,123.5447,1
2025-07-07 01:25:00,21.3658,6.9796,9.7413,25.2965,28.0262,39.9851,50.1937,83.1799,350.3827,795.7789,462.2416,5.5571,0.3827,123.4579,1
2025-07-07 01:30:00,21.4094,7.0586,9.7649,25.4065,27.8745,40.1418,49.9399,83.3542,353.3175,794.9986,454.7453,5.4556,0.3831,123.3710,1
2025-07-07 01:35:00,21.2848,6.9402,9.7799,25.2895,27.9388,40.0758,49.7159,84.7828,349.3903,804.5055,476.3809,5.6188,0.3836,123.2841,1
2025-07-07 01:40:00,21.3400,6.9711,9.8035,25.3706,28.0259,39.8576,49.9664,86.8158,346.9087,803.2709,472.5600,5.4432,0.3840,123.1972,1
2025-07-07 01:45:00,21.2873,6.9551,9.8682,25.4063,28.1086,40.1667,50.0720,84.7466,350.4233,798.9412,489.8136,5.7797,0.3844,123.1103,1
2025-07-07 01:50:00,21.3595,7.0721,9.8653,25.4424,28.1331,40.1471,50.0513,85.6841,348.2201,798.3550,469.4160,5.4785,0.3849,123.0235,1
2025-07-07 01:55:00,21.2971,6.9565,9.8767,25.2132,27.9976,40.0559,50.0501,86.3336,348.9894,795.8455,489.6384,5.6715,0.3853,122.9366,1
2025-07-07 02:00:00,21.3969,7.0281,9.8794,25.4345,28.0579,40.0337,50.2241,86.0141,349.9949,801.0091,477.8137,5.5551,0.3858,122.8497,1
2025-07-07 02:05:00,21.4927,7.0485,9.8277,25.3992,28.1054,40.1990,49.8328,84.4419,347.7857,801.3964,467.6566,5.5382,0.3862,122.7628,1
2025-07-07 02:10:00,21.3479,6.9927,9.8288,25.3047,27.9425,39.8040,49.9364,84.1005,348.2900,801.7929,472.5496,5.6189,0.3866,122.6759,1
2025-07-07 02:15:00,21.1738,6.9312,9.8009,25.2140,27.9304,40.1489,50.2318,87.4699,350.1619,793.2385,482.3029,5.5139,0.3871,122.5891,1
2025-07-07 02:20:00,21.2320,6.9318,9.7914,25.1879,27.9358,39.9429,49.7049,82.3361,348.4543,793.5403,478.1284,5.8070,0.3875,122.5022,1
2025-07-07 02:25:00,21.3038,7.0430,9.7543,25.2447,27.8765,40.1314,49.9919,84.3626,351.4403,795.5891,455.4797,5.3991,0.3879,122.4153,1
2025-07-07 02:30:00,21.2746,6.9370,9.7893,25.1500,27.9040,40.0144,50.1843,84.1737,347.4285,801.6411,477.7713,5.6760,0.3884,122.3284,1
2025-07-07 02:35:00,21.2472,7.0196,9.8268,25.2315,27.9082,39.8508,50.1821,83.5458,347.4982,798.1002,468.2860,5.6051,0.3888,122.2415,1
2025-07-07 02:40:00,21.2151,7.0057,9.7736,25.2450,27.8777,39.9404,50.0990,82.2294,353.6449,794.7921,462.7673,5.6278,0.3892,122.1546,1
2025-07-07 02:45:00,21.1893,7.0189,9.9118,25.1867,27.6600,40.1226,50.1028,80.4562,346.9460,788.1650,485.8840,6.0391,0.3897,122.0678,1
2025-07-07 02:50:00,21.1709,7.0236,9.6435,25.1796,27.8000,39.9748,49.8438,79.9820,350.3497,786.1207,438.4103,5.4814,0.3901,121.9809,1
2025-07-07 02:55:00,21.1546,6.9533,9.7206,25.2076,27.7494,39.9254,50.2060,80.1766,353.9734,789.2965,462.4824,5.7683,0.3905,121.8940,1
2025-07-07 03:00:00,21.2386,6.9512,9.5816,25.1723,27.6321,39.9246,49.8200,79.8981,350.8288,785.1675,439.5961,5.5020,0.3910,121.8071,1
2025-07-07 03:05:00,21.1223,7.0357,9.7082,25.0905,27.7055,40.0771,49.8289,80.9035,352.9576,788.3234,448.3344,5.5416,0.3914,121.7202,1
2025-07-07 03:10:00,21.0941,6.9685,9.7700,25.0775,27.7493,40.2101,50.0582,82.5634,351.0725,791.6595,471.5434,5.7113,0.3918,121.6334,1
2025-07-07 03:15:00,21.0747,6.8625,9.8481,24.9820,27.7374,39.7431,49.9260,83.0386,349.6000,790.0668,496.6939,5.9815,0.3923,121.5465,1
2025-07-07 03:20:00,21.0147,7.0324,9.8232,25.0518,27.7187,40.3361,50.0310,85.6999,349.0222,791.3148,471.2198,5.4985,0.3927,121.4596,1
2025-07-07 03:25:00,20.9258,6.9482,9.8713,24.9586,27.6489,40.0244,50.0646,84.0311,344.7539,796.8867,489.7413,5.8281,0.3931,121.3727,1
2025-07-07 03:30:00,21.0598,7.0234,9.8614,25.0847,27.7791,40.0696,50.2667,85.0036,348.3372,793.2096,476.0274,5.6001,0.3936,121.2858,1
2025-07-07 03:35:00,21.1141,7.0696,9.8001,25.0242,27.6780,39.9476,50.0651,82.9384,349.5456,794.6535,456.5891,5.5052,0.3940,121.1990,1
2025-07-07 03:40:00,21.0141,7.0008,9.8209,24.9846,27.7287,39.9996,49.9072,84.7163,349.6821,793.6883,472.1918,5.5738,0.3944,121.1121,1
2025-07-07 03:45:00,21.0858,7.0498,9.9067,25.1163,27.8420,40.0231,50.1015,87.9091,353.5520,800.7046,478.6380,5.4447,0.3949,121.0252,1
2025-07-07 03:50:00,21.1030,7.0077,9.8886,25.1168,27.8462,39.8741,49.8752,84.7349,349.5207,796.6895,480.8639,5.6749,0.3953,120.9383,1
2025-07-07 03:55:00,21.0861,7.0794,9.8757,25.0941,27.7827,39.9033,50.1370,85.6291,350.5270,797.1751,467.0871,5.4548,0.3957,120.8514,1
2025-07-07 04:00:00,20.9799,6.9469,9.8844,25.0573,27.6988,40.1421,50.0097,84.9596,351.1959,794.5636,493.6037,5.8099,0.3962,120.7646,1
2025-07-07 04:05:00,20.9619,6.9996,9.9254,25.0183,27.8052,39.8137,50.0601,86.8958,349.6006,797.7137,487.6088,5.6114,0.3966,120.6777,1
2025-07-07 04:10:00,21.1526,7.0337,9.8395,25.0641,27.8167,40.0529,49.7329,87.0683,348.4504,801.8532,470.4300,5.4030,0.3970,120.5908,1
2025-07-07 04:15:00,21.0540,6.9905,9.9786,25.0409,27.7807,39.9555,49.6624,89.4208,348.2444,797.3905,499.7720,5.5890,0.3975,120.5039,1
2025-07-07 04:20:00,21.0904,7.0576,9.9489,24.9771,27.9414,39.8847,49.7748,88.2754,347.4403,803.2370,482.7178,5.4683,0.3979,120.4170,1
2025-07-07 04:25:00,21.1212,6.9784,9.9604,25.0966,27.8412,40.2366,50.2619,87.2494,349.5312,801.1426,502.2670,5.7567,0.3983,120.3301,1
2025-07-07 04:30:00,21.2426,7.1035,10.0553,25.2120,28.0565,39.8855,49.8278,90.6451,347.7529,806.2827,492.8385,5.4370,0.3988,120.2433,1
2025-07-07 04:35:00,21.1385,7.1061,10.0132,25.2038,28.0827,39.8644,50.1098,91.5337,349.0697,806.1491,485.1135,5.2998,0.3992,120.1564,1
2025-07-07 04:40:00,21.2525,7.0141,9.9934,25.2692,28.1845,39.9776,49.9037,92.6908,345.6205,813.7739,498.5678,5.3788,0.3997,120.0695,1
2025-07-07 04:45:00,21.3014,7.0276,10.0765,25.3048,28.2531,39.9078,49.9640,94.3764,347.6611,813.1274,509.3332,5.3968,0.4001,119.9826,1
2025-07-07 04:50:00,21.3620,7.0596,10.1102,25.3917,28.2497,40.0008,49.9933,93.7501,350.3446,815.0641,510.8045,5.4486,0.4005,119.8957,1
2025-07-07 04:55:00,21.2747,6.9406,10.0474,25.2429,28.0805,40.0186,50.2466,94.5830,347.0355,810.5279,520.4373,5.5024,0.4010,119.8089,1
2025-07-07 05:00:00,21.2839,6.9344,10.0522,25.3154,28.2255,40.0282,50.0877,93.6135,351.0288,813.5869,522.4060,5.5805,0.4014,119.7220,1
2025-07-07 05:05:00,21.1920,7.0628,10.1362,25.2429,28.2517,39.9851,50.0578,94.3875,347.4422,815.6731,514.4106,5.4500,0.4018,119.6351,1
2025-07-07 05:10:00,21.4266,7.0137,10.1643,25.4423,28.4093,39.9157,50.1945,97.7871,346.7423,818.8411,526.4334,5.3835,0.4023,119.5482,1
2025-07-07 05:15:00,21.4421,6.9887,10.1268,25.4335,28.2577,40.0772,49.9050,96.1236,347.0502,816.3165,526.4633,5.4769,0.4027,119.4613,1
2025-07-07 05:20:00,21.5172,7.0006,10.0778,25.6941,28.6517,39.9866,50.1603,98.3087,346.0593,826.4110,515.0767,5.2394,0.4031,119.3745,1
2025-07-07 05:25:00,21.6859,6.8807,10.1379,25.7614,28.6599,39.9405,50.1352,95.6931,343.0952,822.0922,544.5758,5.6909,0.4036,119.2876,1
2025-07-07 05:30:00,21.7138,6.9905,10.0453,25.7093,28.5724,40.1776,50.1335,97.7501,349.0763,824.2698,513.7643,5.2559,0.4040,119.2007,1
2025-07-07 05:35:00,21.9119,6.9623,10.1007,25.8626,28.7652,39.9854,49.9767,98.2286,351.6493,826.1387,525.2867,5.3476,0.4044,119.1138,1
2025-07-07 05:40:00,21.8317,7.0459,10.1910,25.7743,28.9064,40.1310,49.9344,99.7203,347.4537,834.7560,528.3427,5.2982,0.4049,119.0269,1
2025-07-07 05:45:00,22.0128,7.0498,10.0776,25.9686,29.0213,40.1472,49.8695,100.6109,347.6695,835.1023,508.8482,5.0576,0.4053,118.9401,1
2025-07-07 05:50:00,21.9879,7.0288,10.1642,26.0273,29.1111,40.1545,49.8789,99.6513,346.3201,835.4651,527.0059,5.2885,0.4057,118.8532,1
2025-07-07 05:55:00,22.1768,7.0198,10.1130,26.1684,29.0374,40.0829,49.8624,96.8908,349.6018,835.0375,518.9958,5.3565,0.4062,118.7663,1
2025-07-07 06:00:00,22.3599,6.9251,10.1790,26.3399,29.3439,39.9999,50.0550,100.4075,346.7131,840.6557,544.8339,5.4262,0.4066,118.6794,1
2025-07-07 06:05:00,22.4337,7.0295,10.1014,26.3921,29.4144,39.9923,49.9657,98.6632,347.7520,846.2059,514.2563,5.2122,0.4070,118.5925,1
2025-07-07 06:10:00,22.5504,7.0315,10.0170,26.6167,29.4875,39.9707,50.0647,98.3111,343.9196,844.0553,499.5300,5.0811,0.4075,118.5056,1
2025-07-07 06:15:00,22.5849,7.0623,10.1202,26.7915,29.6120,39.7400,50.0732,98.1952,346.4820,849.4362,508.7009,5.1805,0.4079,118.4188,1
2025-07-07 06:20:00,22.7642,7.1059,10.1353,26.7820,29.7549,40.0863,49.8410,100.3492,347.7939,852.2518,508.3336,5.0656,0.4083,118.3319,1
2025-07-07 06:25:00,22.6714,6.9154,10.1048,26.7642,29.7934,40.0293,49.8365,102.7057,348.4598,853.6803,534.4242,5.2034,0.4088,118.2450,1
2025-07-07 06:30:00,22.7202,6.9806,10.1175,26.7333,29.7716,40.0991,49.9657,102.0500,348.5816,854.7207,526.5476,5.1597,0.4092,118.1581,1
2025-07-07 06:35:00,22.7435,6.9629,10.1028,26.7726,29.6800,39.9860,49.8837,99.4827,344.0946,853.4488,525.5656,5.2830,0.4096,118.0712,1
2025-07-07 06:40:00,22.7852,7.0086,10.2062,26.8180,29.7780,40.0798,49.8679,103.9913,343.6299,856.6019,536.4703,5.1588,0.4101,117.9844,1
2025-07-07 06:45:00,22.8278,7.0007,10.1868,26.9471,29.9199,39.8347,50.2544,105.3526,347.4327,860.9724,531.2793,5.0429,0.4105,117.8975,1
2025-07-07 06:50:00,22.8484,6.9883,10.2900,26.8314,29.9546,39.8597,49.7700,107.7942,344.4623,864.2276,550.8901,5.1106,0.4109,117.8106,1
2025-07-07 06:55:00,22.9821,7.0514,10.1396,26.9354,30.0232,39.7029,50.3035,106.5182,347.9054,862.6475,513.2430,4.8184,0.4114,117.7237,1
2025-07-07 07:00:00,23.1969,6.9449,10.1982,27.1803,30.3342,39.9839,50.0433,107.3416,342.6823,870.7707,544.5039,5.0726,0.4118,117.6368,1
2025-07-07 07:05:00,23.1508,6.9479,10.1737,27.1728,30.2599,39.9073,50.1479,109.2354,345.5271,866.1672,538.8638,4.9330,0.4123,117.5500,1
2025-07-07 07:10:00,23.2465,6.9488,10.3137,27.1560,30.4494,39.8916,50.1302,110.4102,344.9841,874.5074,561.8988,5.0892,0.4127,117.4631,1
2025-07-07 07:15:00,23.3885,6.9820,10.4897,27.3031,30.6477,40.0402,50.0925,117.3488,345.5562,885.8674,587.9264,5.0101,0.4131,117.3762,1
2025-07-07 07:20:00,23.3832,6.9386,10.5072,27.3296,30.6304,39.9489,50.2493,115.2616,342.6147,884.4316,596.7760,5.1776,0.4136,117.2893,1
2025-07-07 07:25:00,23.3230,6.9976,10.4305,27.3283,30.7412,39.8280,49.8376,117.6869,340.6256,883.7318,572.3329,4.8632,0.4140,117.2024,1
2025-07-07 07:30:00,23.5046,6.9917,10.3976,27.5093,30.7074,40.3054,49.9765,115.6291,344.8132,889.4306,574.6337,4.9696,0.4144,117.1156,1
2025-07-07 07:35:00,23.4761,6.9607,10.4535,27.3823,30.7271,39.9956,49.8721,116.7868,345.2365,890.0829,584.7666,5.0071,0.4149,117.0287,1
2025-07-07 07:40:00,23.6054,7.0437,10.4393,27.6274,30.8144,39.8700,49.7456,116.7701,346.5996,890.0602,566.7113,4.8532,0.4153,116.9418,1
2025-07-07 07:45:00,23.5113,6.9970,10.3607,27.5891,30.9745,39.9196,49.9008,117.8360,343.6768,890.5287,562.0876,4.7701,0.4157,116.8549,1
2025-07-07 07:50:00,23.5050,7.0531,10.4252,27.6634,30.9140,39.9792,50.2809,118.3305,345.8228,889.8983,564.3270,4.7691,0.4162,116.7680,1
2025-07-07 07:55:00,23.5635,6.9902,10.6203,27.5932,30.9732,39.9790,49.9740,122.4746,344.4673,901.8285,607.4979,4.9602,0.4166,116.6811,1
2025-07-07 08:00:00,23.6740,6.9988,10.5851,27.6302,31.1062,40.1563,50.2975,125.8836,345.4147,906.4616,602.8346,4.7888,0.4170,116.5943,1
2025-07-07 08:05:00,23.7045,6.9719,10.6886,27.7343,31.3808,39.9905,50.3129,129.3729,341.9356,916.6007,622.1791,4.8092,0.4175,116.5074,1
2025-07-07 08:10:00,23.8607,6.9996,10.7854,27.7870,31.4900,40.2226,50.4493,134.2992,338.1078,920.1390,637.4227,4.7463,0.4179,116.4205,1
2025-07-07 08:15:00,23.9453,7.0356,10.8454,27.7898,31.6675,39.9481,50.2858,135.2579,341.0538,926.7414,637.0901,4.7102,0.4183,116.3336,1
2025-07-07 08:20:00,24.1089,6.9794,10.8057,28.0369,31.7728,40.0512,50.3537,136.2039,341.3201,930.8400,641.4851,4.7097,0.4188,116.2467,1
2025-07-07 08:25:00,24.1627,7.0259,10.8161,28.0896,31.8308,40.1226,50.0488,136.2970,342.3805,931.2266,636.5702,4.6705,0.4192,116.1599,1
2025-07-07 08:30:00,24.1282,6.9594,10.8635,28.1004,31.9210,40.1434,50.0342,138.4593,338.1087,934.8622,656.0566,4.7383,0.4196,116.0730,1
2025-07-07 08:35:00,24.2765,7.0380,10.9317,28.2487,31.9493,40.1574,50.0442,140.3835,340.5460,935.9162,654.5342,4.6625,0.4201,115.9861,1
2025-07-07 08:40:00,24.1811,6.9710,10.8413,28.1081,31.9460,39.9674,50.0000,139.8775,342.7925,934.2440,647.5115,4.6291,0.4205,115.8992,1
2025-07-07 08:45:00,24.1191,7.0426,10.8685,28.1842,31.9075,39.9993,50.0224,141.4003,340.6616,939.5385,640.5971,4.5304,0.4209,115.8123,1
2025-07-07 08:50:00,24.2528,7.0030,10.8887,28.2793,31.9988,39.7025,50.1128,138.1748,340.7315,939.4680,645.7810,4.6737,0.4214,115.7255,1
2025-07-07 08:55:00,24.4223,7.0760,10.8346,28.3609,32.1541,39.9765,49.9301,140.6658,344.7516,945.2786,628.9581,4.4713,0.4218,115.6386,1
2025-07-07 09:00:00,24.3207,6.9423,10.8480,28.2771,32.1597,40.1310,49.7934,145.0680,338.3747,942.6912,656.1139,4.5228,0.4222,115.5517,1
2025-07-07 09:05:00,24.5759,6.9262,10.8877,28.4707,32.2846,40.1076,50.0545,140.1871,343.2980,944.8607,665.1055,4.7444,0.4227,115.4648,1
2025-07-07 09:10:00,24.5775,6.9692,10.9079,28.5295,32.3189,39.9896,49.8961,140.5244,343.0461,946.5872,659.3257,4.6919,0.4231,115.3779,1
2025-07-07 09:15:00,24.7524,6.9308,10.8701,28.6306,32.4636,40.2039,49.9116,140.8029,340.5696,949.0407,662.9692,4.7085,0.4235,115.2911,1
2025-07-07 09:20:00,24.7290,6.9309,10.8491,28.7230,32.5247,39.9539,49.9786,142.5466,340.9390,952.0259,655.3121,4.5972,0.4240,115.2042,1
2025-07-07 09:25:00,24.7505,7.0311,10.8204,28.7043,32.6196,39.9141,49.9442,142.7112,340.6154,953.5733,633.1274,4.4364,0.4244,115.1173,1
2025-07-07 09:30:00,24.7579,6.9998,10.8728,28.8352,32.6792,39.9438,50.1665,143.9716,341.1915,953.6562,647.5873,4.4980,0.4248,115.0304,1
2025-07-07 09:35:00,24.9591,6.9760,10.9148,28.9166,32.6606,39.8653,49.9750,143.0799,339.8226,957.6623,657.2811,4.5938,0.4253,114.9435,1
2025-07-07 09:40:00,25.0147,6.9807,10.9501,29.0315,32.9898,40.0747,50.1741,151.7674,338.8665,964.7520,665.8818,4.3875,0.4257,114.8566,1
2025-07-07 09:45:00,25.0563,6.9701,11.0625,29.2097,33.1248,40.0346,50.0309,155.1718,338.5019,977.2827,685.8231,4.4198,0.4262,114.7698,1
2025-07-07 09:50:00,25.1277,7.0825,10.9925,29.0566,32.9378,40.0732,49.9867,152.6584,339.0754,970.8982,655.8886,4.2964,0.4266,114.6829,1
2025-07-07 09:55:00,25.1299,6.9632,11.0686,29.0580,33.0429,39.9503,50.0237,155.7584,338.3582,980.7830,686.5533,4.4078,0.4270,114.5960,1
2025-07-07 10:00:00,25.1749,6.9339,11.1117,29.0972,33.0773,39.9930,49.8063,156.3687,334.5323,982.5006,699.4044,4.4728,0.4275,114.5091,1
2025-07-07 10:05:00,25.0832,7.0398,11.1016,29.0527,33.0989,39.7386,50.0507,154.0392,339.3698,980.9031,675.6643,4.3863,0.4279,114.4222,1
2025-07-07 10:10:00,25.1029,6.9892,11.1305,29.1397,33.1227,40.0451,50.1274,155.3536,337.8813,980.2955,694.2013,4.4685,0.4283,114.3354,1
2025-07-07 10:15:00,25.1139,7.1019,11.0569,29.0826,33.0762,40.0119,50.1486,158.0027,335.2283,978.9877,662.4084,4.1924,0.4288,114.2485,1
2025-07-07 10:20:00,25.2009,6.9737,11.0803,29.1334,33.2609,39.8679,49.7972,158.5898,337.8011,984.8674,685.3488,4.3215,0.4292,114.1616,1
2025-07-07 10:25:00,25.3336,7.0423,11.1982,29.2290,33.3687,39.9874,49.7722,161.6900,337.5577,991.4275,695.6496,4.3024,0.4296,114.0747,1
2025-07-07 10:30:00,25.3151,7.0541,11.1839,29.2474,33.4997,39.9691,49.9195,163.0589,340.6758,990.5139,690.9503,4.2374,0.4301,113.9878,1
2025-07-07 10:35:00,25.4925,6.9739,11.3535,29.3062,33.6958,40.2117,50.2077,166.9626,336.6237,1003.1117,737.1901,4.4153,0.4305,113.9010,1
2025-07-07 10:40:00,25.4994,6.9629,11.3777,29.4314,33.7034,39.8727,50.0331,165.6238,338.8606,1003.0849,736.8734,4.4491,0.4309,113.8141,1
2025-07-07 10:45:00,25.4467,7.0371,11.3752,29.5021,33.6416,40.0398,49.8838,167.8075,340.3535,1004.4912,727.1073,4.3330,0.4314,113.7272,1
2025-07-07 10:50:00,25.5822,7.0287,11.2945,29.5506,33.8627,39.8691,49.7821,170.8219,335.8009,1007.0242,711.9275,4.1677,0.4318,113.6403,1
2025-07-07 10:55:00,25.6974,6.9295,11.4188,29.6901,33.9558,39.9331,49.8974,173.3169,336.5688,1014.3837,750.4390,4.3299,0.4322,113.5534,1
2025-07-07 11:00:00,25.8072,6.9436,11.4621,29.7449,34.0709,40.0332,49.8873,175.7255,339.8945,1017.3601,757.2047,4.3090,0.4327,113.4666,1
2025-07-07 11:05:00,25.8732,6.8732,11.5255,29.8401,34.2227,39.9746,50.1403,181.4174,336.3397,1031.4080,778.4899,4.2912,0.4331,113.3797,1
2025-07-07 11:10:00,25.9484,7.0298,11.4880,30.0413,34.3987,39.9993,50.1519,182.8566,336.4836,1034.4620,746.4712,4.0823,0.4335,113.2928,1
2025-07-07 11:15:00,26.0222,6.9869,11.6030,30.0281,34.5368,40.0399,49.8425,184.3639,334.6535,1041.0548,773.6977,4.1966,0.4340,113.2059,1
2025-07-07 11:20:00,26.1232,6.9919,11.5741,30.0976,34.6866,39.9408,50.1130,185.7007,336.5613,1044.5840,766.1079,4.1255,0.4344,113.1190,1
2025-07-07 11:25:00,26.2657,6.9154,11.5670,30.1814,34.7475,40.1061,50.0976,185.5032,335.2160,1047.2272,780.9267,4.2098,0.4348,113.0321,1
2025-07-07 11:30:00,26.2255,6.9451,11.6386,30.2810,35.0025,39.9633,49.8230,196.4471,330.3899,1057.7926,785.1590,3.9968,0.4353,112.9453,1
2025-07-07 11:35:00,26.2439,6.9761,11.7662,30.2213,34.9829,39.9883,49.9874,195.6377,333.1957,1060.1495,801.8216,4.0985,0.4357,112.8584,1
2025-07-07 11:40:00,26.3596,6.9664,11.7131,30.3247,35.1016,40.0434,50.0511,197.1230,331.6024,1064.1187,795.6565,4.0363,0.4361,112.7715,1
2025-07-07 11:45:00,26.3535,7.0059,11.7340,30.3992,35.0617,40.0272,50.0245,199.1185,334.3166,1064.5576,792.2090,3.9786,0.4366,112.6846,1
2025-07-07 11:50:00,26.3574,7.0292,11.6658,30.3247,34.9596,40.0773,49.7434,193.5836,332.7122,1060.4812,777.8611,4.0182,0.4370,112.5977,1
2025-07-07 11:55:00,26.4510,7.1135,11.6042,30.4709,35.0005,40.0380,50.0197,190.9048,335.9741,1063.4723,752.6461,3.9425,0.4374,112.5109,1
2025-07-07 12:00:00,26.5476,6.9990,11.7477,30.4824,35.1793,40.0563,50.0954,198.3219,333.8677,1073.4396,796.2393,4.0149,0.4379,112.4240,1
2025-07-07 12:05:00,26.5424,7.0558,11.7287,30.5450,35.1159,39.9610,50.2369,195.1051,331.7675,1065.0118,781.6637,4.0064,0.4383,112.3371,1
2025-07-07 12:10:00,26.6716,6.9585,11.6661,30.6973,35.2968,39.8717,49.8997,197.0056,333.3849,1070.9840,785.7090,3.9883,0.4387,112.2502,1
2025-07-07 12:15:00,26.6226,6.9163,11.6118,30.5914,35.4336,39.8287,49.9182,196.4532,335.5424,1071.2059,782.8613,3.9850,0.4392,112.1633,1
2025-07-07 12:20:00,26.7813,6.9824,11.7265,30.7536,35.4684,39.7995,49.9687,199.1796,336.4897,1078.2280,790.3710,3.9681,0.4396,112.0765,1
2025-07-07 12:25:00,26.8167,6.9201,11.6685,30.7252,35.4461,40.2115,50.0437,198.8491,332.3018,1076.1502,799.2684,4.0195,0.4401,111.9896,1
2025-07-07 12:30:00,26.7859,7.0007,11.6548,30.8478,35.4532,39.7345,50.0146,202.7768,331.8154,1077.4853,774.0957,3.8175,0.4405,111.9027,1
2025-07-07 12:35:00,26.6410,6.9610,11.7094,30.6386,35.3030,40.1432,50.0906,200.7457,337.5956,1072.8167,797.9285,3.9748,0.4409,111.8158,1
2025-07-07 12:40:00,26.7388,6.9023,11.7734,30.6802,35.4948,39.9015,49.8312,202.0086,333.6845,1077.0090,813.6139,4.0276,0.4414,111.7289,1
2025-07-07 12:45:00,26.7695,7.0868,11.7883,30.7083,35.6506,40.1424,50.0595,203.2872,333.6160,1089.0846,790.0254,3.8863,0.4418,111.6421,1
2025-07-07 12:50:00,26.9035,6.9731,11.7018,30.9424,35.7002,39.7357,49.8887,206.7452,331.8320,1089.4783,786.5424,3.8044,0.4422,111.5552,1
2025-07-07 12:55:00,26.9471,6.9181,11.8502,30.9139,35.7402,39.9718,49.9785,210.2413,333.2549,1093.9852,825.2442,3.9252,0.4427,111.4683,1
2025-07-07 13:00:00,27.0051,7.0449,11.9860,30.9626,35.9449,40.1745,50.2562,212.9090,335.7905,1103.4341,830.9528,3.9029,0.4431,111.3814,1
2025-07-07 13:05:00,26.9529,6.9636,11.8968,30.9628,35.9629,40.0856,49.7903,212.7521,332.9349,1098.6587,827.7798,3.8908,0.4435,111.2945,1
2025-07-07 13:10:00,27.0257,7.0545,11.9434,31.0356,36.0064,39.9595,49.9581,216.8445,334.2981,1104.7489,817.7713,3.7712,0.4440,111.2076,1
2025-07-07 13:15:00,26.9553,6.9633,12.0660,31.0017,35.9572,39.7668,49.8088,220.5072,331.7316,1106.4908,849.4029,3.8520,0.4444,111.1208,1
2025-07-07 13:20:00,27.0080,6.9730,12.0196,31.0211,36.1607,39.8413,50.0230,216.0165,329.8928,1106.9392,841.6512,3.8962,0.4448,111.0339,1
2025-07-07 13:25:00,27.0139,7.0172,12.0375,30.9365,35.8931,40.1667,50.1572,216.8938,330.5248,1105.5569,844.1033,3.8918,0.4453,110.9470,1
2025-07-07 13:30:00,26.9755,7.0297,11.8750,30.8516,35.8827,39.9582,50.0254,220.4282,329.4395,1108.2207,810.4554,3.6767,0.4457,110.8601,1
2025-07-07 13:35:00,26.8835,7.0384,12.0645,30.9605,35.9104,39.9914,49.9825,216.8217,332.3953,1107.5724,841.3907,3.8806,0.4461,110.7732,1
2025-07-07 13:40:00,26.8283,6.9955,12.1048,30.9125,35.9619,40.0340,50.1993,222.9840,333.6508,1114.0498,856.2276,3.8399,0.4466,110.6864,1
2025-07-07 13:45:00,26.8662,7.0264,12.1859,30.9688,36.0035,39.8437,50.0496,223.3545,331.6057,1112.8684,860.5280,3.8527,0.4470,110.5995,1
2025-07-07 13:50:00,26.8984,7.0373,12.1124,30.9063,36.1457,40.0489,50.1229,226.7392,329.9639,1121.5820,850.8142,3.7524,0.4474,110.5126,1
2025-07-07 13:55:00,27.0589,7.0100,12.0421,30.9733,36.2689,39.9496,50.1073,226.4603,329.1683,1120.2419,841.5172,3.7160,0.4479,110.4257,1
2025-07-07 14:00:00,27.1018,6.9929,12.1151,31.0650,36.2278,40.0352,49.5686,226.4566,331.5818,1121.3591,858.4300,3.7907,0.4483,110.3388,1
2025-07-07 14:05:00,27.0833,6.9277,12.0347,31.1124,36.1257,39.9306,49.9885,223.7372,328.9219,1118.6142,853.6219,3.8153,0.4487,110.2520,1
2025-07-07 14:10:00,27.0498,7.0300,12.0094,30.9341,36.0682,39.8112,49.8383,218.6986,329.7010,1110.1119,829.8151,3.7943,0.4492,110.1651,1
2025-07-07 14:15:00,26.9974,7.0021,12.0785,30.9429,36.1318,39.9487,49.8756,221.5618,333.3871,1114.9868,848.8972,3.8314,0.4496,110.0782,1
2025-07-07 14:20:00,26.9853,6.9793,12.0117,31.0435,36.0737,40.0769,50.2212,219.9899,331.1000,1113.1409,844.2468,3.8377,0.4500,109.9913,1
2025-07-07 14:25:00,27.0243,7.0639,12.0001,31.1013,36.0999,40.0473,49.9438,221.2145,331.0918,1116.7751,827.5011,3.7407,0.4505,109.9044,1
2025-07-07 14:30:00,26.7974,6.9286,12.0903,30.8134,35.9854,40.0037,50.2839,222.4401,330.9348,1116.5855,864.3582,3.8858,0.4509,109.8175,1
2025-07-07 14:35:00,26.8379,7.0822,12.0158,30.9010,35.9766,40.1078,49.7888,221.0423,333.0074,1110.7168,828.3103,3.7473,0.4513,109.7307,1
2025-07-07 14:40:00,26.8721,6.9989,12.0116,30.9082,35.9959,39.9756,49.8374,221.6102,331.8868,1109.7036,838.8187,3.7851,0.4518,109.6438,1
2025-07-07 14:45:00,26.9544,7.0159,12.0971,30.9031,36.0648,40.0068,50.1144,223.4376,329.9375,1112.9949,850.9432,3.8084,0.4522,109.5569,1
2025-07-07 14:50:00,26.9189,6.9802,12.0865,30.9219,36.0891,39.9424,49.9488,220.2771,330.1821,1110.8152,853.7634,3.8759,0.4526,109.4700,1
2025-07-07 14:55:00,26.8974,6.9166,12.1347,30.8022,36.0092,40.1148,50.0461,223.4553,330.7529,1117.8457,876.2226,3.9212,0.4531,109.3831,1
2025-07-07 15:00:00,26.7892,6.9930,12.0693,30.8258,36.0116,40.0350,49.9832,225.0587,331.7703,1118.4878,850.7080,3.7799,0.4535,109.2963,1
2025-07-07 15:05:00,26.7907,7.0167,12.0431,30.8499,36.0887,39.9332,49.9786,229.8136,330.5198,1120.1935,840.2039,3.6560,0.4540,109.2094,1
2025-07-07 15:10:00,26.9722,7.0338,12.1828,30.9317,36.1643,39.8213,49.9544,231.0544,330.0233,1126.6523,858.2967,3.7147,0.4544,109.1225,1
2025-07-07 15:15:00,26.7851,6.9901,12.1422,30.8677,36.2090,40.1326,50.0269,229.7757,330.4453,1124.1418,865.5243,3.7668,0.4548,109.0356,1
2025-07-07 15:20:00,26.9664,6.8904,12.1510,30.9446,36.1483,39.9107,50.0962,230.5342,330.4599,1125.1581,878.8657,3.8123,0.4553,108.9487,1
2025-07-07 15:25:00,26.8230,6.9229,12.1569,30.8933,36.1516,40.0086,50.2422,229.9631,328.7098,1128.0508,876.5644,3.8118,0.4557,108.8619,1
2025-07-07 15:30:00,26.8827,7.1026,12.1912,30.8195,36.1442,40.2823,49.9696,229.6279,332.4705,1127.7613,858.0476,3.7367,0.4561,108.7750,1
2025-07-07 15:35:00,26.9175,6.9454,12.0852,30.9761,36.1637,40.0962,49.9410,228.1958,329.7288,1126.7835,862.6784,3.7804,0.4566,108.6881,1
2025-07-07 15:40:00,26.9575,7.0714,12.0568,30.8986,36.0378,40.1933,49.9216,227.1002,331.0810,1124.1102,838.8051,3.6935,0.4570,108.6012,1
2025-07-07 15:45:00,27.0712,6.9533,12.2408,30.9527,36.1756,39.9354,50.2205,229.9020,326.2354,1125.0738,883.9101,3.8447,0.4574,108.5143,1
2025-07-07 15:50:00,26.7761,6.9909,12.1465,30.8431,36.1655,40.1285,50.1035,232.1202,329.8045,1127.7468,866.0250,3.7309,0.4579,108.4275,1
2025-07-07 15:55:00,26.9003,7.0313,12.1668,30.7957,36.1456,40.0032,49.7151,230.1972,328.2586,1128.0549,859.9717,3.7358,0.4583,108.3406,1
2025-07-07 16:00:00,26.7546,6.9590,12.1374,30.8295,36.0323,40.0439,49.7085,224.3023,329.1124,1118.3406,868.0238,3.8699,0.4587,108.2537,1
2025-07-07 16:05:00,26.9603,7.0796,12.1395,30.9419,36.0866,40.2425,49.8755,227.6940,335.8824,1119.7375,852.3589,3.7434,0.4592,108.1668,1
2025-07-07 16:10:00,26.7691,7.0038,12.1267,30.7174,35.8970,39.9666,50.0345,224.7352,331.5911,1119.2221,857.0619,3.8137,0.4596,108.0799,1
2025-07-07 16:15:00,26.9307,7.0230,12.0863,30.8548,36.0524,40.0023,49.9950,225.3209,333.6695,1120.0159,847.8430,3.7628,0.4600,107.9930,1
2025-07-07 16:20:00,26.8068,6.9866,12.1362,30.8615,36.0289,39.8916,50.0772,224.2352,332.6989,1123.6256,859.9111,3.8349,0.4605,107.9062,1
2025-07-07 16:25:00,26.8234,7.0329,12.1823,30.7465,35.9803,40.1066,49.9737,224.7548,332.8468,1120.6653,864.5015,3.8464,0.4609,107.8193,1
2025-07-07 16:30:00,26.6670,7.0789,12.0561,30.6668,35.8377,39.9327,50.2096,221.3391,331.1080,1112.5265,831.9768,3.7588,0.4613,107.7324,1
2025-07-07 16:35:00,26.6647,6.9934,11.9346,30.6509,35.6683,40.1227,50.1158,221.4263,334.7860,1111.0432,829.8821,3.7479,0.4618,107.6455,1
2025-07-07 16:40:00,26.5586,7.0865,11.9331,30.5475,35.6248,39.8020,50.0116,214.2038,333.7990,1099.8069,807.5032,3.7698,0.4622,107.5586,1
2025-07-07 16:45:00,26.5070,6.9694,11.9643,30.6346,35.5064,40.0658,50.1718,213.4928,332.4277,1103.0426,837.7214,3.9239,0.4626,107.4718,1
2025-07-07 16:50:00,26.6722,7.0382,11.8309,30.5939,35.6061,39.9228,49.7527,208.0405,333.4077,1094.2270,800.9424,3.8499,0.4631,107.3849,1
2025-07-07 16:55:00,26.6577,7.0245,11.8798,30.6758,35.5214,40.0877,49.9872,205.0614,333.1148,1093.1397,814.7551,3.9732,0.4635,107.2980,1
2025-07-07 17:00:00,26.6585,6.9466,11.7094,30.5525,35.2324,39.9984,50.0206,200.2128,334.1824,1083.5297,797.4477,3.9830,0.4639,107.2111,1
2025-07-07 17:05:00,26.6909,7.0107,11.7332,30.4971,35.3846,39.9358,50.0903,200.9279,333.8596,1085.9123,789.4592,3.9291,0.4644,107.1242,1
2025-07-07 17:10:00,26.5877,7.0004,11.7948,30.5707,35.4223,39.9536,49.7427,200.7288,334.6328,1086.1629,801.8432,3.9947,0.4648,107.0374,1
2025-07-07 17:15:00,26.5243,6.9573,11.7235,30.5223,35.2584,39.8980,49.9609,199.8408,337.3967,1083.6477,796.0111,3.9832,0.4652,106.9505,1
2025-07-07 17:20:00,26.4246,7.0179,11.7110,30.4368,35.0553,40.1005,50.0601,196.8775,331.7499,1076.7958,787.7919,4.0014,0.4657,106.8636,1
2025-07-07 17:25:00,26.4815,7.0073,11.6803,30.3157,34.9919,39.8742,50.0716,195.2106,336.9807,1077.3276,779.9807,3.9956,0.4661,106.7767,1
2025-07-07 17:30:00,26.4072,6.9964,11.5042,30.3826,34.9885,39.9680,50.1779,191.8683,334.4206,1067.5796,754.1879,3.9308,0.4666,106.6898,1
2025-07-07 17:35:00,26.3713,6.9966,11.4994,30.3064,34.7812,40.0414,50.1142,188.0349,338.2117,1065.4189,754.7292,4.0138,0.4670,106.6030,1
2025-07-07 17:40:00,26.3945,6.9955,11.5308,30.4162,34.8136,40.1936,49.9909,185.3836,335.2009,1064.7701,763.0617,4.1161,0.4674,106.5161,1
2025-07-07 17:45:00,26.4310,6.9816,11.5061,30.4326,34.9573,39.9989,50.1012,188.2702,336.5848,1065.5795,757.5591,4.0238,0.4679,106.4292,1
2025-07-07 17:50:00,26.4549,7.0070,11.5374,30.4268,34.8329,39.9709,49.9698,185.5393,335.7531,1060.4757,758.0241,4.0855,0.4683,106.3423,1
2025-07-07 17:55:00,26.3168,6.9678,11.3366,30.3700,34.6824,40.0328,50.0220,181.7151,333.0008,1055.4111,732.1183,4.0289,0.4687,106.2554,1
2025-07-07 18:00:00,26.2048,7.1328,11.3170,30.2475,34.5833,39.7512,50.1192,180.3188,340.0524,1052.5373,696.2312,3.8611,0.4692,106.1685,1
2025-07-07 18:05:00,26.0631,6.9295,11.3809,30.1343,34.3350,39.8562,49.9932,175.8581,335.1644,1043.3286,742.6580,4.2231,0.4696,106.0817,1
2025-07-07 18:10:00,25.9525,6.9708,11.2759,29.9626,34.2023,39.9550,50.0543,170.1056,338.1037,1028.6503,720.0388,4.2329,0.4700,105.9948,1
2025-07-07 18:15:00,25.7668,6.9747,11.2556,29.9781,34.0259,39.9144,50.1442,172.6426,335.5673,1026.5465,715.2597,4.1430,0.4705,105.9079,1
2025-07-07 18:20:00,25.8595,7.1020,11.2219,29.8360,34.0339,39.8079,50.1068,169.0363,335.5097,1030.4561,686.5259,4.0614,0.4709,105.8210,1
2025-07-07 18:25:00,25.9411,6.9340,11.2118,29.8398,34.0177,40.1029,50.1850,166.0393,337.9955,1019.4226,718.1119,4.3250,0.4713,105.7341,1
2025-07-07 18:30:00,25.8442,7.0213,11.1660,29.8996,34.0098,40.0312,50.3493,168.5532,336.9581,1027.3233,694.5310,4.1205,0.4718,105.6473,1
2025-07-07 18:35:00,25.8230,7.0124,11.0997,29.8254,33.8434,40.0168,50.1054,162.7543,336.3871,1019.3881,684.6556,4.2067,0.4722,105.5604,1
2025-07-07 18:40:00,25.7564,7.0167,11.0705,29.9047,33.7960,39.9167,49.9308,161.1209,339.2527,1017.6319,677.3631,4.2041,0.4726,105.4735,1
2025-07-07 18:45:00,25.7890,7.0618,11.0357,29.7943,33.7174,40.0095,50.0768,155.3201,336.9318,1006.5742,665.5431,4.2850,0.4731,105.3866,1
2025-07-07 18:50:00,25.6065,7.0608,10.8896,29.5104,33.5092,40.0617,50.0703,153.9859,340.4922,1002.4307,642.0855,4.1698,0.4735,105.2997,1
2025-07-07 18:55:00,25.6794,6.9775,11.0077,29.7830,33.6436,39.9682,50.0920,160.3315,339.4208,1009.9579,674.2929,4.2056,0.4739,105.2129,1
2025-07-07 19:00:00,25.5745,7.0097,10.9850,29.5552,33.4552,40.0533,50.2243,155.1122,334.8801,1009.7703,666.5134,4.2970,0.4744,105.1260,1
2025-07-07 19:05:00,25.4677,6.9068,10.9152,29.5548,33.3256,39.9045,49.7474,152.9975,339.6302,995.1622,669.5682,4.3763,0.4748,105.0391,1
2025-07-07 19:10:00,25.2887,7.0050,10.8843,29.2932,33.2394,40.0117,50.2271,149.6612,341.6914,994.2946,649.7422,4.3414,0.4752,104.9522,1
2025-07-07 19:15:00,25.4060,6.9603,10.8719,29.3728,33.1998,40.1371,50.2776,149.0290,338.5095,988.8185,657.2076,4.4099,0.4757,104.8653,1
2025-07-07 19:20:00,25.2935,6.9907,10.9788,29.2532,33.2146,40.1478,50.0852,149.5264,341.5211,993.0179,670.2336,4.4824,0.4761,104.7785,1
2025-07-07 19:25:00,25.2456,6.9157,10.8378,29.2899,33.0937,40.1593,50.0888,150.0055,341.7821,987.3432,659.3277,4.3954,0.4765,104.6916,1
2025-07-07 19:30:00,25.2047,7.0202,10.8517,29.2689,33.0464,40.0343,49.9638,148.2018,338.8688,987.4816,642.0881,4.3325,0.4770,104.6047,1
2025-07-07 19:35:00,25.0318,6.9152,10.8230,29.1236,32.9758,40.0038,50.0009,148.3397,340.5847,986.0770,654.3918,4.4114,0.4774,104.5178,1
2025-07-07 19:40:00,25.0098,7.0074,10.7963,28.9457,32.7589,39.9461,50.1047,144.6930,342.8336,981.0486,633.5525,4.3786,0.4778,104.4309,1
2025-07-07 19:45:00,25.0632,6.9387,10.8069,28.9797,32.6896,39.7831,50.0950,142.7510,339.8451,974.2674,644.1768,4.5126,0.4783,104.3440,1
2025-07-07 19:50:00,24.9957,6.9575,10.8129,28.9765,32.7718,39.8386,50.1081,143.1382,341.0572,973.5655,642.9477,4.4918,0.4787,104.2572,1
2025-07-07 19:55:00,24.8646,7.0577,10.8426,28.9585,32.6257,39.9798,50.0940,144.0738,343.6410,973.7281,633.4263,4.3965,0.4791,104.1703,1
2025-07-07 20:00:00,24.9081,7.0294,10.8912,28.9463,32.6872,39.9870,50.1348,147.9141,339.2102,979.3460,646.4168,4.3702,0.4796,104.0834,1
2025-07-07 20:05:00,24.9168,7.0575,10.9624,28.9269,32.7628,40.1695,50.1180,144.8563,341.8901,979.0157,656.6097,4.5328,0.4800,103.9965,1
2025-07-07 20:10:00,24.8766,7.0780,10.8160,28.7696,32.6262,40.1578,49.8463,146.0390,338.8509,972.4787,628.3597,4.3027,0.4805,103.9096,1
2025-07-07 20:15:00,24.8380,6.9614,10.7222,28.8130,32.5140,39.9176,50.1248,142.7325,341.0959,972.4616,628.4193,4.4028,0.4809,103.8228,1
2025-07-07 20:20:00,24.5865,7.0749,10.7983,28.8664,32.4234,40.0982,50.2788,144.3857,341.9235,970.7967,624.9687,4.3285,0.4813,103.7359,1
2025-07-07 20:25:00,24.5766,6.9267,10.8628,28.6316,32.2539,39.9428,49.9960,147.5060,335.8373,972.1150,658.1201,4.4617,0.4818,103.6490,1
2025-07-07 20:30:00,24.4301,7.0373,10.8292,28.3316,32.3799,40.0819,50.2249,143.6820,339.7411,966.4415,636.2166,4.4279,0.4822,103.5621,1
2025-07-07 20:35:00,24.4848,6.9753,10.8308,28.5590,32.3151,40.0967,49.8624,140.5692,342.0894,966.1256,647.1275,4.6036,0.4826,103.4752,1
2025-07-07 20:40:00,24.4524,6.9535,10.8691,28.5084,32.1541,40.1491,49.9955,141.7942,341.8430,961.7532,658.0680,4.6410,0.4831,103.3884,1
2025-07-07 20:45:00,24.2935,7.0307,10.8676,28.2639,31.9918,39.9409,49.9038,139.8469,340.4751,959.6885,641.5016,4.5872,0.4835,103.3015,1
2025-07-07 20:50:00,24.1828,7.0472,10.7629,28.2418,31.8640,40.1217,50.2069,136.0423,339.7423,953.7025,624.0398,4.5871,0.4839,103.2146,1
2025-07-07 20:55:00,24.1824,7.0458,10.7992,28.1339,31.7280,39.7753,50.2461,133.0047,343.5798,949.1850,624.9426,4.6987,0.4844,103.1277,1
2025-07-07 21:00:00,24.1983,7.0107,10.7201,28.1878,31.7580,40.1555,49.9851,138.9348,341.3047,956.1515,623.5096,4.4878,0.4848,103.0408,1
2025-07-07 21:05:00,24.0667,7.0066,10.6615,28.0069,31.6421,39.9970,50.1757,137.3299,342.9974,948.3447,611.9375,4.4560,0.4852,102.9540,1
2025-07-07 21:10:00,23.9049,7.0263,10.7643,28.0077,31.4567,39.9996,50.2476,134.8885,342.9245,946.0460,625.8687,4.6399,0.4857,102.8671,1
2025-07-07 21:15:00,23.7701,7.0152,10.5532,27.8162,31.2820,39.7555,49.9951,133.3703,341.8118,933.7028,588.7808,4.4146,0.4861,102.7802,1
2025-07-07 21:20:00,23.7430,7.0271,10.5605,27.6449,31.2351,39.9534,50.0195,129.4822,345.2346,931.1191,590.9485,4.5639,0.4865,102.6933,1
2025-07-07 21:25:00,23.5650,7.0102,10.5344,27.6968,30.9909,40.1627,50.1100,125.8784,342.6359,919.6955,592.4925,4.7069,0.4870,102.6064,1
2025-07-07 21:30:00,23.7310,7.0421,10.5005,27.6006,31.1023,39.9488,49.8736,122.9784,346.2279,922.2438,578.3307,4.7027,0.4874,102.5195,1
2025-07-07 21:35:00,23.6210,6.9186,10.4502,27.6015,31.0272,40.0856,50.0165,120.6647,346.8658,919.1155,592.5837,4.9110,0.4878,102.4327,1
2025-07-07 21:40:00,23.5431,6.9934,10.4016,27.5193,30.8982,40.0041,50.3214,122.2339,346.3161,917.4623,570.7166,4.6691,0.4883,102.3458,1
2025-07-07 21:45:00,23.4430,6.9308,10.4799,27.6356,30.8829,40.1275,49.9250,122.8775,343.6926,914.4898,596.1469,4.8516,0.4887,102.2589,1
2025-07-07 21:50:00,23.4395,7.0138,10.5288,27.4126,30.8196,40.0230,50.1281,123.3221,349.1627,913.1502,588.8788,4.7751,0.4891,102.1720,1
2025-07-07 21:55:00,23.3302,7.0821,10.4448,27.1918,30.6067,39.8882,50.0786,118.2917,344.6574,910.0057,561.4742,4.7465,0.4896,102.0851,1
2025-07-07 22:00:00,23.1319,6.9763,10.3472,27.1697,30.5292,40.0068,49.9754,117.7754,345.2877,901.8672,564.5151,4.7931,0.4900,101.9983,1
2025-07-07 22:05:00,23.1874,7.0064,10.2580,27.1853,30.4569,40.1921,50.0332,114.9159,345.3222,894.4951,547.0726,4.7606,0.4904,101.9114,1
2025-07-07 22:10:00,23.0501,7.0378,10.3221,27.0848,30.3593,40.0597,50.2629,116.2905,342.7601,896.9975,550.7459,4.7360,0.4909,101.8245,1
2025-07-07 22:15:00,22.8905,6.8966,10.3787,27.0365,30.0506,39.9860,50.0830,114.3304,347.6388,893.5879,582.8350,5.0978,0.4913,101.7376,1
2025-07-07 22:20:00,22.8648,6.9739,10.3444,26.8924,30.0017,40.2707,50.1065,113.4858,344.1654,889.6047,568.1770,5.0066,0.4917,101.6507,1
2025-07-07 22:25:00,22.6132,7.0182,10.2982,26.7327,29.9344,40.1391,50.2401,112.3085,347.0592,888.5947,551.1057,4.9071,0.4922,101.5639,1
2025-07-07 22:30:00,22.6690,6.8552,10.2562,26.6071,29.9132,40.0980,49.9566,113.7813,347.3049,888.6079,570.8662,5.0172,0.4926,101.4770,1
2025-07-07 22:35:00,22.6016,6.9512,10.3364,26.6019,29.6186,40.0381,49.8430,110.3031,346.6141,879.5354,567.3628,5.1437,0.4930,101.3901,1
2025-07-07 22:40:00,22.5919,7.0550,10.2629,26.5015,29.6094,40.0876,50.2653,110.2745,344.0864,879.8773,538.2921,4.8814,0.4935,101.3032,1
2025-07-07 22:45:00,22.6183,7.0501,10.3349,26.5659,29.8351,40.0915,50.0205,110.8031,344.8480,884.2705,551.2586,4.9751,0.4939,101.2163,1
2025-07-07 22:50:00,22.5085,7.0187,10.3087,26.5027,29.7116,39.7381,50.1340,112.2851,339.7975,882.5192,547.2720,4.8740,0.4944,101.1295,1
2025-07-07 22:55:00,22.4639,7.0441,10.2585,26.4331,29.5981,40.0474,49.8857,110.2528,345.2359,879.7234,538.8592,4.8875,0.4948,101.0426,1
2025-07-07 23:00:00,22.4944,7.0108,10.2538,26.4863,29.5693,39.9807,50.0583,107.1244,347.5824,873.9972,542.7497,5.0665,0.4952,100.9557,1
2025-07-07 23:05:00,22.4955,7.0278,10.3604,26.4567,29.5985,39.9400,49.8355,110.0938,345.5319,875.7912,557.1740,5.0609,0.4957,100.8688,1
2025-07-07 23:10:00,22.4747,6.9842,10.2908,26.5516,29.5965,39.9765,50.0096,108.2975,344.7371,878.5929,553.3341,5.1094,0.4961,100.7819,1
2025-07-07 23:15:00,22.4889,7.0058,10.2457,26.4316,29.5699,39.8133,49.9028,108.2834,345.4412,871.4983,539.9541,4.9865,0.4965,100.6950,1
2025-07-07 23:20:00,22.5590,6.9684,10.3046,26.3890,29.5585,39.7834,49.8684,108.2743,348.0742,876.5891,555.5943,5.1314,0.4970,100.6082,1
2025-07-07 23:25:00,22.3929,7.0632,10.1585,26.3158,29.4221,40.1496,49.9545,109.4508,345.8689,871.9361,520.2159,4.7530,0.4974,100.5213,1
2025-07-07 23:30:00,22.2947,7.0761,10.1747,26.3724,29.5305,40.0555,49.6560,107.5001,349.8190,874.6311,519.5466,4.8330,0.4978,100.4344,1
2025-07-07 23:35:00,22.1473,7.0690,10.0177,26.2182,29.2417,39.7104,49.8260,102.6618,345.6828,859.9667,490.1556,4.7745,0.4983,100.3475,1
2025-07-07 23:40:00,22.1433,6.9796,10.1678,26.0768,29.0313,39.9308,50.1174,99.7139,347.7697,857.0277,532.9056,5.3443,0.4987,100.2606,1
2025-07-07 23:45:00,22.0891,6.9523,10.1095,26.0687,28.9614,40.1057,50.0521,99.0140,346.8660,855.3893,530.0364,5.3531,0.4991,100.1738,1
2025-07-07 23:50:00,22.0975,7.0638,10.0286,26.0731,28.9977,39.9664,49.8389,94.0851,352.0818,851.9627,495.9940,5.2718,0.4996,100.0869,1
2025-07-07 23:55:00,21.9500,7.0272,9.9429,26.0462,28.8036,40.1494,50.0822,93.0210,348.8942,844.3344,490.0259,5.2679,0.5000,100.0000,1
